SET @OLD_UNIQUE_CHECKS=@@UNIQUE_CHECKS, UNIQUE_CHECKS=0;
SET @OLD_FOREIGN_KEY_CHECKS=@@FOREIGN_KEY_CHECKS, FOREIGN_KEY_CHECKS=0;
SET @OLD_SQL_MODE=@@SQL_MODE, SQL_MODE='TRADITIONAL';

DROP SCHEMA IF EXISTS `SocialCup` ;
CREATE SCHEMA IF NOT EXISTS `SocialCup` DEFAULT CHARACTER SET utf8 ;
SHOW WARNINGS;
USE `SocialCup` ;

-- -----------------------------------------------------
-- Table `country`
-- -----------------------------------------------------
DROP TABLE IF EXISTS `country` ;

SHOW WARNINGS;
CREATE  TABLE IF NOT EXISTS `country` (
  `id` VARCHAR(36) NOT NULL ,
  `name` VARCHAR(100) NOT NULL ,
  PRIMARY KEY (`id`) )
ENGINE = InnoDB;

SHOW WARNINGS;

-- -----------------------------------------------------
-- Table `city`
-- -----------------------------------------------------
DROP TABLE IF EXISTS `city` ;

SHOW WARNINGS;
CREATE  TABLE IF NOT EXISTS `city` (
  `id` VARCHAR(36) NOT NULL ,
  `name` VARCHAR(100) NOT NULL ,
  `country_id` VARCHAR(36) NOT NULL ,
  PRIMARY KEY (`id`) )
ENGINE = InnoDB;

SHOW WARNINGS;

-- -----------------------------------------------------
-- Table `user`
-- -----------------------------------------------------
DROP TABLE IF EXISTS `user` ;

SHOW WARNINGS;
CREATE  TABLE IF NOT EXISTS `user` (
  `id` VARCHAR(36) NOT NULL ,
  `name` VARCHAR(100) NOT NULL ,
  `birthday` DATE NOT NULL ,
  `genre` SET('M', 'F') NOT NULL ,
  `username` VARCHAR(50) NOT NULL ,
  `password` VARCHAR(80) NOT NULL ,
  `score` INT(5) NULL DEFAULT NULL ,
  `city_id` VARCHAR(36) NOT NULL ,
  PRIMARY KEY (`id`, `city_id`) )
ENGINE = InnoDB;

SHOW WARNINGS;

-- -----------------------------------------------------
-- Table `interest`
-- -----------------------------------------------------
DROP TABLE IF EXISTS `interest` ;

SHOW WARNINGS;
CREATE  TABLE IF NOT EXISTS `interest` (
  `id` VARCHAR(36) NOT NULL ,
  `name` VARCHAR(150) NOT NULL ,
  PRIMARY KEY (`id`) )
ENGINE = InnoDB;

SHOW WARNINGS;

-- -----------------------------------------------------
-- Table `stadium`
-- -----------------------------------------------------
DROP TABLE IF EXISTS `stadium` ;

SHOW WARNINGS;
CREATE  TABLE IF NOT EXISTS `stadium` (
  `id` VARCHAR(36) NOT NULL ,
  `name` VARCHAR(100) NOT NULL ,
  `city_id` VARCHAR(36) NOT NULL ,
  PRIMARY KEY (`id`, `city_id`) )
ENGINE = InnoDB;

SHOW WARNINGS;

-- -----------------------------------------------------
-- Table `match`
-- -----------------------------------------------------
DROP TABLE IF EXISTS `match` ;

SHOW WARNINGS;
CREATE  TABLE IF NOT EXISTS `match` (
  `id` VARCHAR(36) NOT NULL ,
  `date` DATE NOT NULL ,
  `hour` TIME NOT NULL ,
  `stadium_id` VARCHAR(36) NOT NULL ,
  `country_a_id` VARCHAR(36) NOT NULL ,
  `country_b_id` VARCHAR(36) NOT NULL ,
  PRIMARY KEY (`id`, `stadium_id`, `country_a_id`, `country_b_id`) )
ENGINE = InnoDB;

SHOW WARNINGS;
CREATE UNIQUE INDEX `ix_match` ON `match` (`date` ASC, `hour` ASC) ;

SHOW WARNINGS;

-- -----------------------------------------------------
-- Table `user_has_match`
-- -----------------------------------------------------
DROP TABLE IF EXISTS `user_has_match` ;

SHOW WARNINGS;
CREATE  TABLE IF NOT EXISTS `user_has_match` (
  `user_id` VARCHAR(36) NOT NULL ,
  `match_id` VARCHAR(36) NOT NULL ,
  PRIMARY KEY (`user_id`, `match_id`) )
ENGINE = InnoDB;

SHOW WARNINGS;

-- -----------------------------------------------------
-- Table `user_has_interest`
-- -----------------------------------------------------
DROP TABLE IF EXISTS `user_has_interest` ;

SHOW WARNINGS;
CREATE  TABLE IF NOT EXISTS `user_has_interest` (
  `user_id` VARCHAR(36) NOT NULL ,
  `interest_id` VARCHAR(36) NOT NULL ,
  PRIMARY KEY (`user_id`, `interest_id`) )
ENGINE = InnoDB;

SHOW WARNINGS;

-- -----------------------------------------------------
-- Table `user_has_user`
-- -----------------------------------------------------
DROP TABLE IF EXISTS `user_has_user` ;

SHOW WARNINGS;
CREATE  TABLE IF NOT EXISTS `user_has_user` (
  `user_a_id` VARCHAR(36) NOT NULL ,
  `user_b_id` VARCHAR(36) NOT NULL ,
  `date_time` DATETIME NOT NULL ,
  PRIMARY KEY (`user_a_id`, `user_b_id`) )
ENGINE = InnoDB;

SHOW WARNINGS;

-- -----------------------------------------------------
-- Placeholder table for view `vw_self_user`
-- -----------------------------------------------------
CREATE TABLE IF NOT EXISTS `vw_self_user` (`id` INT, `name` INT, `birthday` INT, `genre` INT, `username` INT, `password` INT, `score` INT, `interest_id` INT, `interest_name` INT, `city_id` INT, `city_name` INT, `country_id` INT, `country_name` INT);
SHOW WARNINGS;

-- -----------------------------------------------------
-- Placeholder table for view `vw_other_user`
-- -----------------------------------------------------
CREATE TABLE IF NOT EXISTS `vw_other_user` (`id` INT, `username` INT, `genre` INT, `birthday` INT, `interest_id` INT, `interest_name` INT, `country_id` INT, `country_name` INT);
SHOW WARNINGS;

-- -----------------------------------------------------
-- Placeholder table for view `vw_user_score`
-- -----------------------------------------------------
CREATE TABLE IF NOT EXISTS `vw_user_score` (`id` INT, `name` INT, `score` INT);
SHOW WARNINGS;

-- -----------------------------------------------------
-- Placeholder table for view `vw_meetings`
-- -----------------------------------------------------
CREATE TABLE IF NOT EXISTS `vw_meetings` (`id` INT, `name` INT, `met_id` INT, `met_name` INT, `date_time` INT);
SHOW WARNINGS;

-- -----------------------------------------------------
-- Placeholder table for view `vw_matches`
-- -----------------------------------------------------
CREATE TABLE IF NOT EXISTS `vw_matches` (`id` INT, `name` INT, `team_a` INT, `team_B` INT, `stadium_name` INT, `city_name` INT, `city_id` INT, `match_id` INT, `date` INT, `hour` INT);
SHOW WARNINGS;

-- -----------------------------------------------------
-- procedure routine1
-- -----------------------------------------------------

-- USE `SocialCup`;
-- DROP procedure IF EXISTS `routine1`;
-- SHOW WARNINGS;
-- USE `SocialCup`$$
-- CREATE PROCEDURE `routine1` ()
-- BEGIN

-- END$$
-- SHOW WARNINGS;

-- -----------------------------------------------------
-- View `vw_user_interests`
-- -----------------------------------------------------
DROP VIEW IF EXISTS `vw_user_interests` ;
SHOW WARNINGS;
DROP TABLE IF EXISTS `vw_user_interests`;
SHOW WARNINGS;
USE `SocialCup`;
CREATE  OR REPLACE VIEW `vw_user_interests` AS
SELECT us.id, us.username, us.genre, us.birthday, it.id AS interest_id, it.name AS interest_name
	FROM user AS us
	LEFT JOIN user_has_interest AS ui ON (ui.user_id = us.id)
	LEFT JOIN interest AS it ON (ui.interest_id = it.id);
SHOW WARNINGS;

-- -----------------------------------------------------
-- View `vw_self_user`
-- -----------------------------------------------------
DROP VIEW IF EXISTS `vw_self_user` ;
SHOW WARNINGS;
DROP TABLE IF EXISTS `vw_self_user`;
SHOW WARNINGS;
USE `SocialCup`;
CREATE  OR REPLACE VIEW `vw_self_user` AS
	SELECT us.id AS id,
            us.name AS name,
            us.birthday AS birthday,
            us.genre AS genre,
            us.username AS username,
            us.password AS password,
            us.score AS score,
            it.id AS interest_id,
            it.name AS interest_name,
            ci.id AS city_id,
            ci.name AS city_name,
            co.id AS country_id,
            co.name AS country_name
	FROM user AS us
	INNER JOIN city AS ci ON (us.city_id = ci.id)
	INNER JOIN country AS co ON (ci.country_id = co.id)
	LEFT JOIN user_has_interest AS ui ON (ui.user_id = us.id)
	LEFT JOIN interest AS it ON (ui.interest_id = it.id)
	LEFT JOIN user_has_match AS um ON (um.user_id = us.id)
	LEFT JOIN `match` AS ma ON (um.match_id = ma.id)
	LEFT JOIN stadium AS st ON (ma.stadium_id = st.id)
	LEFT JOIN city AS cist ON (st.city_id = cist.id);
SHOW WARNINGS;

-- -----------------------------------------------------
-- View `vw_other_user`
-- -----------------------------------------------------
DROP VIEW IF EXISTS `vw_other_user` ;
SHOW WARNINGS;
DROP TABLE IF EXISTS `vw_other_user`;
SHOW WARNINGS;
USE `SocialCup`;
CREATE  OR REPLACE VIEW `vw_other_user` AS
SELECT us.id, us.username, us.genre, us.birthday, it.id AS interest_id, it.name AS interest_name, co.id AS country_id, co.name AS country_name
	FROM user AS us
	INNER JOIN city AS ci ON (us.city_id = ci.id)
	INNER JOIN country AS co ON (ci.country_id = co.id)
	LEFT JOIN user_has_interest AS ui ON (ui.user_id = us.id)
	LEFT JOIN interest AS it ON (ui.interest_id = it.id)
	LEFT JOIN user_has_match AS um ON (um.user_id = us.id)
	LEFT JOIN `match` AS ma ON (um.match_id = ma.id)
	LEFT JOIN stadium AS st ON (ma.stadium_id = st.id)
	LEFT JOIN city AS cist ON (st.city_id = cist.id);
SHOW WARNINGS;

-- -----------------------------------------------------
-- View `vw_user_score`
-- -----------------------------------------------------
DROP VIEW IF EXISTS `vw_user_score` ;
SHOW WARNINGS;
DROP TABLE IF EXISTS `vw_user_score`;
SHOW WARNINGS;
USE `SocialCup`;
CREATE  OR REPLACE VIEW `vw_user_score` AS
SELECT us.id, us.name, COUNT(uu.user_b_id) AS score
FROM user AS us LEFT JOIN user_has_user AS uu ON (us.id = uu.user_a_id)
GROUP BY us.id, us.name;
SHOW WARNINGS;

-- -----------------------------------------------------
-- View `vw_meetings`
-- -----------------------------------------------------
DROP VIEW IF EXISTS `vw_meetings` ;
SHOW WARNINGS;
DROP TABLE IF EXISTS `vw_meetings`;
SHOW WARNINGS;
USE `SocialCup`;
CREATE  OR REPLACE VIEW `vw_meetings` AS
SELECT us.id, us.name, ub.id AS met_id, ub.name AS met_name, uu.date_time
FROM user AS us
LEFT JOIN user_has_user AS uu ON (us.id = uu.user_a_id)
LEFT JOIN user AS ub ON (ub.id = uu.user_b_id);
SHOW WARNINGS;

-- -----------------------------------------------------
-- View `vw_matches`
-- -----------------------------------------------------
DROP VIEW IF EXISTS `vw_matches` ;
SHOW WARNINGS;
DROP TABLE IF EXISTS `vw_matches`;
SHOW WARNINGS;
USE `SocialCup`;
CREATE  OR REPLACE VIEW `vw_matches` AS
SELECT us.id,
	us.name,
	ca.name AS team_a,
	cb.name AS team_B,
	st.name AS stadium_name,
	ci.name AS city_name,
	ci.id AS city_id,
	ma.id AS match_id,
	ma.date,
	ma.hour
FROM user AS us
INNER JOIN user_has_match AS um ON (us.id = um.user_id)
INNER JOIN `match` AS ma ON (ma.id = um.match_id)
INNER JOIN stadium AS st ON (ma.stadium_id = st.id)
INNER JOIN city AS ci ON (ci.id = st.city_id)
INNER JOIN country AS ca ON (ca.id = ma.country_a_id)
INNER JOIN country AS cb ON (ca.id = ma.country_b_id);
SHOW WARNINGS;
USE `SocialCup`;

DELIMITER $$

USE `SocialCup`$$
DROP TRIGGER IF EXISTS `tg_increment_user_score` $$
SHOW WARNINGS$$
USE `SocialCup`$$
CREATE TRIGGER tg_increment_user_score AFTER INSERT ON `user_has_user`
	FOR EACH ROW
	BEGIN
		UPDATE user
			SET score = (score + 1)
		WHERE `user`.id = NEW.user_a_id OR `user`.id = NEW.user_b_id;
	END;$$

SHOW WARNINGS$$

USE `SocialCup`$$
DROP TRIGGER IF EXISTS `tg_check_user_hasnt_itself` $$
SHOW WARNINGS$$
USE `SocialCup`$$
CREATE TRIGGER tg_check_user_hasnt_itself BEFORE INSERT ON `user_has_user`

	FOR EACH ROW
	BEGIN
		IF NEW.user_a_id = NEW.user_b_id THEN
			SET NEW ='YOU CANNOT MEET YOURSELF';
		END IF;
	END;$$

SHOW WARNINGS$$

DELIMITER ;

-- -----------------------------------------------------
-- Inserts
-- -----------------------------------------------------
INSERT INTO country(id, name) VALUES('Afghanistan','Afghanistan');INSERT INTO city(id, name, country_id) VALUES('Kabul','Kabul','Afghanistan');
INSERT INTO country(id, name) VALUES('Albania','Albania');INSERT INTO city(id, name, country_id) VALUES('Tirana','Tirana','Albania');
INSERT INTO country(id, name) VALUES('Algeria','Algeria');INSERT INTO city(id, name, country_id) VALUES('Algiers','Algiers','Algeria');
INSERT INTO country(id, name) VALUES('Andorra','Andorra');INSERT INTO city(id, name, country_id) VALUES('Andorra la Vella','Andorra la Vella','Andorra');
INSERT INTO country(id, name) VALUES('Angola','Angola');INSERT INTO city(id, name, country_id) VALUES('Luanda','Luanda','Angola');
INSERT INTO country(id, name) VALUES('Antigua and Barbuda','Antigua and Barbuda');INSERT INTO city(id, name, country_id) VALUES('Saint John s','Saint John s','Antigua and Barbuda');
INSERT INTO country(id, name) VALUES('Argentina','Argentina');INSERT INTO city(id, name, country_id) VALUES('Buenos Aires','Buenos Aires','Argentina');
INSERT INTO country(id, name) VALUES('Armenia','Armenia');INSERT INTO city(id, name, country_id) VALUES('Yerevan','Yerevan','Armenia');
INSERT INTO country(id, name) VALUES('Australia','Australia');INSERT INTO city(id, name, country_id) VALUES('Canberra','Canberra','Australia');
INSERT INTO country(id, name) VALUES('Austria','Austria');INSERT INTO city(id, name, country_id) VALUES('Vienna','Vienna','Austria');
INSERT INTO country(id, name) VALUES('Azerbaijan','Azerbaijan');INSERT INTO city(id, name, country_id) VALUES('Baku','Baku','Azerbaijan');
INSERT INTO country(id, name) VALUES('The Bahamas','The Bahamas');INSERT INTO city(id, name, country_id) VALUES('Nassau','Nassau','The Bahamas');
INSERT INTO country(id, name) VALUES('Bahrain','Bahrain');INSERT INTO city(id, name, country_id) VALUES('Manama','Manama','Bahrain');
INSERT INTO country(id, name) VALUES('Bangladesh','Bangladesh');INSERT INTO city(id, name, country_id) VALUES('Dhaka','Dhaka','Bangladesh');
INSERT INTO country(id, name) VALUES('Barbados','Barbados');INSERT INTO city(id, name, country_id) VALUES('Bridgetown','Bridgetown','Barbados');
INSERT INTO country(id, name) VALUES('Belarus','Belarus');INSERT INTO city(id, name, country_id) VALUES('Minsk','Minsk','Belarus');
INSERT INTO country(id, name) VALUES('Belgium','Belgium');INSERT INTO city(id, name, country_id) VALUES('Brussels','Brussels','Belgium');
INSERT INTO country(id, name) VALUES('Belize','Belize');INSERT INTO city(id, name, country_id) VALUES('Belmopan','Belmopan','Belize');
INSERT INTO country(id, name) VALUES('Benin','Benin');INSERT INTO city(id, name, country_id) VALUES('Porto-Novo','Porto-Novo','Benin');
INSERT INTO country(id, name) VALUES('Bhutan','Bhutan');INSERT INTO city(id, name, country_id) VALUES('Thimphu','Thimphu','Bhutan');
INSERT INTO country(id, name) VALUES('Bolivia','Bolivia');INSERT INTO city(id, name, country_id) VALUES('La Paz (administrative)','La Paz (administrative)','Bolivia');
INSERT INTO country(id, name) VALUES('Bosnia and Herzegovina','Bosnia and Herzegovina');INSERT INTO city(id, name, country_id) VALUES('Sarajevo','Sarajevo','Bosnia and Herzegovina');
INSERT INTO country(id, name) VALUES('Botswana','Botswana');INSERT INTO city(id, name, country_id) VALUES('Gaborone','Gaborone','Botswana');
INSERT INTO country(id, name) VALUES('Brazil','Brazil');INSERT INTO city(id, name, country_id) VALUES('Brasilia','Brasilia','Brazil');

INSERT INTO city(id, name, country_id) VALUES('Salvador','Salvador','Brazil');
INSERT INTO city(id, name, country_id) VALUES('Rio de Janeiro','Rio de Janeiro','Brazil');
INSERT INTO city(id, name, country_id) VALUES('Belo Horizonte','Belo Horizonte','Brazil');
INSERT INTO city(id, name, country_id) VALUES('Curitiba','Curitiba','Brazil');
INSERT INTO city(id, name, country_id) VALUES('Cuiba','Cuiabá','Brazil');
INSERT INTO city(id, name, country_id) VALUES('Fortaleza','Fortaleza','Brazil');
INSERT INTO city(id, name, country_id) VALUES('Manaus','Manaus','Brazil');
INSERT INTO city(id, name, country_id) VALUES('Porto Alegre','Porto Alegre','Brazil');
INSERT INTO city(id, name, country_id) VALUES('Natal','Natal','Brazil');
INSERT INTO city(id, name, country_id) VALUES('Recife','Recife','Brazil');
INSERT INTO city(id, name, country_id) VALUES('Sao Paulo','São Paulo','Brazil');

INSERT INTO country(id, name) VALUES('Brunei','Brunei');INSERT INTO city(id, name, country_id) VALUES('Bandar Seri Begawan','Bandar Seri Begawan','Brunei');
INSERT INTO country(id, name) VALUES('Bulgaria','Bulgaria');INSERT INTO city(id, name, country_id) VALUES('Sofia','Sofia','Bulgaria');
INSERT INTO country(id, name) VALUES('Burkina Faso','Burkina Faso');INSERT INTO city(id, name, country_id) VALUES('Ouagadougou','Ouagadougou','Burkina Faso');
INSERT INTO country(id, name) VALUES('Burundi','Burundi');INSERT INTO city(id, name, country_id) VALUES('Bujumbura','Bujumbura','Burundi');
INSERT INTO country(id, name) VALUES('Cambodia','Cambodia');INSERT INTO city(id, name, country_id) VALUES('Phnom Penh','Phnom Penh','Cambodia');
INSERT INTO country(id, name) VALUES('Cameroon','Cameroon');INSERT INTO city(id, name, country_id) VALUES('Yaounde','Yaounde','Cameroon');
INSERT INTO country(id, name) VALUES('Canada','Canada');INSERT INTO city(id, name, country_id) VALUES('Ottawa','Ottawa','Canada');
INSERT INTO country(id, name) VALUES('Cape Verde','Cape Verde');INSERT INTO city(id, name, country_id) VALUES('Praia','Praia','Cape Verde');
INSERT INTO country(id, name) VALUES('Central African Republic','Central African Republic');INSERT INTO city(id, name, country_id) VALUES('Bangui','Bangui','Central African Republic');
INSERT INTO country(id, name) VALUES('Chad','Chad');INSERT INTO city(id, name, country_id) VALUES('N Djamena','N Djamena','Chad');
INSERT INTO country(id, name) VALUES('Chile','Chile');INSERT INTO city(id, name, country_id) VALUES('Santiago','Santiago','Chile');
INSERT INTO country(id, name) VALUES('China','China');INSERT INTO city(id, name, country_id) VALUES('Beijing','Beijing','China');
INSERT INTO country(id, name) VALUES('Colombia','Colombia');INSERT INTO city(id, name, country_id) VALUES('Bogota','Bogota','Colombia');
INSERT INTO country(id, name) VALUES('Comoros','Comoros');INSERT INTO city(id, name, country_id) VALUES('Moroni','Moroni','Comoros');
INSERT INTO country(id, name) VALUES('Congo, Republic of the','Congo, Republic of the');INSERT INTO city(id, name, country_id) VALUES('Brazzaville','Brazzaville','Congo, Republic of the');
INSERT INTO country(id, name) VALUES('Congo, Democratic Republic of the','Congo, Democratic Republic of the');INSERT INTO city(id, name, country_id) VALUES('Kinshasa','Kinshasa','Congo, Democratic Republic of the');
INSERT INTO country(id, name) VALUES('Costa Rica','Costa Rica');INSERT INTO city(id, name, country_id) VALUES('San Jose','San Jose','Costa Rica');
INSERT INTO country(id, name) VALUES('Cote d Ivoire','Cote d Ivoire');INSERT INTO city(id, name, country_id) VALUES('Yamoussoukro (official)','Yamoussoukro (official)','Cote d Ivoire');
INSERT INTO country(id, name) VALUES('Croatia','Croatia');INSERT INTO city(id, name, country_id) VALUES('Zagreb','Zagreb','Croatia');
INSERT INTO country(id, name) VALUES('Cuba','Cuba');INSERT INTO city(id, name, country_id) VALUES('Havana','Havana','Cuba');
INSERT INTO country(id, name) VALUES('Cyprus','Cyprus');INSERT INTO city(id, name, country_id) VALUES('Nicosia','Nicosia','Cyprus');
INSERT INTO country(id, name) VALUES('Czech Republic','Czech Republic');INSERT INTO city(id, name, country_id) VALUES('Prague','Prague','Czech Republic');
INSERT INTO country(id, name) VALUES('Denmark','Denmark');INSERT INTO city(id, name, country_id) VALUES('Copenhagen','Copenhagen','Denmark');
INSERT INTO country(id, name) VALUES('Djibouti','Djibouti');INSERT INTO city(id, name, country_id) VALUES('Djibouti','Djibouti','Djibouti');
INSERT INTO country(id, name) VALUES('Dominica','Dominica');INSERT INTO city(id, name, country_id) VALUES('Roseau','Roseau','Dominica');
INSERT INTO country(id, name) VALUES('Dominican Republic','Dominican Republic');INSERT INTO city(id, name, country_id) VALUES('Santo Domingo','Santo Domingo','Dominican Republic');
INSERT INTO country(id, name) VALUES('Ecuador','Ecuador');INSERT INTO city(id, name, country_id) VALUES('Quito','Quito','Ecuador');
INSERT INTO country(id, name) VALUES('Egypt','Egypt');INSERT INTO city(id, name, country_id) VALUES('Cairo','Cairo','Egypt');
INSERT INTO country(id, name) VALUES('El Salvador','El Salvador');INSERT INTO city(id, name, country_id) VALUES('San Salvador','San Salvador','El Salvador');
INSERT INTO country(id, name) VALUES('Equatorial Guinea','Equatorial Guinea');INSERT INTO city(id, name, country_id) VALUES('Malabo','Malabo','Equatorial Guinea');
INSERT INTO country(id, name) VALUES('Eritrea','Eritrea');INSERT INTO city(id, name, country_id) VALUES('Asmara','Asmara','Eritrea');
INSERT INTO country(id, name) VALUES('Estonia','Estonia');INSERT INTO city(id, name, country_id) VALUES('Tallinn','Tallinn','Estonia');
INSERT INTO country(id, name) VALUES('Ethiopia','Ethiopia');INSERT INTO city(id, name, country_id) VALUES('Addis Ababa','Addis Ababa','Ethiopia');
INSERT INTO country(id, name) VALUES('Fiji','Fiji');INSERT INTO city(id, name, country_id) VALUES('Suva','Suva','Fiji');
INSERT INTO country(id, name) VALUES('Finland','Finland');INSERT INTO city(id, name, country_id) VALUES('Helsinki','Helsinki','Finland');
INSERT INTO country(id, name) VALUES('France','France');INSERT INTO city(id, name, country_id) VALUES('Paris','Paris','France');
INSERT INTO country(id, name) VALUES('Gabon','Gabon');INSERT INTO city(id, name, country_id) VALUES('Libreville','Libreville','Gabon');
INSERT INTO country(id, name) VALUES('The Gambia','The Gambia');INSERT INTO city(id, name, country_id) VALUES('Banjul','Banjul','The Gambia');
INSERT INTO country(id, name) VALUES('Georgia','Georgia');INSERT INTO city(id, name, country_id) VALUES('Tbilisi','Tbilisi','Georgia');
INSERT INTO country(id, name) VALUES('Germany','Germany');INSERT INTO city(id, name, country_id) VALUES('Berlin','Berlin','Germany');
INSERT INTO country(id, name) VALUES('Ghana','Ghana');INSERT INTO city(id, name, country_id) VALUES('Accra','Accra','Ghana');
INSERT INTO country(id, name) VALUES('Greece','Greece');INSERT INTO city(id, name, country_id) VALUES('Athens','Athens','Greece');
INSERT INTO country(id, name) VALUES('Grenada','Grenada');INSERT INTO city(id, name, country_id) VALUES('Saint George s','Saint George s','Grenada');
INSERT INTO country(id, name) VALUES('Guatemala','Guatemala');INSERT INTO city(id, name, country_id) VALUES('Guatemala City','Guatemala City','Guatemala');
INSERT INTO country(id, name) VALUES('Guinea','Guinea');INSERT INTO city(id, name, country_id) VALUES('Conakry','Conakry','Guinea');
INSERT INTO country(id, name) VALUES('Guinea-Bissau','Guinea-Bissau');INSERT INTO city(id, name, country_id) VALUES('Bissau','Bissau','Guinea-Bissau');
INSERT INTO country(id, name) VALUES('Guyana','Guyana');INSERT INTO city(id, name, country_id) VALUES('Georgetown','Georgetown','Guyana');
INSERT INTO country(id, name) VALUES('Honduras','Honduras');INSERT INTO city(id, name, country_id) VALUES('Tegucigalpa','Tegucigalpa','Honduras');
INSERT INTO country(id, name) VALUES('Hungary','Hungary');INSERT INTO city(id, name, country_id) VALUES('Budapest','Budapest','Hungary');
INSERT INTO country(id, name) VALUES('Iceland','Iceland');INSERT INTO city(id, name, country_id) VALUES('Reykjavik','Reykjavik','Iceland');
INSERT INTO country(id, name) VALUES('India','India');INSERT INTO city(id, name, country_id) VALUES('New Delhi','New Delhi','India');
INSERT INTO country(id, name) VALUES('Indonesia','Indonesia');INSERT INTO city(id, name, country_id) VALUES('Jakarta','Jakarta','Indonesia');
INSERT INTO country(id, name) VALUES('Iran','Iran');INSERT INTO city(id, name, country_id) VALUES('Tehran','Tehran','Iran');
INSERT INTO country(id, name) VALUES('Iraq','Iraq');INSERT INTO city(id, name, country_id) VALUES('Baghdad','Baghdad','Iraq');
INSERT INTO country(id, name) VALUES('Ireland','Ireland');INSERT INTO city(id, name, country_id) VALUES('Dublin','Dublin','Ireland');
INSERT INTO country(id, name) VALUES('Israel','Israel');INSERT INTO city(id, name, country_id) VALUES('Jerusalem','Jerusalem','Israel');
INSERT INTO country(id, name) VALUES('Italy','Italy');INSERT INTO city(id, name, country_id) VALUES('Rome','Rome','Italy');
INSERT INTO country(id, name) VALUES('Jamaica','Jamaica');INSERT INTO city(id, name, country_id) VALUES('Kingston','Kingston','Jamaica');
INSERT INTO country(id, name) VALUES('Japan','Japan');INSERT INTO city(id, name, country_id) VALUES('Tokyo','Tokyo','Japan');
INSERT INTO country(id, name) VALUES('Jordan','Jordan');INSERT INTO city(id, name, country_id) VALUES('Amman','Amman','Jordan');
INSERT INTO country(id, name) VALUES('Kazakhstan','Kazakhstan');INSERT INTO city(id, name, country_id) VALUES('Astana','Astana','Kazakhstan');
INSERT INTO country(id, name) VALUES('Kenya','Kenya');INSERT INTO city(id, name, country_id) VALUES('Nairobi','Nairobi','Kenya');
INSERT INTO country(id, name) VALUES('Kiribati','Kiribati');INSERT INTO city(id, name, country_id) VALUES('Tarawa Atoll','Tarawa Atoll','Kiribati');
INSERT INTO country(id, name) VALUES('Korea, North','Korea, North');INSERT INTO city(id, name, country_id) VALUES('Pyongyang','Pyongyang','Korea, North');
INSERT INTO country(id, name) VALUES('Korea, South','Korea, South');INSERT INTO city(id, name, country_id) VALUES('Seoul','Seoul','Korea, South');
INSERT INTO country(id, name) VALUES('Kosovo','Kosovo');INSERT INTO city(id, name, country_id) VALUES('Pristina','Pristina','Kosovo');
INSERT INTO country(id, name) VALUES('Kuwait','Kuwait');INSERT INTO city(id, name, country_id) VALUES('Kuwait City','Kuwait City','Kuwait');
INSERT INTO country(id, name) VALUES('Kyrgyzstan','Kyrgyzstan');INSERT INTO city(id, name, country_id) VALUES('Bishkek','Bishkek','Kyrgyzstan');
INSERT INTO country(id, name) VALUES('Laos','Laos');INSERT INTO city(id, name, country_id) VALUES('Vientiane','Vientiane','Laos');
INSERT INTO country(id, name) VALUES('Latvia','Latvia');INSERT INTO city(id, name, country_id) VALUES('Riga','Riga','Latvia');
INSERT INTO country(id, name) VALUES('Lebanon','Lebanon');INSERT INTO city(id, name, country_id) VALUES('Beirut','Beirut','Lebanon');
INSERT INTO country(id, name) VALUES('Lesotho','Lesotho');INSERT INTO city(id, name, country_id) VALUES('Maseru','Maseru','Lesotho');
INSERT INTO country(id, name) VALUES('Liberia','Liberia');INSERT INTO city(id, name, country_id) VALUES('Monrovia','Monrovia','Liberia');
INSERT INTO country(id, name) VALUES('Libya','Libya');INSERT INTO city(id, name, country_id) VALUES('Tripoli','Tripoli','Libya');
INSERT INTO country(id, name) VALUES('Liechtenstein','Liechtenstein');INSERT INTO city(id, name, country_id) VALUES('Vaduz','Vaduz','Liechtenstein');
INSERT INTO country(id, name) VALUES('Lithuania','Lithuania');INSERT INTO city(id, name, country_id) VALUES('Vilnius','Vilnius','Lithuania');
INSERT INTO country(id, name) VALUES('Luxembourg','Luxembourg');INSERT INTO city(id, name, country_id) VALUES('Luxembourg','Luxembourg','Luxembourg');
INSERT INTO country(id, name) VALUES('Macedonia','Macedonia');INSERT INTO city(id, name, country_id) VALUES('Skopje','Skopje','Macedonia');
INSERT INTO country(id, name) VALUES('Madagascar','Madagascar');INSERT INTO city(id, name, country_id) VALUES('Antananarivo','Antananarivo','Madagascar');
INSERT INTO country(id, name) VALUES('Malawi','Malawi');INSERT INTO city(id, name, country_id) VALUES('Lilongwe','Lilongwe','Malawi');
INSERT INTO country(id, name) VALUES('Malaysia','Malaysia');INSERT INTO city(id, name, country_id) VALUES('Kuala Lumpur','Kuala Lumpur','Malaysia');
INSERT INTO country(id, name) VALUES('Maldives','Maldives');INSERT INTO city(id, name, country_id) VALUES('Male','Male','Maldives');
INSERT INTO country(id, name) VALUES('Mali','Mali');INSERT INTO city(id, name, country_id) VALUES('Bamako','Bamako','Mali');
INSERT INTO country(id, name) VALUES('Malta','Malta');INSERT INTO city(id, name, country_id) VALUES('Valletta','Valletta','Malta');
INSERT INTO country(id, name) VALUES('Marshall Islands','Marshall Islands');INSERT INTO city(id, name, country_id) VALUES('Majuro','Majuro','Marshall Islands');
INSERT INTO country(id, name) VALUES('Mauritania','Mauritania');INSERT INTO city(id, name, country_id) VALUES('Nouakchott','Nouakchott','Mauritania');
INSERT INTO country(id, name) VALUES('Mauritius','Mauritius');INSERT INTO city(id, name, country_id) VALUES('Port Louis','Port Louis','Mauritius');
INSERT INTO country(id, name) VALUES('Mexico','Mexico');INSERT INTO city(id, name, country_id) VALUES('Mexico City','Mexico City','Mexico');
INSERT INTO country(id, name) VALUES('Micronesia, Federated States of','Micronesia, Federated States of');INSERT INTO city(id, name, country_id) VALUES('Palikir','Palikir','Micronesia, Federated States of');
INSERT INTO country(id, name) VALUES('Moldova','Moldova');INSERT INTO city(id, name, country_id) VALUES('Chisinau','Chisinau','Moldova');
INSERT INTO country(id, name) VALUES('Monaco','Monaco');INSERT INTO city(id, name, country_id) VALUES('Monaco','Monaco','Monaco');
INSERT INTO country(id, name) VALUES('Mongolia','Mongolia');INSERT INTO city(id, name, country_id) VALUES('Ulaanbaatar','Ulaanbaatar','Mongolia');
INSERT INTO country(id, name) VALUES('Montenegro','Montenegro');INSERT INTO city(id, name, country_id) VALUES('Podgorica','Podgorica','Montenegro');
INSERT INTO country(id, name) VALUES('Morocco','Morocco');INSERT INTO city(id, name, country_id) VALUES('Rabat','Rabat','Morocco');
INSERT INTO country(id, name) VALUES('Mozambique','Mozambique');INSERT INTO city(id, name, country_id) VALUES('Maputo','Maputo','Mozambique');
INSERT INTO country(id, name) VALUES('Myanmar (Burma)','Myanmar (Burma)');INSERT INTO city(id, name, country_id) VALUES('Rangoon (Yangon)','Rangoon (Yangon)','Myanmar (Burma)');
INSERT INTO country(id, name) VALUES('Namibia','Namibia');INSERT INTO city(id, name, country_id) VALUES('Windhoek','Windhoek','Namibia');
INSERT INTO country(id, name) VALUES('Nauru','Nauru');INSERT INTO city(id, name, country_id) VALUES('no official capital','no official capital','Nauru');
INSERT INTO country(id, name) VALUES('Nepal','Nepal');INSERT INTO city(id, name, country_id) VALUES('Kathmandu','Kathmandu','Nepal');
INSERT INTO country(id, name) VALUES('Netherlands','Netherlands');INSERT INTO city(id, name, country_id) VALUES('Amsterdam','Amsterdam','Netherlands');
INSERT INTO country(id, name) VALUES('New Zealand','New Zealand');INSERT INTO city(id, name, country_id) VALUES('Wellington','Wellington','New Zealand');
INSERT INTO country(id, name) VALUES('Nicaragua','Nicaragua');INSERT INTO city(id, name, country_id) VALUES('Managua','Managua','Nicaragua');
INSERT INTO country(id, name) VALUES('Niger','Niger');INSERT INTO city(id, name, country_id) VALUES('Niamey','Niamey','Niger');
INSERT INTO country(id, name) VALUES('Nigeria','Nigeria');INSERT INTO city(id, name, country_id) VALUES('Abuja','Abuja','Nigeria');
INSERT INTO country(id, name) VALUES('Norway','Norway');INSERT INTO city(id, name, country_id) VALUES('Oslo','Oslo','Norway');
INSERT INTO country(id, name) VALUES('Oman','Oman');INSERT INTO city(id, name, country_id) VALUES('Muscat','Muscat','Oman');
INSERT INTO country(id, name) VALUES('Pakistan','Pakistan');INSERT INTO city(id, name, country_id) VALUES('Islamabad','Islamabad','Pakistan');
INSERT INTO country(id, name) VALUES('Palau','Palau');INSERT INTO city(id, name, country_id) VALUES('Melekeok','Melekeok','Palau');
INSERT INTO country(id, name) VALUES('Panama','Panama');INSERT INTO city(id, name, country_id) VALUES('Panama City','Panama City','Panama');
INSERT INTO country(id, name) VALUES('Papua New Guinea','Papua New Guinea');INSERT INTO city(id, name, country_id) VALUES('Port Moresby','Port Moresby','Papua New Guinea');
INSERT INTO country(id, name) VALUES('Paraguay','Paraguay');INSERT INTO city(id, name, country_id) VALUES('Asuncion','Asuncion','Paraguay');
INSERT INTO country(id, name) VALUES('Peru','Peru');INSERT INTO city(id, name, country_id) VALUES('Lima','Lima','Peru');
INSERT INTO country(id, name) VALUES('Philippines','Philippines');INSERT INTO city(id, name, country_id) VALUES('Manila','Manila','Philippines');
INSERT INTO country(id, name) VALUES('Poland','Poland');INSERT INTO city(id, name, country_id) VALUES('Warsaw','Warsaw','Poland');
INSERT INTO country(id, name) VALUES('Portugal','Portugal');INSERT INTO city(id, name, country_id) VALUES('Lisbon','Lisbon','Portugal');
INSERT INTO country(id, name) VALUES('Qatar','Qatar');INSERT INTO city(id, name, country_id) VALUES('Doha','Doha','Qatar');
INSERT INTO country(id, name) VALUES('Romania','Romania');INSERT INTO city(id, name, country_id) VALUES('Bucharest','Bucharest','Romania');
INSERT INTO country(id, name) VALUES('Russia','Russia');INSERT INTO city(id, name, country_id) VALUES('Moscow','Moscow','Russia');
INSERT INTO country(id, name) VALUES('Rwanda','Rwanda');INSERT INTO city(id, name, country_id) VALUES('Kigali','Kigali','Rwanda');
INSERT INTO country(id, name) VALUES('Saint Kitts and Nevis','Saint Kitts and Nevis');INSERT INTO city(id, name, country_id) VALUES('Basseterre','Basseterre','Saint Kitts and Nevis');
INSERT INTO country(id, name) VALUES('Saint Lucia','Saint Lucia');INSERT INTO city(id, name, country_id) VALUES('Castries','Castries','Saint Lucia');
INSERT INTO country(id, name) VALUES('Saint Vincent and the Grenadines','Saint Vincent and the Grenadines');INSERT INTO city(id, name, country_id) VALUES('Kingstown','Kingstown','Saint Vincent and the Grenadines');
INSERT INTO country(id, name) VALUES('Samoa','Samoa');INSERT INTO city(id, name, country_id) VALUES('Apia','Apia','Samoa');
INSERT INTO country(id, name) VALUES('San Marino','San Marino');INSERT INTO city(id, name, country_id) VALUES('San Marino','San Marino','San Marino');
INSERT INTO country(id, name) VALUES('Sao Tome and Principe','Sao Tome and Principe');INSERT INTO city(id, name, country_id) VALUES('Sao Tome','Sao Tome','Sao Tome and Principe');
INSERT INTO country(id, name) VALUES('Saudi Arabia','Saudi Arabia');INSERT INTO city(id, name, country_id) VALUES('Riyadh','Riyadh','Saudi Arabia');
INSERT INTO country(id, name) VALUES('Senegal','Senegal');INSERT INTO city(id, name, country_id) VALUES('Dakar','Dakar','Senegal');
INSERT INTO country(id, name) VALUES('Serbia','Serbia');INSERT INTO city(id, name, country_id) VALUES('Belgrade','Belgrade','Serbia');
INSERT INTO country(id, name) VALUES('Seychelles','Seychelles');INSERT INTO city(id, name, country_id) VALUES('Victoria','Victoria','Seychelles');
INSERT INTO country(id, name) VALUES('Sierra Leone','Sierra Leone');INSERT INTO city(id, name, country_id) VALUES('Freetown','Freetown','Sierra Leone');
INSERT INTO country(id, name) VALUES('Singapore','Singapore');INSERT INTO city(id, name, country_id) VALUES('Singapore','Singapore','Singapore');
INSERT INTO country(id, name) VALUES('Slovakia','Slovakia');INSERT INTO city(id, name, country_id) VALUES('Bratislava','Bratislava','Slovakia');
INSERT INTO country(id, name) VALUES('Slovenia','Slovenia');INSERT INTO city(id, name, country_id) VALUES('Ljubljana','Ljubljana','Slovenia');
INSERT INTO country(id, name) VALUES('Solomon Islands','Solomon Islands');INSERT INTO city(id, name, country_id) VALUES('Honiara','Honiara','Solomon Islands');
INSERT INTO country(id, name) VALUES('Somalia','Somalia');INSERT INTO city(id, name, country_id) VALUES('Mogadishu','Mogadishu','Somalia');
INSERT INTO country(id, name) VALUES('South Africa','South Africa');INSERT INTO city(id, name, country_id) VALUES('Pretoria (administrative)','Pretoria (administrative)','South Africa');
INSERT INTO country(id, name) VALUES('South Sudan','South Sudan');INSERT INTO city(id, name, country_id) VALUES('Juba (Relocating to Ramciel)','Juba (Relocating to Ramciel)','South Sudan');
INSERT INTO country(id, name) VALUES('Spain','Spain');INSERT INTO city(id, name, country_id) VALUES('Madrid','Madrid','Spain');
INSERT INTO country(id, name) VALUES('Sri Lanka','Sri Lanka');INSERT INTO city(id, name, country_id) VALUES('Colombo','Colombo','Sri Lanka');
INSERT INTO country(id, name) VALUES('Sudan','Sudan');INSERT INTO city(id, name, country_id) VALUES('Khartoum','Khartoum','Sudan');
INSERT INTO country(id, name) VALUES('Suriname','Suriname');INSERT INTO city(id, name, country_id) VALUES('Paramaribo','Paramaribo','Suriname');
INSERT INTO country(id, name) VALUES('Swaziland','Swaziland');INSERT INTO city(id, name, country_id) VALUES('Mbabane','Mbabane','Swaziland');
INSERT INTO country(id, name) VALUES('Sweden','Sweden');INSERT INTO city(id, name, country_id) VALUES('Stockholm','Stockholm','Sweden');
INSERT INTO country(id, name) VALUES('Switzerland','Switzerland');INSERT INTO city(id, name, country_id) VALUES('Bern','Bern','Switzerland');
INSERT INTO country(id, name) VALUES('Syria','Syria');INSERT INTO city(id, name, country_id) VALUES('Damascus','Damascus','Syria');
INSERT INTO country(id, name) VALUES('Taiwan','Taiwan');INSERT INTO city(id, name, country_id) VALUES('Taipei','Taipei','Taiwan');
INSERT INTO country(id, name) VALUES('Tajikistan','Tajikistan');INSERT INTO city(id, name, country_id) VALUES('Dushanbe','Dushanbe','Tajikistan');
INSERT INTO country(id, name) VALUES('Tanzania','Tanzania');INSERT INTO city(id, name, country_id) VALUES('Dar es Salaam','Dar es Salaam','Tanzania');
INSERT INTO country(id, name) VALUES('Thailand','Thailand');INSERT INTO city(id, name, country_id) VALUES('Bangkok','Bangkok','Thailand');
INSERT INTO country(id, name) VALUES('Togo','Togo');INSERT INTO city(id, name, country_id) VALUES('Lome','Lome','Togo');
INSERT INTO country(id, name) VALUES('Tonga','Tonga');INSERT INTO city(id, name, country_id) VALUES('Nuku alofa','Nuku alofa','Tonga');
INSERT INTO country(id, name) VALUES('Trinidad and Tobago','Trinidad and Tobago');INSERT INTO city(id, name, country_id) VALUES('Port-of-Spain','Port-of-Spain','Trinidad and Tobago');
INSERT INTO country(id, name) VALUES('Tunisia','Tunisia');INSERT INTO city(id, name, country_id) VALUES('Tunis','Tunis','Tunisia');
INSERT INTO country(id, name) VALUES('Turkey','Turkey');INSERT INTO city(id, name, country_id) VALUES('Ankara','Ankara','Turkey');
INSERT INTO country(id, name) VALUES('Turkmenistan','Turkmenistan');INSERT INTO city(id, name, country_id) VALUES('Ashgabat','Ashgabat','Turkmenistan');
INSERT INTO country(id, name) VALUES('Tuvalu','Tuvalu');INSERT INTO city(id, name, country_id) VALUES('Vaiaku village, Funafuti province','Vaiaku village, Funafuti province','Tuvalu');
INSERT INTO country(id, name) VALUES('Uganda','Uganda');INSERT INTO city(id, name, country_id) VALUES('Kampala','Kampala','Uganda');
INSERT INTO country(id, name) VALUES('Ukraine','Ukraine');INSERT INTO city(id, name, country_id) VALUES('Kyiv','Kyiv','Ukraine');
INSERT INTO country(id, name) VALUES('United Arab Emirates','United Arab Emirates');INSERT INTO city(id, name, country_id) VALUES('Abu Dhabi','Abu Dhabi','United Arab Emirates');
INSERT INTO country(id, name) VALUES('United Kingdom','United Kingdom');INSERT INTO city(id, name, country_id) VALUES('London','London','United Kingdom');
INSERT INTO country(id, name) VALUES('United States of America','United States of America');INSERT INTO city(id, name, country_id) VALUES('Washington D.C.','Washington D.C.','United States of America');
INSERT INTO country(id, name) VALUES('Uruguay','Uruguay');INSERT INTO city(id, name, country_id) VALUES('Montevideo','Montevideo','Uruguay');
INSERT INTO country(id, name) VALUES('Uzbekistan','Uzbekistan');INSERT INTO city(id, name, country_id) VALUES('Tashkent','Tashkent','Uzbekistan');
INSERT INTO country(id, name) VALUES('Vanuatu','Vanuatu');INSERT INTO city(id, name, country_id) VALUES('Port-Vila','Port-Vila','Vanuatu');
INSERT INTO country(id, name) VALUES('Vatican City ','Vatican City ');INSERT INTO city(id, name, country_id) VALUES('Vatican City','Vatican City','Vatican City ');
INSERT INTO country(id, name) VALUES('Venezuela','Venezuela');INSERT INTO city(id, name, country_id) VALUES('Caracas','Caracas','Venezuela');
INSERT INTO country(id, name) VALUES('Vietnam','Vietnam');INSERT INTO city(id, name, country_id) VALUES('Hanoi','Hanoi','Vietnam');
INSERT INTO country(id, name) VALUES('Yemen','Yemen');INSERT INTO city(id, name, country_id) VALUES('Sanaa','Sanaa','Yemen');
INSERT INTO country(id, name) VALUES('Zambia','Zambia');INSERT INTO city(id, name, country_id) VALUES('Lusaka','Lusaka','Zambia');
INSERT INTO country(id, name) VALUES('Zimbabwe','Zimbabwe');INSERT INTO city(id, name, country_id) VALUES('Harare','Harare','Zimbabwe');

INSERT INTO user (id, city_id, name, birthday, genre, username, password, score) VALUES ('78A3BD25-6A99-4FEB-CFDA-35DE80932EEF', 'Luxembourg','Sophia','1948-5-2', 'F' ,'Sophia','123456','12');
INSERT INTO user (id, city_id, name, birthday, genre, username, password, score) VALUES ('1EB01F12-5098-4837-8EB8-B55452C6184E', 'Vienna','Emma','1985-12-17', 'F' ,'Emma','123456','80');
INSERT INTO user (id, city_id, name, birthday, genre, username, password, score) VALUES ('C7BEE87A-F280-2318-6252-12677E713CEE', 'Brasilia','Isabella','1982-8-19', 'F' ,'Isabella','123456','92');
INSERT INTO user (id, city_id, name, birthday, genre, username, password, score) VALUES ('CCA94C5E-40F3-0BBE-CBA5-ABFD1750B308', 'Vatican City','Olivia','1982-3-14', 'F' ,'Olivia','123456','95');
INSERT INTO user (id, city_id, name, birthday, genre, username, password, score) VALUES ('4F620999-FE5D-F530-5C5B-383D6BF3B6EA', 'Havana','Ava','1974-12-26', 'F' ,'Ava','123456','50');
INSERT INTO user (id, city_id, name, birthday, genre, username, password, score) VALUES ('5A0C2484-B2D2-E755-9E05-9A0DDDE5A889', 'Victoria','Lily','1987-9-1', 'F' ,'Lily','123456','38');
INSERT INTO user (id, city_id, name, birthday, genre, username, password, score) VALUES ('56CE573E-900C-DC06-0309-99A9B9C5BF72', 'Valletta','Chloe','1967-12-21', 'F' ,'Chloe','123456','45');
INSERT INTO user (id, city_id, name, birthday, genre, username, password, score) VALUES ('9EB95156-E8F2-2D56-6979-0B7E29E82313', 'Tokyo','Madison','1986-5-13', 'F' ,'Madison','123456','43');
INSERT INTO user (id, city_id, name, birthday, genre, username, password, score) VALUES ('424554F5-8AA4-7689-F987-A2F4448628AE', 'Ankara','Emily','1953-3-2', 'F' ,'Emily','123456','31');
INSERT INTO user (id, city_id, name, birthday, genre, username, password, score) VALUES ('62C59B2C-EFDB-8C9D-29BA-FDD5FF1EF737', 'Kuwait City','Abigail','1993-9-15', 'F' ,'Abigail','123456','65');
INSERT INTO user (id, city_id, name, birthday, genre, username, password, score) VALUES ('F797CB7A-9A05-3A56-040A-B66680E0B180', 'Guatemala City','Addison','1964-2-17', 'F' ,'Addison','123456','31');
INSERT INTO user (id, city_id, name, birthday, genre, username, password, score) VALUES ('906FA218-2E8E-92EA-700D-C3EBD25B7E77', 'La Paz (administrative)','Mia','1944-3-1', 'F' ,'Mia','123456','100');
INSERT INTO user (id, city_id, name, birthday, genre, username, password, score) VALUES ('A97E3154-A08A-1359-EB39-9B39250F8035', 'Sofia','Madelyn','1962-8-27', 'F' ,'Madelyn','123456','16');
INSERT INTO user (id, city_id, name, birthday, genre, username, password, score) VALUES ('AB8FD8F9-4819-BFDB-C878-29AFDBDA0A0D', 'Khartoum','Ella','1961-12-16', 'F' ,'Ella','123456','41');
INSERT INTO user (id, city_id, name, birthday, genre, username, password, score) VALUES ('116487B3-E1F3-187E-2607-F2B59F0530EB', 'Nassau','Hailey','1994-2-17', 'F' ,'Hailey','123456','0');
INSERT INTO user (id, city_id, name, birthday, genre, username, password, score) VALUES ('1FE0A150-1494-976B-EC63-26BDB232678A', 'Tokyo','Kaylee','1990-1-20', 'F' ,'Kaylee','123456','50');
INSERT INTO user (id, city_id, name, birthday, genre, username, password, score) VALUES ('CB9ED083-B89B-99D7-5C96-65E6F9EEB8EE', 'Vaiaku village, Funafuti province','Avery','1958-11-17', 'F' ,'Avery','123456','22');
INSERT INTO user (id, city_id, name, birthday, genre, username, password, score) VALUES ('E5F67B7A-424A-D02F-17DD-DB33564FC356', 'Ashgabat','Kaitlyn','1989-1-13', 'F' ,'Kaitlyn','123456','11');
INSERT INTO user (id, city_id, name, birthday, genre, username, password, score) VALUES ('9B80517E-4D80-679B-0D79-6139B818BA29', 'Bissau','Riley','1963-4-21', 'F' ,'Riley','123456','46');
INSERT INTO user (id, city_id, name, birthday, genre, username, password, score) VALUES ('F202E730-834A-5450-80FC-1E91B5E64D96', 'Tarawa Atoll','Aubrey','1989-9-13', 'F' ,'Aubrey','123456','59');
INSERT INTO user (id, city_id, name, birthday, genre, username, password, score) VALUES ('83A6782F-0604-6ABA-4DA6-7DB3A1461E46', 'Pyongyang','Brooklyn','1986-6-20', 'F' ,'Brooklyn','123456','49');
INSERT INTO user (id, city_id, name, birthday, genre, username, password, score) VALUES ('5B51142B-CBFD-EC8F-FB97-E3F15F5F036C', 'Budapest','Peyton','1977-5-15', 'F' ,'Peyton','123456','79');
INSERT INTO user (id, city_id, name, birthday, genre, username, password, score) VALUES ('BED0B0B3-DC46-270A-F1A6-F7EB9E200D3C', 'Rangoon (Yangon)','Layla','1941-9-19', 'F' ,'Layla','123456','64');
INSERT INTO user (id, city_id, name, birthday, genre, username, password, score) VALUES ('67E40F3D-1727-FE40-848B-E1B5B4532840', 'Tbilisi','Hannah','1988-7-18', 'F' ,'Hannah','123456','43');
INSERT INTO user (id, city_id, name, birthday, genre, username, password, score) VALUES ('BA010AE7-2507-6475-D233-70BB577F6BF8', 'Bishkek','Charlotte','1981-9-22', 'F' ,'Charlotte','123456','10');
INSERT INTO user (id, city_id, name, birthday, genre, username, password, score) VALUES ('112907EE-5EC0-51C0-CA51-78F7343F120F', 'Niamey','Bella','1951-5-24', 'F' ,'Bella','123456','81');
INSERT INTO user (id, city_id, name, birthday, genre, username, password, score) VALUES ('436FFA7F-340B-311C-3627-A254B61D5C79', 'Gaborone','Natalie','1964-6-7', 'F' ,'Natalie','123456','95');
INSERT INTO user (id, city_id, name, birthday, genre, username, password, score) VALUES ('B74ABF89-2298-A61A-E041-2BD940D831E9', 'Cairo','Sarah','1980-10-9', 'F' ,'Sarah','123456','17');
INSERT INTO user (id, city_id, name, birthday, genre, username, password, score) VALUES ('7D43380E-E23D-30BB-542A-F3F6C64055C7', 'Apia','Grace','1944-4-25', 'F' ,'Grace','123456','92');
INSERT INTO user (id, city_id, name, birthday, genre, username, password, score) VALUES ('1110B745-985F-B124-CB2E-71B6912E07BB', 'Ottawa','Amelia','1968-8-12', 'F' ,'Amelia','123456','96');
INSERT INTO user (id, city_id, name, birthday, genre, username, password, score) VALUES ('2BCE0AB1-A220-CF4F-4472-949DF48022B8', 'Podgorica','Kylie','1986-11-20', 'F' ,'Kylie','123456','37');
INSERT INTO user (id, city_id, name, birthday, genre, username, password, score) VALUES ('AE37DA94-8A40-7B59-99B8-6930A14DF920', 'Oslo','Arianna','1984-10-21', 'F' ,'Arianna','123456','45');
INSERT INTO user (id, city_id, name, birthday, genre, username, password, score) VALUES ('732D82FD-F6FA-7ED0-2C96-3C05796BC720', 'Singapore','Anna','1970-2-27', 'F' ,'Anna','123456','21');
INSERT INTO user (id, city_id, name, birthday, genre, username, password, score) VALUES ('5D7A5B3A-2B15-89F6-EE50-665BA36B9611', 'Moroni','Elizabeth','1988-7-1', 'F' ,'Elizabeth','123456','80');
INSERT INTO user (id, city_id, name, birthday, genre, username, password, score) VALUES ('AE8D3305-73DD-53F7-DBE1-6CA48EDF1F5F', 'Manama','Sophie','1950-4-3', 'F' ,'Sophie','123456','3');
INSERT INTO user (id, city_id, name, birthday, genre, username, password, score) VALUES ('819AA817-0CB1-6DF3-20CF-CF835E1793F9', 'Kingston','Claire','1940-7-19', 'F' ,'Claire','123456','74');
INSERT INTO user (id, city_id, name, birthday, genre, username, password, score) VALUES ('5424E3A7-A8CE-679A-EED7-2FA107458B84', 'Saint George s','Lila','1974-4-18', 'F' ,'Lila','123456','86');
INSERT INTO user (id, city_id, name, birthday, genre, username, password, score) VALUES ('FFCB10C1-731E-5EC7-8ADD-D61E8E3999E2', 'Kingstown','Aaliyah','1940-2-19', 'F' ,'Aaliyah','123456','81');
INSERT INTO user (id, city_id, name, birthday, genre, username, password, score) VALUES ('1452406E-6AB8-3569-332A-816966FF01FC', 'Nassau','Gabriella','1946-4-26', 'F' ,'Gabriella','123456','8');
INSERT INTO user (id, city_id, name, birthday, genre, username, password, score) VALUES ('472020F4-FDBF-83DA-5F1F-6D6FE45601D1', 'Ouagadougou','Elise','1946-12-18', 'F' ,'Elise','123456','13');
INSERT INTO user (id, city_id, name, birthday, genre, username, password, score) VALUES ('02B331FB-D3E3-2502-9F6F-CF627C1C0C57', 'Maseru','Lillian','1962-4-12', 'F' ,'Lillian','123456','38');
INSERT INTO user (id, city_id, name, birthday, genre, username, password, score) VALUES ('1483DF14-81F7-08E8-21E8-AB9219D2458F', 'Bandar Seri Begawan','Samantha','1964-6-27', 'F' ,'Samantha','123456','91');
INSERT INTO user (id, city_id, name, birthday, genre, username, password, score) VALUES ('5C8808D8-1313-ECAB-1A05-D080FA6A4C93', 'Accra','Makayla','1978-10-5', 'F' ,'Makayla','123456','9');
INSERT INTO user (id, city_id, name, birthday, genre, username, password, score) VALUES ('F291386A-0EFD-6E79-EE78-2630C70D8271', 'Manila','Audrey','1941-5-7', 'F' ,'Audrey','123456','8');
INSERT INTO user (id, city_id, name, birthday, genre, username, password, score) VALUES ('26C7CC39-3558-90E5-5B81-ABB97ACCFC0B', 'Vatican City','Alyssa','1943-10-11', 'F' ,'Alyssa','123456','87');
INSERT INTO user (id, city_id, name, birthday, genre, username, password, score) VALUES ('71DA7647-499A-64E8-1727-41D4BDB5B51A', 'Dhaka','Ellie','1965-2-23', 'F' ,'Ellie','123456','22');
INSERT INTO user (id, city_id, name, birthday, genre, username, password, score) VALUES ('C1180E36-D9B8-D644-9739-B576446C6CBC', 'Georgetown','Alexis','1992-6-16', 'F' ,'Alexis','123456','97');
INSERT INTO user (id, city_id, name, birthday, genre, username, password, score) VALUES ('9DC21369-CD58-EB44-7017-66355B554400', 'Nuku alofa','Isabelle','1991-10-13', 'F' ,'Isabelle','123456','94');
INSERT INTO user (id, city_id, name, birthday, genre, username, password, score) VALUES ('69DA7862-A47A-DC4B-7111-91EC5EB2B6D0', 'Male','Savannah','1960-8-20', 'F' ,'Savannah','123456','93');
INSERT INTO user (id, city_id, name, birthday, genre, username, password, score) VALUES ('0141B3A2-F5A8-BDC9-F5E4-C1D658159A83', 'Canberra','Evelyn','1983-7-8', 'F' ,'Evelyn','123456','27');
INSERT INTO user (id, city_id, name, birthday, genre, username, password, score) VALUES ('7D555604-03E6-03A7-2C86-B7C8FBFB9A78', 'Basseterre','Leah','1959-2-3', 'F' ,'Leah','123456','6');
INSERT INTO user (id, city_id, name, birthday, genre, username, password, score) VALUES ('221A1D2F-6F25-D812-F270-4979F7A6F9C3', 'Dakar','Keira','1992-3-5', 'F' ,'Keira','123456','27');
INSERT INTO user (id, city_id, name, birthday, genre, username, password, score) VALUES ('AD8C635D-8233-8ED0-B373-FA17EA156520', 'Kyiv','Allison','1961-9-21', 'F' ,'Allison','123456','8');
INSERT INTO user (id, city_id, name, birthday, genre, username, password, score) VALUES ('751C4BF5-86E2-696E-38C0-9DB196FA12CB', 'Ottawa','Maya','1978-11-26', 'F' ,'Maya','123456','76');
INSERT INTO user (id, city_id, name, birthday, genre, username, password, score) VALUES ('D15ECDDD-0667-A10C-CB94-B85181658EAE', 'Lilongwe','Lucy','1985-7-10', 'F' ,'Lucy','123456','6');
INSERT INTO user (id, city_id, name, birthday, genre, username, password, score) VALUES ('930CD5E9-4A5A-5FB5-D2A7-5F4E2041936B', 'Kuala Lumpur','Sydney','1954-4-18', 'F' ,'Sydney','123456','37');
INSERT INTO user (id, city_id, name, birthday, genre, username, password, score) VALUES ('8F78A687-F25F-1905-9744-FC37890A6FAC', 'Ottawa','Taylor','1990-11-14', 'F' ,'Taylor','123456','63');
INSERT INTO user (id, city_id, name, birthday, genre, username, password, score) VALUES ('2B95C505-9087-0C20-6859-3A76C14B83D4', 'Asuncion','Molly','1969-12-24', 'F' ,'Molly','123456','73');
INSERT INTO user (id, city_id, name, birthday, genre, username, password, score) VALUES ('E703600E-348B-215B-1B10-45D888DA7A4B', 'Colombo','Lauren','1945-1-13', 'F' ,'Lauren','123456','0');
INSERT INTO user (id, city_id, name, birthday, genre, username, password, score) VALUES ('0127BD0F-1EE6-2D3A-614F-FE297936CCE6', 'Astana','Harper','1969-7-25', 'F' ,'Harper','123456','70');
INSERT INTO user (id, city_id, name, birthday, genre, username, password, score) VALUES ('3189BE9B-2211-4D97-857D-84E4CFF0CB13', 'Port-Vila','Scarlett','1973-4-7', 'F' ,'Scarlett','123456','80');
INSERT INTO user (id, city_id, name, birthday, genre, username, password, score) VALUES ('C27D5BA0-242D-7F4A-3D1F-459BBF17B39F', 'Ashgabat','Brianna','1955-3-4', 'F' ,'Brianna','123456','77');
INSERT INTO user (id, city_id, name, birthday, genre, username, password, score) VALUES ('321E2A3C-4C17-4B6D-F5BF-93322BC032F8', 'Tashkent','Victoria','1966-10-19', 'F' ,'Victoria','123456','83');
INSERT INTO user (id, city_id, name, birthday, genre, username, password, score) VALUES ('1F66C4C9-3DD5-23B0-2BFE-9DEB9E2E5724', 'Sarajevo','Liliana','1955-6-23', 'F' ,'Liliana','123456','17');
INSERT INTO user (id, city_id, name, birthday, genre, username, password, score) VALUES ('F8F86609-FFBE-434C-7D41-B2CA6DCE9E41', 'Caracas','Aria','1968-3-7', 'F' ,'Aria','123456','3');
INSERT INTO user (id, city_id, name, birthday, genre, username, password, score) VALUES ('F671E5BB-2685-6A1E-0002-A5E0F757BF62', 'Sarajevo','Kayla','1953-7-17', 'F' ,'Kayla','123456','94');
INSERT INTO user (id, city_id, name, birthday, genre, username, password, score) VALUES ('255EDAA7-2572-5F6C-DA42-4FCB793565D3', 'Maseru','Annabelle','1954-9-6', 'F' ,'Annabelle','123456','69');
INSERT INTO user (id, city_id, name, birthday, genre, username, password, score) VALUES ('4042C12D-8E21-CB3A-3F4B-7655BA0B55C6', 'Sofia','Gianna','1940-10-26', 'F' ,'Gianna','123456','69');
INSERT INTO user (id, city_id, name, birthday, genre, username, password, score) VALUES ('FF8868A9-8291-5903-761A-5C7938E6487F', 'Athens','Kennedy','1977-8-15', 'F' ,'Kennedy','123456','58');
INSERT INTO user (id, city_id, name, birthday, genre, username, password, score) VALUES ('9568A2A7-E342-4E5D-7F18-98311B16ADF6', 'Sofia','Stella','1958-8-2', 'F' ,'Stella','123456','73');
INSERT INTO user (id, city_id, name, birthday, genre, username, password, score) VALUES ('D1EEB861-148A-397D-5CFD-913DCB347117', 'Maseru','Reagan','1953-8-27', 'F' ,'Reagan','123456','62');
INSERT INTO user (id, city_id, name, birthday, genre, username, password, score) VALUES ('3C4810CA-FAB6-7FCD-C94B-5FEEBB572765', 'Bamako','Julia','1993-9-4', 'F' ,'Julia','123456','85');
INSERT INTO user (id, city_id, name, birthday, genre, username, password, score) VALUES ('5957EE61-E70A-68CE-6010-D9406192051D', 'Malabo','Bailey','1943-10-17', 'F' ,'Bailey','123456','31');
INSERT INTO user (id, city_id, name, birthday, genre, username, password, score) VALUES ('D03AD1B0-33B9-FADD-7E2B-CD0A0B582EED', 'N Djamena','Alexandra','1954-4-3', 'F' ,'Alexandra','123456','41');
INSERT INTO user (id, city_id, name, birthday, genre, username, password, score) VALUES ('260C72C1-8E47-B72A-E8F1-6D1B7D88E507', 'Asmara','Jordyn','1982-11-1', 'F' ,'Jordyn','123456','19');
INSERT INTO user (id, city_id, name, birthday, genre, username, password, score) VALUES ('C4DE709B-D349-3A63-D508-E36B35317F72', 'Panama City','Nora','1973-8-23', 'F' ,'Nora','123456','76');
INSERT INTO user (id, city_id, name, birthday, genre, username, password, score) VALUES ('886E2863-0AB2-386D-895C-495ABC7B706A', 'Riga','Caroline','1969-12-12', 'F' ,'Caroline','123456','42');
INSERT INTO user (id, city_id, name, birthday, genre, username, password, score) VALUES ('41731687-B900-210F-B086-945B5434385F', 'Phnom Penh','Mackenzie','1941-6-5', 'F' ,'Mackenzie','123456','100');
INSERT INTO user (id, city_id, name, birthday, genre, username, password, score) VALUES ('3B1DD2B4-F9DE-D8FB-C62A-8332C401CAFD', 'Palikir','Jasmine','1940-3-23', 'F' ,'Jasmine','123456','48');
INSERT INTO user (id, city_id, name, birthday, genre, username, password, score) VALUES ('2D278012-667C-8150-2912-4FA907953089', 'San Jose','Jocelyn','1947-10-22', 'F' ,'Jocelyn','123456','0');
INSERT INTO user (id, city_id, name, birthday, genre, username, password, score) VALUES ('167432E7-1543-297E-D5CB-79666A349E22', 'Yamoussoukro (official)','Kendall','1949-12-24', 'F' ,'Kendall','123456','26');
INSERT INTO user (id, city_id, name, birthday, genre, username, password, score) VALUES ('AF8284CC-C4C3-F467-DE43-96143BC0DC36', 'Stockholm','Morgan','1942-10-25', 'F' ,'Morgan','123456','51');
INSERT INTO user (id, city_id, name, birthday, genre, username, password, score) VALUES ('1B8A4B04-C8AD-1C4E-FCC0-F7338DDFBC22', 'Yerevan','Nevaeh','1975-5-13', 'F' ,'Nevaeh','123456','88');
INSERT INTO user (id, city_id, name, birthday, genre, username, password, score) VALUES ('59589793-A86A-ABC3-8B21-15FEA29F11E8', 'Tirana','Maria','1986-1-10', 'F' ,'Maria','123456','20');
INSERT INTO user (id, city_id, name, birthday, genre, username, password, score) VALUES ('31558730-C7BB-ECAB-8B5F-AF014EB07357', 'Yaounde','Eva','1958-1-12', 'F' ,'Eva','123456','59');
INSERT INTO user (id, city_id, name, birthday, genre, username, password, score) VALUES ('583D79DE-154B-AEF2-2782-C0454FA06904', 'Muscat','Juliana','1989-4-12', 'F' ,'Juliana','123456','49');
INSERT INTO user (id, city_id, name, birthday, genre, username, password, score) VALUES ('10595462-1F79-2FFA-7305-F57C99F21F8D', 'San Salvador','Abby','1963-11-14', 'F' ,'Abby','123456','4');
INSERT INTO user (id, city_id, name, birthday, genre, username, password, score) VALUES ('8DF32B6A-18E9-0694-6ED8-8A9D9CDD09FB', 'Maputo','Alexa','1979-4-25', 'F' ,'Alexa','123456','17');
INSERT INTO user (id, city_id, name, birthday, genre, username, password, score) VALUES ('74DDFE7B-C311-17B5-DA0F-68A31F60CB6F', 'Mogadishu','Summer','1960-3-16', 'F' ,'Summer','123456','28');
INSERT INTO user (id, city_id, name, birthday, genre, username, password, score) VALUES ('8CB56EBC-A336-CB3A-17D8-988D80DCA177', 'Victoria','Brooke','1964-8-10', 'F' ,'Brooke','123456','67');
INSERT INTO user (id, city_id, name, birthday, genre, username, password, score) VALUES ('B5935B67-4627-1C23-03D5-EC1BC1C941C9', 'Vatican City','Penelope','1970-2-19', 'F' ,'Penelope','123456','27');
INSERT INTO user (id, city_id, name, birthday, genre, username, password, score) VALUES ('FB44BD4D-B0BA-D45A-C7FA-DA1B2C644789', 'Panama City','Violet','1954-11-16', 'F' ,'Violet','123456','53');
INSERT INTO user (id, city_id, name, birthday, genre, username, password, score) VALUES ('E4629FDB-45C1-F350-4117-30E920A81AC1', 'Vaduz','Kate','1942-2-11', 'F' ,'Kate','123456','37');
INSERT INTO user (id, city_id, name, birthday, genre, username, password, score) VALUES ('283E5DBC-9C57-84EF-BDBD-1B931E29EA84', 'Addis Ababa','Hadley','1962-3-20', 'F' ,'Hadley','123456','84');
INSERT INTO user (id, city_id, name, birthday, genre, username, password, score) VALUES ('2EC328D8-827D-C07D-6776-4FDF19E1FA6F', 'Tokyo','Ashlyn','1986-9-3', 'F' ,'Ashlyn','123456','48');
INSERT INTO user (id, city_id, name, birthday, genre, username, password, score) VALUES ('5B91B8AA-A597-44E2-65A8-A0FD441D68E6', 'Warsaw','Sadie','1959-11-5', 'F' ,'Sadie','123456','66');
INSERT INTO user (id, city_id, name, birthday, genre, username, password, score) VALUES ('FB94BC30-B57B-0A06-D357-C024E36DAF96', 'Maseru','Paige','1984-4-22', 'F' ,'Paige','123456','22');
INSERT INTO user (id, city_id, name, birthday, genre, username, password, score) VALUES ('AA2C3BD6-A365-711E-FC96-FA8D4B55467C', 'Ulaanbaatar','Katherine','1942-10-3', 'F' ,'Katherine','123456','43');
INSERT INTO user (id, city_id, name, birthday, genre, username, password, score) VALUES ('29EE048B-32A6-CE2E-BF3A-2B51E05BF63F', 'Harare','Sienna','1974-8-15', 'F' ,'Sienna','123456','13');
INSERT INTO user (id, city_id, name, birthday, genre, username, password, score) VALUES ('54A442AA-19D5-48B4-1088-0D732BAFF92B', 'Palikir','Piper','1989-5-10', 'F' ,'Piper','123456','70');
INSERT INTO user (id, city_id, name, birthday, genre, username, password, score) VALUES ('677D915E-474A-5DCF-90E1-73097BCC9F7C', 'San Salvador','Aiden','1950-6-11', 'M' ,'Aiden','123456','85');
INSERT INTO user (id, city_id, name, birthday, genre, username, password, score) VALUES ('DF47270C-CA5F-5F32-6102-B879B91191A0', 'Ottawa','Jackson','1986-8-21', 'M' ,'Jackson','123456','33');
INSERT INTO user (id, city_id, name, birthday, genre, username, password, score) VALUES ('B6FC8C63-1BBC-F6AA-774E-C2DEDFB585B3', 'Ottawa','Mason','1960-10-17', 'M' ,'Mason','123456','30');
INSERT INTO user (id, city_id, name, birthday, genre, username, password, score) VALUES ('80B0E4FA-66EB-7592-D6AA-2C80CE69C58F', 'Ashgabat','Liam','1985-3-2', 'M' ,'Liam','123456','79');
INSERT INTO user (id, city_id, name, birthday, genre, username, password, score) VALUES ('3BD33655-326E-C265-145B-1E65AD2BF1EE', 'Tirana','Jacob','1966-7-12', 'M' ,'Jacob','123456','53');
INSERT INTO user (id, city_id, name, birthday, genre, username, password, score) VALUES ('AE56558E-214D-935D-EC6F-592D8FE2AF3E', 'Port-of-Spain','Jayden','1969-11-27', 'M' ,'Jayden','123456','47');
INSERT INTO user (id, city_id, name, birthday, genre, username, password, score) VALUES ('2C0D1805-A61C-53C8-B1A5-0198EAE187A4', 'Tirana','Ethan','1974-2-26', 'M' ,'Ethan','123456','36');
INSERT INTO user (id, city_id, name, birthday, genre, username, password, score) VALUES ('01470D00-B899-B82C-6888-C2ABFAA4DB7C', 'Vientiane','Noah','1981-11-28', 'M' ,'Noah','123456','86');
INSERT INTO user (id, city_id, name, birthday, genre, username, password, score) VALUES ('05D7805C-9E52-5736-9C28-ABF34B4020B7', 'Vaiaku village, Funafuti province','Lucas','1957-11-19', 'M' ,'Lucas','123456','1');
INSERT INTO user (id, city_id, name, birthday, genre, username, password, score) VALUES ('EA9AB53E-C0D1-5CBD-8E49-927E1D4EF7E5', 'Saint John s','Logan','1993-9-6', 'M' ,'Logan','123456','66');
INSERT INTO user (id, city_id, name, birthday, genre, username, password, score) VALUES ('A079E047-C4D4-0FCD-E30B-B1247128480F', 'Rome','Caleb','1994-7-6', 'M' ,'Caleb','123456','52');
INSERT INTO user (id, city_id, name, birthday, genre, username, password, score) VALUES ('825D0DD6-2947-C9A7-FC23-41E4487E81EC', 'Oslo','Caden','1979-12-12', 'M' ,'Caden','123456','86');
INSERT INTO user (id, city_id, name, birthday, genre, username, password, score) VALUES ('ACC151BC-D197-EBE3-0679-D5DD51FF7C3E', 'Singapore','Jack','1989-4-27', 'M' ,'Jack','123456','30');
INSERT INTO user (id, city_id, name, birthday, genre, username, password, score) VALUES ('F88361D5-E525-F60C-95E3-21662F706559', 'Suva','Ryan','1956-7-5', 'M' ,'Ryan','123456','1');
INSERT INTO user (id, city_id, name, birthday, genre, username, password, score) VALUES ('CFD8286A-2AF6-4BE7-0286-901BD4B32747', 'Asuncion','Connor','1940-8-25', 'M' ,'Connor','123456','53');
INSERT INTO user (id, city_id, name, birthday, genre, username, password, score) VALUES ('34AEFF3D-16C0-D4E3-A39B-5AD720B35481', 'Belmopan','Michael','1988-8-8', 'M' ,'Michael','123456','70');
INSERT INTO user (id, city_id, name, birthday, genre, username, password, score) VALUES ('6DFF963B-C24A-7BDD-891D-3CAEC7DC0EE5', 'Brasilia','Elijah','1991-2-6', 'M' ,'Elijah','123456','50');
INSERT INTO user (id, city_id, name, birthday, genre, username, password, score) VALUES ('CA448B71-6D6A-9E92-27C4-4B439C49E67C', 'Phnom Penh','Brayden','1979-11-13', 'M' ,'Brayden','123456','50');
INSERT INTO user (id, city_id, name, birthday, genre, username, password, score) VALUES ('11C757E0-845F-3678-C600-21759EE60046', 'Quito','Benjamin','1957-1-23', 'M' ,'Benjamin','123456','83');
INSERT INTO user (id, city_id, name, birthday, genre, username, password, score) VALUES ('5C12270B-DB3B-29A4-97E0-6C18EF59EE82', 'Djibouti','Nicholas','1944-7-11', 'M' ,'Nicholas','123456','86');
INSERT INTO user (id, city_id, name, birthday, genre, username, password, score) VALUES ('83DB2C63-2408-B298-63F8-4992861A9395', 'Quito','Alexander','1961-4-14', 'M' ,'Alexander','123456','95');
INSERT INTO user (id, city_id, name, birthday, genre, username, password, score) VALUES ('7B39756B-59F8-FA75-7DB0-35F07A3D3A59', 'Asmara','William','1940-2-18', 'M' ,'William','123456','23');
INSERT INTO user (id, city_id, name, birthday, genre, username, password, score) VALUES ('ACDCA258-1B7D-9AA5-1B7B-6C1472EC0CCC', 'Luxembourg','Matthew','1956-3-9', 'M' ,'Matthew','123456','33');
INSERT INTO user (id, city_id, name, birthday, genre, username, password, score) VALUES ('9B68BF9B-C17B-9763-708D-1668BE3BDB71', 'San Salvador','James','1984-3-5', 'M' ,'James','123456','38');
INSERT INTO user (id, city_id, name, birthday, genre, username, password, score) VALUES ('2EFCD39B-2C95-E7CE-7CD0-B8C33828F97B', 'Pristina','Landon','1976-7-12', 'M' ,'Landon','123456','84');
INSERT INTO user (id, city_id, name, birthday, genre, username, password, score) VALUES ('88B0A16F-DEC6-BFF4-78A8-FF56836D1AF2', 'Kathmandu','Nathan','1953-7-12', 'M' ,'Nathan','123456','79');
INSERT INTO user (id, city_id, name, birthday, genre, username, password, score) VALUES ('11935803-75A8-DBB6-448C-FE46C2D92207', 'Castries','Dylan','1954-1-2', 'M' ,'Dylan','123456','28');
INSERT INTO user (id, city_id, name, birthday, genre, username, password, score) VALUES ('E271CFD5-BF18-816B-F590-2C05477F4895', 'Windhoek','Evan','1940-10-12', 'M' ,'Evan','123456','3');
INSERT INTO user (id, city_id, name, birthday, genre, username, password, score) VALUES ('E0F3D500-45FA-B20E-200A-B840952AC9E1', 'Vatican City','Luke','1975-12-7', 'M' ,'Luke','123456','44');
INSERT INTO user (id, city_id, name, birthday, genre, username, password, score) VALUES ('DF469050-3474-773C-0CC5-8B8477DEC454', 'Castries','Andrew','1971-10-20', 'M' ,'Andrew','123456','5');
INSERT INTO user (id, city_id, name, birthday, genre, username, password, score) VALUES ('2F78F12D-392E-E282-FBD8-8EDC45358075', 'Maseru','Gabriel','1943-5-18', 'M' ,'Gabriel','123456','87');
INSERT INTO user (id, city_id, name, birthday, genre, username, password, score) VALUES ('820D6FB4-E970-9C37-92A1-EF5525BA4C69', 'Dar es Salaam','Gavin','1965-9-12', 'M' ,'Gavin','123456','37');
INSERT INTO user (id, city_id, name, birthday, genre, username, password, score) VALUES ('585C0703-BBFC-FCD7-97C9-03846622DC1D', 'Quito','Joshua','1951-2-11', 'M' ,'Joshua','123456','90');
INSERT INTO user (id, city_id, name, birthday, genre, username, password, score) VALUES ('EC436334-CD65-71DA-6E77-F3D58107986C', 'Minsk','Owen','1976-4-18', 'M' ,'Owen','123456','88');
INSERT INTO user (id, city_id, name, birthday, genre, username, password, score) VALUES ('AB3019DB-DE8E-8015-8FFB-5E804BA724F3', 'Ashgabat','Daniel','1977-9-23', 'M' ,'Daniel','123456','70');
INSERT INTO user (id, city_id, name, birthday, genre, username, password, score) VALUES ('4901C588-8FC8-4A5F-6E62-CBF4EE1E11CA', 'Kampala','Carter','1953-6-14', 'M' ,'Carter','123456','22');
INSERT INTO user (id, city_id, name, birthday, genre, username, password, score) VALUES ('07714E18-8BFC-B7F4-E6AE-CD87616372D2', 'Bangui','Tyler','1969-12-18', 'M' ,'Tyler','123456','48');
INSERT INTO user (id, city_id, name, birthday, genre, username, password, score) VALUES ('BA6BC6B1-13D9-DFB7-2866-5D75C9F7A370', 'Ashgabat','Cameron','1967-8-7', 'M' ,'Cameron','123456','52');
INSERT INTO user (id, city_id, name, birthday, genre, username, password, score) VALUES ('D139564C-7CCC-71D9-4F4A-12F9757CC493', 'Hanoi','Christian','1972-2-19', 'M' ,'Christian','123456','38');
INSERT INTO user (id, city_id, name, birthday, genre, username, password, score) VALUES ('50EEFCEA-5E75-B95A-EBAC-129489ABEC3E', 'Kinshasa','Wyatt','1970-8-18', 'M' ,'Wyatt','123456','72');
INSERT INTO user (id, city_id, name, birthday, genre, username, password, score) VALUES ('0390833E-70F0-2B10-EEFE-6C1307D18C5D', 'Tbilisi','Henry','1968-11-13', 'M' ,'Henry','123456','79');
INSERT INTO user (id, city_id, name, birthday, genre, username, password, score) VALUES ('69E2F5E1-3F15-40FF-CE65-9038D04C595E', 'Managua','Eli','1948-7-8', 'M' ,'Eli','123456','49');
INSERT INTO user (id, city_id, name, birthday, genre, username, password, score) VALUES ('AAC5206E-0D7A-EE6C-F725-97DC92093EA3', 'Bandar Seri Begawan','Joseph','1967-3-14', 'M' ,'Joseph','123456','34');
INSERT INTO user (id, city_id, name, birthday, genre, username, password, score) VALUES ('D3F86B6D-082D-BE03-0124-A3A9CF95E65E', 'Moroni','Max','1993-8-28', 'M' ,'Max','123456','54');
INSERT INTO user (id, city_id, name, birthday, genre, username, password, score) VALUES ('E094682D-6CE2-D50F-8B71-30643E4C5275', 'N Djamena','Isaac','1967-10-19', 'M' ,'Isaac','123456','77');
INSERT INTO user (id, city_id, name, birthday, genre, username, password, score) VALUES ('54529E47-F0C4-7B85-7C1D-D517D006D641', 'Islamabad','Samuel','1941-9-12', 'M' ,'Samuel','123456','94');
INSERT INTO user (id, city_id, name, birthday, genre, username, password, score) VALUES ('510DFF0B-0DAD-FBEB-2F07-CD283A4B9487', 'Palikir','Anthony','1946-3-23', 'M' ,'Anthony','123456','51');
INSERT INTO user (id, city_id, name, birthday, genre, username, password, score) VALUES ('4A4ABFC9-19AD-B67B-DECA-5930168CD46B', 'Dushanbe','Grayson','1973-9-3', 'M' ,'Grayson','123456','37');
INSERT INTO user (id, city_id, name, birthday, genre, username, password, score) VALUES ('8758F7B4-A07E-BF8A-0B94-90DEF7BCD750', 'Vienna','Zachary','1971-5-16', 'M' ,'Zachary','123456','50');
INSERT INTO user (id, city_id, name, birthday, genre, username, password, score) VALUES ('BE1B7CD4-49E7-062B-D692-6D838C72B170', 'Dar es Salaam','David','1989-1-4', 'M' ,'David','123456','21');
INSERT INTO user (id, city_id, name, birthday, genre, username, password, score) VALUES ('75BD8332-6B39-E791-E7EC-B159AFEF79F3', 'Banjul','Christopher','1976-5-1', 'M' ,'Christopher','123456','56');
INSERT INTO user (id, city_id, name, birthday, genre, username, password, score) VALUES ('C51619D4-F8E4-A961-CE40-150F2C3BCADB', 'Bangui','John','1982-5-9', 'M' ,'John','123456','2');
INSERT INTO user (id, city_id, name, birthday, genre, username, password, score) VALUES ('BFF2FD42-BE75-D679-720A-2AD2326E97CA', 'Canberra','Isaiah','1952-4-6', 'M' ,'Isaiah','123456','87');
INSERT INTO user (id, city_id, name, birthday, genre, username, password, score) VALUES ('8149B8E5-C040-2F86-6AA4-0370988BBCFD', 'Freetown','Levi','1979-8-17', 'M' ,'Levi','123456','52');
INSERT INTO user (id, city_id, name, birthday, genre, username, password, score) VALUES ('C099C601-394A-3827-56CF-84DB97145C6D', 'Skopje','Jonathan','1993-5-25', 'M' ,'Jonathan','123456','40');
INSERT INTO user (id, city_id, name, birthday, genre, username, password, score) VALUES ('6EF42EB2-D77E-E4B1-9415-0434D66EE403', 'Vilnius','Oliver','1961-5-12', 'M' ,'Oliver','123456','29');
INSERT INTO user (id, city_id, name, birthday, genre, username, password, score) VALUES ('F85ABFFD-7287-D926-53BF-97ABABFB77F0', 'Managua','Chase','1975-3-19', 'M' ,'Chase','123456','49');
INSERT INTO user (id, city_id, name, birthday, genre, username, password, score) VALUES ('AC286A49-F1CE-0EA1-FFA1-D29104B0457C', 'Antananarivo','Cooper','1952-5-24', 'M' ,'Cooper','123456','58');
INSERT INTO user (id, city_id, name, birthday, genre, username, password, score) VALUES ('29023899-2BCA-4F37-28E9-93F5307EB9AD', 'Bridgetown','Tristan','1987-10-25', 'M' ,'Tristan','123456','80');
INSERT INTO user (id, city_id, name, birthday, genre, username, password, score) VALUES ('A5CFF350-C056-C33F-2C06-C8A4B42A526A', 'Berlin','Colton','1980-10-13', 'M' ,'Colton','123456','58');
INSERT INTO user (id, city_id, name, birthday, genre, username, password, score) VALUES ('CEAAF76E-4D48-CDD1-C4D5-5516273E7E2C', 'Stockholm','Austin','1992-4-26', 'M' ,'Austin','123456','81');
INSERT INTO user (id, city_id, name, birthday, genre, username, password, score) VALUES ('E0FAA3F6-C69B-A126-FE8E-C74A9A1059CD', 'Apia','Colin','1958-3-7', 'M' ,'Colin','123456','76');
INSERT INTO user (id, city_id, name, birthday, genre, username, password, score) VALUES ('07455569-8213-A66B-323C-8886D7E69C92', 'Brazzaville','Charlie','1968-5-26', 'M' ,'Charlie','123456','3');
INSERT INTO user (id, city_id, name, birthday, genre, username, password, score) VALUES ('2B63471D-43CC-7BFD-8113-BD82450D6E1E', 'Quito','Dominic','1962-6-13', 'M' ,'Dominic','123456','96');
INSERT INTO user (id, city_id, name, birthday, genre, username, password, score) VALUES ('85AC1C46-68F0-525B-0154-EF7CB675030E', 'Dar es Salaam','Parker','1940-2-20', 'M' ,'Parker','123456','19');
INSERT INTO user (id, city_id, name, birthday, genre, username, password, score) VALUES ('548C7906-444A-5389-873B-5E3C97F1F47D', 'Montevideo','Hunter','1968-8-28', 'M' ,'Hunter','123456','94');
INSERT INTO user (id, city_id, name, birthday, genre, username, password, score) VALUES ('508A26A4-76D8-8573-974B-041B5094BAF9', 'Riga','Thomas','1970-11-7', 'M' ,'Thomas','123456','77');
INSERT INTO user (id, city_id, name, birthday, genre, username, password, score) VALUES ('A045F8E7-A117-E313-A433-2382DABDE0CF', 'Quito','Alex','1941-10-1', 'M' ,'Alex','123456','56');
INSERT INTO user (id, city_id, name, birthday, genre, username, password, score) VALUES ('F52F2D7E-8635-A2BF-2348-72409DA2AD09', 'Lima','Ian','1982-10-27', 'M' ,'Ian','123456','98');
INSERT INTO user (id, city_id, name, birthday, genre, username, password, score) VALUES ('3C81C78E-5232-F855-DD44-1B542A2D109F', 'Amman','Jordan','1994-2-12', 'M' ,'Jordan','123456','37');
INSERT INTO user (id, city_id, name, birthday, genre, username, password, score) VALUES ('1A24CCDA-6AEA-9457-57C5-7B48D39D2321', 'Bridgetown','Cole','1959-6-14', 'M' ,'Cole','123456','32');
INSERT INTO user (id, city_id, name, birthday, genre, username, password, score) VALUES ('10BB3D40-FB1B-49EA-EEC6-269509E1044F', 'Muscat','Julian','1977-8-27', 'M' ,'Julian','123456','54');
INSERT INTO user (id, city_id, name, birthday, genre, username, password, score) VALUES ('05BD296C-D0C4-F0D4-8681-680817F77C85', 'Belmopan','Aaron','1987-3-13', 'M' ,'Aaron','123456','70');
INSERT INTO user (id, city_id, name, birthday, genre, username, password, score) VALUES ('7D87FCF1-8A5D-F63C-6E0E-8064CBB22C3E', 'Nicosia','Carson','1952-2-15', 'M' ,'Carson','123456','38');
INSERT INTO user (id, city_id, name, birthday, genre, username, password, score) VALUES ('C34C767D-5CF5-F674-9A48-F2A202844230', 'Luanda','Miles','1943-12-5', 'M' ,'Miles','123456','69');
INSERT INTO user (id, city_id, name, birthday, genre, username, password, score) VALUES ('E6EB03E4-5BD7-F408-ED85-357B88AFBE77', 'Lilongwe','Blake','1947-1-23', 'M' ,'Blake','123456','44');
INSERT INTO user (id, city_id, name, birthday, genre, username, password, score) VALUES ('0D495B9F-FA33-F473-B810-81668CDF345E', 'Muscat','Brody','1949-11-25', 'M' ,'Brody','123456','97');
INSERT INTO user (id, city_id, name, birthday, genre, username, password, score) VALUES ('EC1BE206-F025-9A28-B07E-C113B9B9185A', 'Phnom Penh','Adam','1951-5-16', 'M' ,'Adam','123456','1');
INSERT INTO user (id, city_id, name, birthday, genre, username, password, score) VALUES ('6D350F2C-5887-F332-387D-FEEDAA4119F8', 'Kuala Lumpur','Sebastian','1944-1-7', 'M' ,'Sebastian','123456','10');
INSERT INTO user (id, city_id, name, birthday, genre, username, password, score) VALUES ('CF4A9F36-373A-C301-EA85-A0C34486BA9F', 'Nairobi','Adrian','1991-10-7', 'M' ,'Adrian','123456','99');
INSERT INTO user (id, city_id, name, birthday, genre, username, password, score) VALUES ('361DB271-EB36-2F8F-3D58-A4721F928925', 'Dakar','Nolan','1973-7-28', 'M' ,'Nolan','123456','53');
INSERT INTO user (id, city_id, name, birthday, genre, username, password, score) VALUES ('D8579FCC-BB44-C11A-7356-5F5D59199B67', 'Riga','Sean','1977-11-16', 'M' ,'Sean','123456','43');
INSERT INTO user (id, city_id, name, birthday, genre, username, password, score) VALUES ('9DA3393D-A0EF-7600-0A52-FBA76571BE4C', 'Damascus','Riley','1993-8-10', 'M' ,'Riley','123456','32');
INSERT INTO user (id, city_id, name, birthday, genre, username, password, score) VALUES ('611E0189-717E-2F4F-D749-A78DEF80D697', 'Paramaribo','Bentley','1956-1-19', 'M' ,'Bentley','123456','22');
INSERT INTO user (id, city_id, name, birthday, genre, username, password, score) VALUES ('AEEE80F3-E057-25DB-1EFB-F54D729B610B', 'Tunis','Xavier','1977-12-7', 'M' ,'Xavier','123456','46');
INSERT INTO user (id, city_id, name, birthday, genre, username, password, score) VALUES ('D9BE7807-3C3C-A634-81BD-F64065FB680D', 'Port Louis','Hayden','1958-10-7', 'M' ,'Hayden','123456','27');
INSERT INTO user (id, city_id, name, birthday, genre, username, password, score) VALUES ('938E929F-8FAC-7104-1007-7291FDCF2BCE', 'Beijing','Jeremiah','1951-3-22', 'M' ,'Jeremiah','123456','95');
INSERT INTO user (id, city_id, name, birthday, genre, username, password, score) VALUES ('3E2E3065-6D5D-9E28-3C4F-5DB39D930E35', 'Mbabane','Jason','1957-11-24', 'M' ,'Jason','123456','34');
INSERT INTO user (id, city_id, name, birthday, genre, username, password, score) VALUES ('897B13DE-96AE-45DD-7563-57DECFBA9BDC', 'Rabat','Jake','1955-10-28', 'M' ,'Jake','123456','70');
INSERT INTO user (id, city_id, name, birthday, genre, username, password, score) VALUES ('419C4810-B3A7-5B51-D502-1DE1ACA3D5F5', 'Hanoi','Asher','1957-11-22', 'M' ,'Asher','123456','74');
INSERT INTO user (id, city_id, name, birthday, genre, username, password, score) VALUES ('3BD0921B-9C7E-E7D5-D762-57D0755692EE', 'Zagreb','Micah','1994-8-19', 'M' ,'Micah','123456','56');
INSERT INTO user (id, city_id, name, birthday, genre, username, password, score) VALUES ('83AC0DF6-7043-DC24-08D9-2549BA3FFC80', 'Guatemala City','Jace','1947-7-11', 'M' ,'Jace','123456','11');
INSERT INTO user (id, city_id, name, birthday, genre, username, password, score) VALUES ('AF21F654-CE8E-19F6-69DF-71FFCE2B40D2', 'Astana','Brandon','1976-7-9', 'M' ,'Brandon','123456','73');
INSERT INTO user (id, city_id, name, birthday, genre, username, password, score) VALUES ('1C602BA2-33C7-51A8-3E4A-5C1D3E38D4A8', 'Belmopan','Josiah','1953-9-17', 'M' ,'Josiah','123456','60');
INSERT INTO user (id, city_id, name, birthday, genre, username, password, score) VALUES ('65FFB931-B691-E694-21F9-A354DF676AFD', 'Vaiaku village, Funafuti province','Hudson','1991-5-12', 'M' ,'Hudson','123456','98');
INSERT INTO user (id, city_id, name, birthday, genre, username, password, score) VALUES ('1EEA3CC3-3944-EBF6-9146-307BD5234012', 'Lome','Nathaniel','1946-3-25', 'M' ,'Nathaniel','123456','20');
INSERT INTO user (id, city_id, name, birthday, genre, username, password, score) VALUES ('AFB755FC-10DB-15EB-EC9D-B4484CAD62F7', 'Malabo','Bryson','1973-11-24', 'M' ,'Bryson','123456','9');
INSERT INTO user (id, city_id, name, birthday, genre, username, password, score) VALUES ('F48003B9-D059-6DDF-8339-B98612C42F21', 'Bratislava','Ryder','1962-5-19', 'M' ,'Ryder','123456','76');
INSERT INTO user (id, city_id, name, birthday, genre, username, password, score) VALUES ('486AFE8A-3EA9-CE18-CF21-5360FBFBB4BD', 'Nassau','Justin','1982-6-9', 'M' ,'Justin','123456','89');
INSERT INTO user (id, city_id, name, birthday, genre, username, password, score) VALUES ('96081667-1355-8BEF-896E-FCA4FC623E86', 'no official capital','Bryce','1941-4-18', 'M' ,'Bryce','123456','39');

INSERT INTO interest (id, name) VALUES ('1C496A02-C813-A031-F185-ACF3A0A0BB10','Playing computer games');
INSERT INTO interest (id, name) VALUES ('867EEDF1-6381-FC68-12E1-6304EB143873','Watching cartoons on TV');
INSERT INTO interest (id, name) VALUES ('9D50CF23-449A-5C9F-C501-3603A86FCFA3','Taking up different sports such as football, handball, basketball, gymnastics, volleyball etc');
INSERT INTO interest (id, name) VALUES ('5AC9EE27-E3E7-72FE-47CC-BB85B5E62AC6','Reading');
INSERT INTO interest (id, name) VALUES ('E72E855B-8E43-64AB-0AEC-ACB15AC760D3','Playing a musical instrument such as a piano or a guitar');
INSERT INTO interest (id, name) VALUES ('EEC77913-96BB-9323-49BC-A060F7CF8C21','Looking after a family pet such as cat, dog, hamster, fish, parrot etc');
INSERT INTO interest (id, name) VALUES ('11095A7A-E568-CFD7-E4F8-B713413A6508','Bird watching');
INSERT INTO interest (id, name) VALUES ('98607BBB-854F-FA6D-4CB8-128E2726CBF5','Horse riding');
INSERT INTO interest (id, name) VALUES ('E6DF0466-BA2D-6068-C857-1A4FF60BDDFC','Collecting things such as stamps, badges, postcards, pens etc');
INSERT INTO interest (id, name) VALUES ('17211EB2-5461-081C-13FC-01F5C738A6E6','Music (singing, composing)');
INSERT INTO interest (id, name) VALUES ('907D4444-3484-61C9-CC7E-5E532B5C5ED5','Poetry');
INSERT INTO interest (id, name) VALUES ('07810130-0BD4-74B6-2127-FD875D0518B5','Dancing');
INSERT INTO interest (id, name) VALUES ('D1CAB96F-EEB8-AB0B-0AA2-29C27DB4081B','Indoor as well as outdoor sports');
INSERT INTO interest (id, name) VALUES ('2C3B2AE4-34BF-8F0A-8EB1-D2FF2DD48BA9','Adventure or extreme sports');
INSERT INTO interest (id, name) VALUES ('BCE8BEC8-04E4-0556-0CA6-AFFEDA8B4EEE','Fitness or working out in a gym');
INSERT INTO interest (id, name) VALUES ('4BF0B5AB-CFC8-2F8B-453F-A5445E28BC85','Car or bike racing');
INSERT INTO interest (id, name) VALUES ('B609C4CE-DB84-18FB-C3EF-618A53C7AF21','Computer games or programming');
INSERT INTO interest (id, name) VALUES ('9DE868C8-DDF3-9D74-7156-71CFDD0D2189','Social Networking');
INSERT INTO interest (id, name) VALUES ('48D432E0-85E3-6634-8178-57ABE88FFAE1','Watching movies');
INSERT INTO interest (id, name) VALUES ('2B90668B-E9B6-4D5B-AE13-D98CDA52BE41','Fashion designing');
INSERT INTO interest (id, name) VALUES ('351BA4D5-91D8-DD8D-8948-ECE39479EAB7','Interior designing');
INSERT INTO interest (id, name) VALUES ('019D0D9B-557F-4151-AFAF-C7B9C7BE0139','Astrology, tarot card reading');
INSERT INTO interest (id, name) VALUES ('B65C243B-9816-1743-76DA-6D2166C5FD69','Gardening');
INSERT INTO interest (id, name) VALUES ('C598ACBC-5818-4833-ECB7-55DE4471D896','Yoga, meditation');
INSERT INTO interest (id, name) VALUES ('8DB2582D-46AF-4849-2E48-BC45CDE5A175','Cooking and baking');
INSERT INTO interest (id, name) VALUES ('F55FC3CE-EC2E-BFA2-5EE5-89D8330BBD1A','Diet and nutrition');
INSERT INTO interest (id, name) VALUES ('D4DEC65B-0D21-28B1-48CA-338C75FC183B','Knitting, sewing');
INSERT INTO interest (id, name) VALUES ('54215702-214D-E735-7461-C6D30D2D10B3','Dancing');
INSERT INTO interest (id, name) VALUES ('E47BDD4D-41C2-5AB3-A36D-B555BEBF5549','Jewelry making');
INSERT INTO interest (id, name) VALUES ('356CDF12-1FEF-3AA3-15B3-83C0A1A22CBD','Painting');
INSERT INTO interest (id, name) VALUES ('6CEB2CBE-7E0C-CCDF-7FA1-C6E08FD28EDB','Pottery, sculpture');
INSERT INTO interest (id, name) VALUES ('C97CE49F-9E7A-1136-9179-E252C975A83B','Sports such as football, baseball, golf etc');
INSERT INTO interest (id, name) VALUES ('6796FFE0-0A25-5154-5E1E-7C97123A0DA9','Exploring different places');
INSERT INTO interest (id, name) VALUES ('5E702812-BF14-28F5-15DB-02571DCD60B9','Computer programming');
INSERT INTO interest (id, name) VALUES ('681700C3-864E-C3B1-517E-90BB0C80CD10','Surfing the Internet');
INSERT INTO interest (id, name) VALUES ('EF9643B3-358F-F2D4-D90D-178BB69DD7E7','Watching movies');
INSERT INTO interest (id, name) VALUES ('05F09554-61C0-BC0F-8BCD-D21C99EDA638','Driving, go karting');
INSERT INTO interest (id, name) VALUES ('45D9012C-063E-C08C-D5B9-A4B7D9F23B54','Riding motorbikes');
INSERT INTO interest (id, name) VALUES ('9FDD4209-E137-C31B-536B-605B0A01DB83','Mountain climbing, biking');
INSERT INTO interest (id, name) VALUES ('FE605286-3B7B-AD98-5822-80C81FF3B9BD','Wildlife photography');
INSERT INTO interest (id, name) VALUES ('0EE0FB80-AA8D-5650-6717-4B3BDC9D3FC4','Fishing');
INSERT INTO interest (id, name) VALUES ('FB888EAA-A4EB-27B0-7484-578915538D1E','Indoor games such as chess, cards etc');
INSERT INTO interest (id, name) VALUES ('8679A2A7-2BFC-F7A1-B797-8C712241EBA1','Carpentry');
INSERT INTO interest (id, name) VALUES ('E486DF37-8A11-E000-EF00-453281035D22','Learning the know-how of different gadgets');
INSERT INTO interest (id, name) VALUES ('0B392AA0-5C49-4945-B7FB-5EF845663A85','Taming wild animals');
INSERT INTO interest (id, name) VALUES ('50BF0A62-1383-75F1-D34E-B94E472344D1','Exploring volcanoes and underwater caves');
INSERT INTO interest (id, name) VALUES ('868D0D9B-8504-E83A-6992-E8E8BEAD991B','Symbolism');
INSERT INTO interest (id, name) VALUES ('E37418DB-90FE-C7C8-4ABF-ADFC74E94D95','Underwater photography');
INSERT INTO interest (id, name) VALUES ('DAA3322D-BC84-6705-1517-B8910A5ABE97','Chasing tornadoes');
INSERT INTO interest (id, name) VALUES ('393C18D6-EF40-4622-A158-038F1958D38F','Exploring extra-sensory capacities, through different methods like hypnosis');
INSERT INTO interest (id, name) VALUES ('D6E13B06-79B2-2E92-A0C8-FFFDC2E5548B','Animal communication');
INSERT INTO interest (id, name) VALUES ('05B81D5F-FCD1-3C26-6EE2-35EA605E4BD6','Stunts');
INSERT INTO interest (id, name) VALUES ('33A46CC2-1E0D-65C3-0610-87EA38D8587B','Sky diving, bungee jumping');

INSERT INTO user_has_interest (user_id, interest_id) VALUES ('78A3BD25-6A99-4FEB-CFDA-35DE80932EEF','1C496A02-C813-A031-F185-ACF3A0A0BB10');
INSERT INTO user_has_interest (user_id, interest_id) VALUES ('78A3BD25-6A99-4FEB-CFDA-35DE80932EEF','867EEDF1-6381-FC68-12E1-6304EB143873');
INSERT INTO user_has_interest (user_id, interest_id) VALUES ('78A3BD25-6A99-4FEB-CFDA-35DE80932EEF','9D50CF23-449A-5C9F-C501-3603A86FCFA3');
INSERT INTO user_has_interest (user_id, interest_id) VALUES ('78A3BD25-6A99-4FEB-CFDA-35DE80932EEF','5AC9EE27-E3E7-72FE-47CC-BB85B5E62AC6');
INSERT INTO user_has_interest (user_id, interest_id) VALUES ('78A3BD25-6A99-4FEB-CFDA-35DE80932EEF','E72E855B-8E43-64AB-0AEC-ACB15AC760D3');
INSERT INTO user_has_interest (user_id, interest_id) VALUES ('1EB01F12-5098-4837-8EB8-B55452C6184E','1C496A02-C813-A031-F185-ACF3A0A0BB10');
INSERT INTO user_has_interest (user_id, interest_id) VALUES ('1EB01F12-5098-4837-8EB8-B55452C6184E','867EEDF1-6381-FC68-12E1-6304EB143873');
INSERT INTO user_has_interest (user_id, interest_id) VALUES ('C7BEE87A-F280-2318-6252-12677E713CEE','1C496A02-C813-A031-F185-ACF3A0A0BB10');
INSERT INTO user_has_interest (user_id, interest_id) VALUES ('CCA94C5E-40F3-0BBE-CBA5-ABFD1750B308','1C496A02-C813-A031-F185-ACF3A0A0BB10');
INSERT INTO user_has_interest (user_id, interest_id) VALUES ('CCA94C5E-40F3-0BBE-CBA5-ABFD1750B308','867EEDF1-6381-FC68-12E1-6304EB143873');
INSERT INTO user_has_interest (user_id, interest_id) VALUES ('CCA94C5E-40F3-0BBE-CBA5-ABFD1750B308','9D50CF23-449A-5C9F-C501-3603A86FCFA3');
INSERT INTO user_has_interest (user_id, interest_id) VALUES ('CCA94C5E-40F3-0BBE-CBA5-ABFD1750B308','5AC9EE27-E3E7-72FE-47CC-BB85B5E62AC6');
INSERT INTO user_has_interest (user_id, interest_id) VALUES ('CCA94C5E-40F3-0BBE-CBA5-ABFD1750B308','E72E855B-8E43-64AB-0AEC-ACB15AC760D3');
INSERT INTO user_has_interest (user_id, interest_id) VALUES ('CCA94C5E-40F3-0BBE-CBA5-ABFD1750B308','EEC77913-96BB-9323-49BC-A060F7CF8C21');
INSERT INTO user_has_interest (user_id, interest_id) VALUES ('4F620999-FE5D-F530-5C5B-383D6BF3B6EA','1C496A02-C813-A031-F185-ACF3A0A0BB10');
INSERT INTO user_has_interest (user_id, interest_id) VALUES ('4F620999-FE5D-F530-5C5B-383D6BF3B6EA','867EEDF1-6381-FC68-12E1-6304EB143873');
INSERT INTO user_has_interest (user_id, interest_id) VALUES ('4F620999-FE5D-F530-5C5B-383D6BF3B6EA','9D50CF23-449A-5C9F-C501-3603A86FCFA3');
INSERT INTO user_has_interest (user_id, interest_id) VALUES ('4F620999-FE5D-F530-5C5B-383D6BF3B6EA','5AC9EE27-E3E7-72FE-47CC-BB85B5E62AC6');
INSERT INTO user_has_interest (user_id, interest_id) VALUES ('4F620999-FE5D-F530-5C5B-383D6BF3B6EA','E72E855B-8E43-64AB-0AEC-ACB15AC760D3');
INSERT INTO user_has_interest (user_id, interest_id) VALUES ('5A0C2484-B2D2-E755-9E05-9A0DDDE5A889','1C496A02-C813-A031-F185-ACF3A0A0BB10');
INSERT INTO user_has_interest (user_id, interest_id) VALUES ('5A0C2484-B2D2-E755-9E05-9A0DDDE5A889','867EEDF1-6381-FC68-12E1-6304EB143873');
INSERT INTO user_has_interest (user_id, interest_id) VALUES ('5A0C2484-B2D2-E755-9E05-9A0DDDE5A889','9D50CF23-449A-5C9F-C501-3603A86FCFA3');
INSERT INTO user_has_interest (user_id, interest_id) VALUES ('5A0C2484-B2D2-E755-9E05-9A0DDDE5A889','5AC9EE27-E3E7-72FE-47CC-BB85B5E62AC6');
INSERT INTO user_has_interest (user_id, interest_id) VALUES ('5A0C2484-B2D2-E755-9E05-9A0DDDE5A889','E72E855B-8E43-64AB-0AEC-ACB15AC760D3');
INSERT INTO user_has_interest (user_id, interest_id) VALUES ('56CE573E-900C-DC06-0309-99A9B9C5BF72','1C496A02-C813-A031-F185-ACF3A0A0BB10');
INSERT INTO user_has_interest (user_id, interest_id) VALUES ('56CE573E-900C-DC06-0309-99A9B9C5BF72','867EEDF1-6381-FC68-12E1-6304EB143873');
INSERT INTO user_has_interest (user_id, interest_id) VALUES ('56CE573E-900C-DC06-0309-99A9B9C5BF72','9D50CF23-449A-5C9F-C501-3603A86FCFA3');
INSERT INTO user_has_interest (user_id, interest_id) VALUES ('56CE573E-900C-DC06-0309-99A9B9C5BF72','5AC9EE27-E3E7-72FE-47CC-BB85B5E62AC6');
INSERT INTO user_has_interest (user_id, interest_id) VALUES ('9EB95156-E8F2-2D56-6979-0B7E29E82313','1C496A02-C813-A031-F185-ACF3A0A0BB10');
INSERT INTO user_has_interest (user_id, interest_id) VALUES ('9EB95156-E8F2-2D56-6979-0B7E29E82313','867EEDF1-6381-FC68-12E1-6304EB143873');
INSERT INTO user_has_interest (user_id, interest_id) VALUES ('424554F5-8AA4-7689-F987-A2F4448628AE','1C496A02-C813-A031-F185-ACF3A0A0BB10');
INSERT INTO user_has_interest (user_id, interest_id) VALUES ('424554F5-8AA4-7689-F987-A2F4448628AE','867EEDF1-6381-FC68-12E1-6304EB143873');
INSERT INTO user_has_interest (user_id, interest_id) VALUES ('424554F5-8AA4-7689-F987-A2F4448628AE','9D50CF23-449A-5C9F-C501-3603A86FCFA3');
INSERT INTO user_has_interest (user_id, interest_id) VALUES ('62C59B2C-EFDB-8C9D-29BA-FDD5FF1EF737','1C496A02-C813-A031-F185-ACF3A0A0BB10');
INSERT INTO user_has_interest (user_id, interest_id) VALUES ('62C59B2C-EFDB-8C9D-29BA-FDD5FF1EF737','867EEDF1-6381-FC68-12E1-6304EB143873');
INSERT INTO user_has_interest (user_id, interest_id) VALUES ('62C59B2C-EFDB-8C9D-29BA-FDD5FF1EF737','9D50CF23-449A-5C9F-C501-3603A86FCFA3');
INSERT INTO user_has_interest (user_id, interest_id) VALUES ('F797CB7A-9A05-3A56-040A-B66680E0B180','1C496A02-C813-A031-F185-ACF3A0A0BB10');
INSERT INTO user_has_interest (user_id, interest_id) VALUES ('F797CB7A-9A05-3A56-040A-B66680E0B180','867EEDF1-6381-FC68-12E1-6304EB143873');
INSERT INTO user_has_interest (user_id, interest_id) VALUES ('F797CB7A-9A05-3A56-040A-B66680E0B180','9D50CF23-449A-5C9F-C501-3603A86FCFA3');
INSERT INTO user_has_interest (user_id, interest_id) VALUES ('906FA218-2E8E-92EA-700D-C3EBD25B7E77','1C496A02-C813-A031-F185-ACF3A0A0BB10');
INSERT INTO user_has_interest (user_id, interest_id) VALUES ('906FA218-2E8E-92EA-700D-C3EBD25B7E77','867EEDF1-6381-FC68-12E1-6304EB143873');
INSERT INTO user_has_interest (user_id, interest_id) VALUES ('906FA218-2E8E-92EA-700D-C3EBD25B7E77','9D50CF23-449A-5C9F-C501-3603A86FCFA3');
INSERT INTO user_has_interest (user_id, interest_id) VALUES ('906FA218-2E8E-92EA-700D-C3EBD25B7E77','5AC9EE27-E3E7-72FE-47CC-BB85B5E62AC6');
INSERT INTO user_has_interest (user_id, interest_id) VALUES ('906FA218-2E8E-92EA-700D-C3EBD25B7E77','E72E855B-8E43-64AB-0AEC-ACB15AC760D3');
INSERT INTO user_has_interest (user_id, interest_id) VALUES ('A97E3154-A08A-1359-EB39-9B39250F8035','1C496A02-C813-A031-F185-ACF3A0A0BB10');
INSERT INTO user_has_interest (user_id, interest_id) VALUES ('A97E3154-A08A-1359-EB39-9B39250F8035','867EEDF1-6381-FC68-12E1-6304EB143873');
INSERT INTO user_has_interest (user_id, interest_id) VALUES ('A97E3154-A08A-1359-EB39-9B39250F8035','9D50CF23-449A-5C9F-C501-3603A86FCFA3');
INSERT INTO user_has_interest (user_id, interest_id) VALUES ('A97E3154-A08A-1359-EB39-9B39250F8035','5AC9EE27-E3E7-72FE-47CC-BB85B5E62AC6');
INSERT INTO user_has_interest (user_id, interest_id) VALUES ('AB8FD8F9-4819-BFDB-C878-29AFDBDA0A0D','1C496A02-C813-A031-F185-ACF3A0A0BB10');
INSERT INTO user_has_interest (user_id, interest_id) VALUES ('AB8FD8F9-4819-BFDB-C878-29AFDBDA0A0D','867EEDF1-6381-FC68-12E1-6304EB143873');
INSERT INTO user_has_interest (user_id, interest_id) VALUES ('AB8FD8F9-4819-BFDB-C878-29AFDBDA0A0D','9D50CF23-449A-5C9F-C501-3603A86FCFA3');
INSERT INTO user_has_interest (user_id, interest_id) VALUES ('116487B3-E1F3-187E-2607-F2B59F0530EB','1C496A02-C813-A031-F185-ACF3A0A0BB10');
INSERT INTO user_has_interest (user_id, interest_id) VALUES ('116487B3-E1F3-187E-2607-F2B59F0530EB','867EEDF1-6381-FC68-12E1-6304EB143873');
INSERT INTO user_has_interest (user_id, interest_id) VALUES ('116487B3-E1F3-187E-2607-F2B59F0530EB','9D50CF23-449A-5C9F-C501-3603A86FCFA3');
INSERT INTO user_has_interest (user_id, interest_id) VALUES ('116487B3-E1F3-187E-2607-F2B59F0530EB','5AC9EE27-E3E7-72FE-47CC-BB85B5E62AC6');
INSERT INTO user_has_interest (user_id, interest_id) VALUES ('116487B3-E1F3-187E-2607-F2B59F0530EB','E72E855B-8E43-64AB-0AEC-ACB15AC760D3');
INSERT INTO user_has_interest (user_id, interest_id) VALUES ('1FE0A150-1494-976B-EC63-26BDB232678A','1C496A02-C813-A031-F185-ACF3A0A0BB10');
INSERT INTO user_has_interest (user_id, interest_id) VALUES ('1FE0A150-1494-976B-EC63-26BDB232678A','867EEDF1-6381-FC68-12E1-6304EB143873');
INSERT INTO user_has_interest (user_id, interest_id) VALUES ('1FE0A150-1494-976B-EC63-26BDB232678A','9D50CF23-449A-5C9F-C501-3603A86FCFA3');
INSERT INTO user_has_interest (user_id, interest_id) VALUES ('CB9ED083-B89B-99D7-5C96-65E6F9EEB8EE','1C496A02-C813-A031-F185-ACF3A0A0BB10');
INSERT INTO user_has_interest (user_id, interest_id) VALUES ('CB9ED083-B89B-99D7-5C96-65E6F9EEB8EE','867EEDF1-6381-FC68-12E1-6304EB143873');
INSERT INTO user_has_interest (user_id, interest_id) VALUES ('CB9ED083-B89B-99D7-5C96-65E6F9EEB8EE','9D50CF23-449A-5C9F-C501-3603A86FCFA3');
INSERT INTO user_has_interest (user_id, interest_id) VALUES ('CB9ED083-B89B-99D7-5C96-65E6F9EEB8EE','5AC9EE27-E3E7-72FE-47CC-BB85B5E62AC6');
INSERT INTO user_has_interest (user_id, interest_id) VALUES ('E5F67B7A-424A-D02F-17DD-DB33564FC356','1C496A02-C813-A031-F185-ACF3A0A0BB10');
INSERT INTO user_has_interest (user_id, interest_id) VALUES ('E5F67B7A-424A-D02F-17DD-DB33564FC356','867EEDF1-6381-FC68-12E1-6304EB143873');
INSERT INTO user_has_interest (user_id, interest_id) VALUES ('E5F67B7A-424A-D02F-17DD-DB33564FC356','9D50CF23-449A-5C9F-C501-3603A86FCFA3');
INSERT INTO user_has_interest (user_id, interest_id) VALUES ('9B80517E-4D80-679B-0D79-6139B818BA29','1C496A02-C813-A031-F185-ACF3A0A0BB10');
INSERT INTO user_has_interest (user_id, interest_id) VALUES ('9B80517E-4D80-679B-0D79-6139B818BA29','867EEDF1-6381-FC68-12E1-6304EB143873');
INSERT INTO user_has_interest (user_id, interest_id) VALUES ('9B80517E-4D80-679B-0D79-6139B818BA29','9D50CF23-449A-5C9F-C501-3603A86FCFA3');
INSERT INTO user_has_interest (user_id, interest_id) VALUES ('9B80517E-4D80-679B-0D79-6139B818BA29','5AC9EE27-E3E7-72FE-47CC-BB85B5E62AC6');
INSERT INTO user_has_interest (user_id, interest_id) VALUES ('9B80517E-4D80-679B-0D79-6139B818BA29','E72E855B-8E43-64AB-0AEC-ACB15AC760D3');
INSERT INTO user_has_interest (user_id, interest_id) VALUES ('F202E730-834A-5450-80FC-1E91B5E64D96','1C496A02-C813-A031-F185-ACF3A0A0BB10');
INSERT INTO user_has_interest (user_id, interest_id) VALUES ('F202E730-834A-5450-80FC-1E91B5E64D96','867EEDF1-6381-FC68-12E1-6304EB143873');
INSERT INTO user_has_interest (user_id, interest_id) VALUES ('F202E730-834A-5450-80FC-1E91B5E64D96','9D50CF23-449A-5C9F-C501-3603A86FCFA3');
INSERT INTO user_has_interest (user_id, interest_id) VALUES ('F202E730-834A-5450-80FC-1E91B5E64D96','5AC9EE27-E3E7-72FE-47CC-BB85B5E62AC6');
INSERT INTO user_has_interest (user_id, interest_id) VALUES ('83A6782F-0604-6ABA-4DA6-7DB3A1461E46','1C496A02-C813-A031-F185-ACF3A0A0BB10');
INSERT INTO user_has_interest (user_id, interest_id) VALUES ('83A6782F-0604-6ABA-4DA6-7DB3A1461E46','867EEDF1-6381-FC68-12E1-6304EB143873');
INSERT INTO user_has_interest (user_id, interest_id) VALUES ('83A6782F-0604-6ABA-4DA6-7DB3A1461E46','9D50CF23-449A-5C9F-C501-3603A86FCFA3');
INSERT INTO user_has_interest (user_id, interest_id) VALUES ('5B51142B-CBFD-EC8F-FB97-E3F15F5F036C','1C496A02-C813-A031-F185-ACF3A0A0BB10');
INSERT INTO user_has_interest (user_id, interest_id) VALUES ('5B51142B-CBFD-EC8F-FB97-E3F15F5F036C','867EEDF1-6381-FC68-12E1-6304EB143873');
INSERT INTO user_has_interest (user_id, interest_id) VALUES ('5B51142B-CBFD-EC8F-FB97-E3F15F5F036C','9D50CF23-449A-5C9F-C501-3603A86FCFA3');
INSERT INTO user_has_interest (user_id, interest_id) VALUES ('5B51142B-CBFD-EC8F-FB97-E3F15F5F036C','5AC9EE27-E3E7-72FE-47CC-BB85B5E62AC6');
INSERT INTO user_has_interest (user_id, interest_id) VALUES ('5B51142B-CBFD-EC8F-FB97-E3F15F5F036C','E72E855B-8E43-64AB-0AEC-ACB15AC760D3');
INSERT INTO user_has_interest (user_id, interest_id) VALUES ('BED0B0B3-DC46-270A-F1A6-F7EB9E200D3C','1C496A02-C813-A031-F185-ACF3A0A0BB10');
INSERT INTO user_has_interest (user_id, interest_id) VALUES ('67E40F3D-1727-FE40-848B-E1B5B4532840','1C496A02-C813-A031-F185-ACF3A0A0BB10');
INSERT INTO user_has_interest (user_id, interest_id) VALUES ('67E40F3D-1727-FE40-848B-E1B5B4532840','867EEDF1-6381-FC68-12E1-6304EB143873');
INSERT INTO user_has_interest (user_id, interest_id) VALUES ('67E40F3D-1727-FE40-848B-E1B5B4532840','9D50CF23-449A-5C9F-C501-3603A86FCFA3');
INSERT INTO user_has_interest (user_id, interest_id) VALUES ('BA010AE7-2507-6475-D233-70BB577F6BF8','1C496A02-C813-A031-F185-ACF3A0A0BB10');
INSERT INTO user_has_interest (user_id, interest_id) VALUES ('112907EE-5EC0-51C0-CA51-78F7343F120F','1C496A02-C813-A031-F185-ACF3A0A0BB10');
INSERT INTO user_has_interest (user_id, interest_id) VALUES ('112907EE-5EC0-51C0-CA51-78F7343F120F','867EEDF1-6381-FC68-12E1-6304EB143873');
INSERT INTO user_has_interest (user_id, interest_id) VALUES ('112907EE-5EC0-51C0-CA51-78F7343F120F','9D50CF23-449A-5C9F-C501-3603A86FCFA3');
INSERT INTO user_has_interest (user_id, interest_id) VALUES ('112907EE-5EC0-51C0-CA51-78F7343F120F','5AC9EE27-E3E7-72FE-47CC-BB85B5E62AC6');
INSERT INTO user_has_interest (user_id, interest_id) VALUES ('112907EE-5EC0-51C0-CA51-78F7343F120F','E72E855B-8E43-64AB-0AEC-ACB15AC760D3');
INSERT INTO user_has_interest (user_id, interest_id) VALUES ('112907EE-5EC0-51C0-CA51-78F7343F120F','EEC77913-96BB-9323-49BC-A060F7CF8C21');
INSERT INTO user_has_interest (user_id, interest_id) VALUES ('436FFA7F-340B-311C-3627-A254B61D5C79','1C496A02-C813-A031-F185-ACF3A0A0BB10');
INSERT INTO user_has_interest (user_id, interest_id) VALUES ('B74ABF89-2298-A61A-E041-2BD940D831E9','1C496A02-C813-A031-F185-ACF3A0A0BB10');
INSERT INTO user_has_interest (user_id, interest_id) VALUES ('B74ABF89-2298-A61A-E041-2BD940D831E9','867EEDF1-6381-FC68-12E1-6304EB143873');
INSERT INTO user_has_interest (user_id, interest_id) VALUES ('B74ABF89-2298-A61A-E041-2BD940D831E9','9D50CF23-449A-5C9F-C501-3603A86FCFA3');
INSERT INTO user_has_interest (user_id, interest_id) VALUES ('B74ABF89-2298-A61A-E041-2BD940D831E9','5AC9EE27-E3E7-72FE-47CC-BB85B5E62AC6');
INSERT INTO user_has_interest (user_id, interest_id) VALUES ('7D43380E-E23D-30BB-542A-F3F6C64055C7','1C496A02-C813-A031-F185-ACF3A0A0BB10');
INSERT INTO user_has_interest (user_id, interest_id) VALUES ('7D43380E-E23D-30BB-542A-F3F6C64055C7','867EEDF1-6381-FC68-12E1-6304EB143873');
INSERT INTO user_has_interest (user_id, interest_id) VALUES ('7D43380E-E23D-30BB-542A-F3F6C64055C7','9D50CF23-449A-5C9F-C501-3603A86FCFA3');
INSERT INTO user_has_interest (user_id, interest_id) VALUES ('7D43380E-E23D-30BB-542A-F3F6C64055C7','5AC9EE27-E3E7-72FE-47CC-BB85B5E62AC6');
INSERT INTO user_has_interest (user_id, interest_id) VALUES ('7D43380E-E23D-30BB-542A-F3F6C64055C7','E72E855B-8E43-64AB-0AEC-ACB15AC760D3');
INSERT INTO user_has_interest (user_id, interest_id) VALUES ('1110B745-985F-B124-CB2E-71B6912E07BB','1C496A02-C813-A031-F185-ACF3A0A0BB10');
INSERT INTO user_has_interest (user_id, interest_id) VALUES ('1110B745-985F-B124-CB2E-71B6912E07BB','867EEDF1-6381-FC68-12E1-6304EB143873');
INSERT INTO user_has_interest (user_id, interest_id) VALUES ('1110B745-985F-B124-CB2E-71B6912E07BB','9D50CF23-449A-5C9F-C501-3603A86FCFA3');
INSERT INTO user_has_interest (user_id, interest_id) VALUES ('1110B745-985F-B124-CB2E-71B6912E07BB','5AC9EE27-E3E7-72FE-47CC-BB85B5E62AC6');
INSERT INTO user_has_interest (user_id, interest_id) VALUES ('2BCE0AB1-A220-CF4F-4472-949DF48022B8','1C496A02-C813-A031-F185-ACF3A0A0BB10');
INSERT INTO user_has_interest (user_id, interest_id) VALUES ('2BCE0AB1-A220-CF4F-4472-949DF48022B8','867EEDF1-6381-FC68-12E1-6304EB143873');
INSERT INTO user_has_interest (user_id, interest_id) VALUES ('AE37DA94-8A40-7B59-99B8-6930A14DF920','1C496A02-C813-A031-F185-ACF3A0A0BB10');
INSERT INTO user_has_interest (user_id, interest_id) VALUES ('AE37DA94-8A40-7B59-99B8-6930A14DF920','867EEDF1-6381-FC68-12E1-6304EB143873');
INSERT INTO user_has_interest (user_id, interest_id) VALUES ('AE37DA94-8A40-7B59-99B8-6930A14DF920','9D50CF23-449A-5C9F-C501-3603A86FCFA3');
INSERT INTO user_has_interest (user_id, interest_id) VALUES ('732D82FD-F6FA-7ED0-2C96-3C05796BC720','1C496A02-C813-A031-F185-ACF3A0A0BB10');
INSERT INTO user_has_interest (user_id, interest_id) VALUES ('732D82FD-F6FA-7ED0-2C96-3C05796BC720','867EEDF1-6381-FC68-12E1-6304EB143873');
INSERT INTO user_has_interest (user_id, interest_id) VALUES ('732D82FD-F6FA-7ED0-2C96-3C05796BC720','9D50CF23-449A-5C9F-C501-3603A86FCFA3');
INSERT INTO user_has_interest (user_id, interest_id) VALUES ('732D82FD-F6FA-7ED0-2C96-3C05796BC720','5AC9EE27-E3E7-72FE-47CC-BB85B5E62AC6');
INSERT INTO user_has_interest (user_id, interest_id) VALUES ('732D82FD-F6FA-7ED0-2C96-3C05796BC720','E72E855B-8E43-64AB-0AEC-ACB15AC760D3');
INSERT INTO user_has_interest (user_id, interest_id) VALUES ('5D7A5B3A-2B15-89F6-EE50-665BA36B9611','1C496A02-C813-A031-F185-ACF3A0A0BB10');
INSERT INTO user_has_interest (user_id, interest_id) VALUES ('5D7A5B3A-2B15-89F6-EE50-665BA36B9611','867EEDF1-6381-FC68-12E1-6304EB143873');
INSERT INTO user_has_interest (user_id, interest_id) VALUES ('5D7A5B3A-2B15-89F6-EE50-665BA36B9611','9D50CF23-449A-5C9F-C501-3603A86FCFA3');
INSERT INTO user_has_interest (user_id, interest_id) VALUES ('AE8D3305-73DD-53F7-DBE1-6CA48EDF1F5F','1C496A02-C813-A031-F185-ACF3A0A0BB10');
INSERT INTO user_has_interest (user_id, interest_id) VALUES ('AE8D3305-73DD-53F7-DBE1-6CA48EDF1F5F','867EEDF1-6381-FC68-12E1-6304EB143873');
INSERT INTO user_has_interest (user_id, interest_id) VALUES ('819AA817-0CB1-6DF3-20CF-CF835E1793F9','1C496A02-C813-A031-F185-ACF3A0A0BB10');
INSERT INTO user_has_interest (user_id, interest_id) VALUES ('819AA817-0CB1-6DF3-20CF-CF835E1793F9','867EEDF1-6381-FC68-12E1-6304EB143873');
INSERT INTO user_has_interest (user_id, interest_id) VALUES ('819AA817-0CB1-6DF3-20CF-CF835E1793F9','9D50CF23-449A-5C9F-C501-3603A86FCFA3');
INSERT INTO user_has_interest (user_id, interest_id) VALUES ('5424E3A7-A8CE-679A-EED7-2FA107458B84','1C496A02-C813-A031-F185-ACF3A0A0BB10');
INSERT INTO user_has_interest (user_id, interest_id) VALUES ('FFCB10C1-731E-5EC7-8ADD-D61E8E3999E2','1C496A02-C813-A031-F185-ACF3A0A0BB10');
INSERT INTO user_has_interest (user_id, interest_id) VALUES ('FFCB10C1-731E-5EC7-8ADD-D61E8E3999E2','867EEDF1-6381-FC68-12E1-6304EB143873');
INSERT INTO user_has_interest (user_id, interest_id) VALUES ('FFCB10C1-731E-5EC7-8ADD-D61E8E3999E2','9D50CF23-449A-5C9F-C501-3603A86FCFA3');
INSERT INTO user_has_interest (user_id, interest_id) VALUES ('FFCB10C1-731E-5EC7-8ADD-D61E8E3999E2','5AC9EE27-E3E7-72FE-47CC-BB85B5E62AC6');
INSERT INTO user_has_interest (user_id, interest_id) VALUES ('FFCB10C1-731E-5EC7-8ADD-D61E8E3999E2','E72E855B-8E43-64AB-0AEC-ACB15AC760D3');
INSERT INTO user_has_interest (user_id, interest_id) VALUES ('FFCB10C1-731E-5EC7-8ADD-D61E8E3999E2','EEC77913-96BB-9323-49BC-A060F7CF8C21');
INSERT INTO user_has_interest (user_id, interest_id) VALUES ('1452406E-6AB8-3569-332A-816966FF01FC','1C496A02-C813-A031-F185-ACF3A0A0BB10');
INSERT INTO user_has_interest (user_id, interest_id) VALUES ('1452406E-6AB8-3569-332A-816966FF01FC','867EEDF1-6381-FC68-12E1-6304EB143873');
INSERT INTO user_has_interest (user_id, interest_id) VALUES ('1452406E-6AB8-3569-332A-816966FF01FC','9D50CF23-449A-5C9F-C501-3603A86FCFA3');
INSERT INTO user_has_interest (user_id, interest_id) VALUES ('1452406E-6AB8-3569-332A-816966FF01FC','5AC9EE27-E3E7-72FE-47CC-BB85B5E62AC6');
INSERT INTO user_has_interest (user_id, interest_id) VALUES ('472020F4-FDBF-83DA-5F1F-6D6FE45601D1','1C496A02-C813-A031-F185-ACF3A0A0BB10');
INSERT INTO user_has_interest (user_id, interest_id) VALUES ('472020F4-FDBF-83DA-5F1F-6D6FE45601D1','867EEDF1-6381-FC68-12E1-6304EB143873');
INSERT INTO user_has_interest (user_id, interest_id) VALUES ('472020F4-FDBF-83DA-5F1F-6D6FE45601D1','9D50CF23-449A-5C9F-C501-3603A86FCFA3');
INSERT INTO user_has_interest (user_id, interest_id) VALUES ('02B331FB-D3E3-2502-9F6F-CF627C1C0C57','1C496A02-C813-A031-F185-ACF3A0A0BB10');
INSERT INTO user_has_interest (user_id, interest_id) VALUES ('02B331FB-D3E3-2502-9F6F-CF627C1C0C57','867EEDF1-6381-FC68-12E1-6304EB143873');
INSERT INTO user_has_interest (user_id, interest_id) VALUES ('1483DF14-81F7-08E8-21E8-AB9219D2458F','1C496A02-C813-A031-F185-ACF3A0A0BB10');
INSERT INTO user_has_interest (user_id, interest_id) VALUES ('5C8808D8-1313-ECAB-1A05-D080FA6A4C93','1C496A02-C813-A031-F185-ACF3A0A0BB10');
INSERT INTO user_has_interest (user_id, interest_id) VALUES ('F291386A-0EFD-6E79-EE78-2630C70D8271','1C496A02-C813-A031-F185-ACF3A0A0BB10');
INSERT INTO user_has_interest (user_id, interest_id) VALUES ('F291386A-0EFD-6E79-EE78-2630C70D8271','867EEDF1-6381-FC68-12E1-6304EB143873');
INSERT INTO user_has_interest (user_id, interest_id) VALUES ('F291386A-0EFD-6E79-EE78-2630C70D8271','9D50CF23-449A-5C9F-C501-3603A86FCFA3');
INSERT INTO user_has_interest (user_id, interest_id) VALUES ('F291386A-0EFD-6E79-EE78-2630C70D8271','5AC9EE27-E3E7-72FE-47CC-BB85B5E62AC6');
INSERT INTO user_has_interest (user_id, interest_id) VALUES ('F291386A-0EFD-6E79-EE78-2630C70D8271','E72E855B-8E43-64AB-0AEC-ACB15AC760D3');
INSERT INTO user_has_interest (user_id, interest_id) VALUES ('F291386A-0EFD-6E79-EE78-2630C70D8271','EEC77913-96BB-9323-49BC-A060F7CF8C21');
INSERT INTO user_has_interest (user_id, interest_id) VALUES ('26C7CC39-3558-90E5-5B81-ABB97ACCFC0B','1C496A02-C813-A031-F185-ACF3A0A0BB10');
INSERT INTO user_has_interest (user_id, interest_id) VALUES ('26C7CC39-3558-90E5-5B81-ABB97ACCFC0B','867EEDF1-6381-FC68-12E1-6304EB143873');
INSERT INTO user_has_interest (user_id, interest_id) VALUES ('26C7CC39-3558-90E5-5B81-ABB97ACCFC0B','9D50CF23-449A-5C9F-C501-3603A86FCFA3');
INSERT INTO user_has_interest (user_id, interest_id) VALUES ('71DA7647-499A-64E8-1727-41D4BDB5B51A','1C496A02-C813-A031-F185-ACF3A0A0BB10');
INSERT INTO user_has_interest (user_id, interest_id) VALUES ('71DA7647-499A-64E8-1727-41D4BDB5B51A','867EEDF1-6381-FC68-12E1-6304EB143873');
INSERT INTO user_has_interest (user_id, interest_id) VALUES ('71DA7647-499A-64E8-1727-41D4BDB5B51A','9D50CF23-449A-5C9F-C501-3603A86FCFA3');
INSERT INTO user_has_interest (user_id, interest_id) VALUES ('71DA7647-499A-64E8-1727-41D4BDB5B51A','5AC9EE27-E3E7-72FE-47CC-BB85B5E62AC6');
INSERT INTO user_has_interest (user_id, interest_id) VALUES ('71DA7647-499A-64E8-1727-41D4BDB5B51A','E72E855B-8E43-64AB-0AEC-ACB15AC760D3');
INSERT INTO user_has_interest (user_id, interest_id) VALUES ('71DA7647-499A-64E8-1727-41D4BDB5B51A','EEC77913-96BB-9323-49BC-A060F7CF8C21');
INSERT INTO user_has_interest (user_id, interest_id) VALUES ('C1180E36-D9B8-D644-9739-B576446C6CBC','1C496A02-C813-A031-F185-ACF3A0A0BB10');
INSERT INTO user_has_interest (user_id, interest_id) VALUES ('C1180E36-D9B8-D644-9739-B576446C6CBC','867EEDF1-6381-FC68-12E1-6304EB143873');
INSERT INTO user_has_interest (user_id, interest_id) VALUES ('9DC21369-CD58-EB44-7017-66355B554400','1C496A02-C813-A031-F185-ACF3A0A0BB10');
INSERT INTO user_has_interest (user_id, interest_id) VALUES ('9DC21369-CD58-EB44-7017-66355B554400','867EEDF1-6381-FC68-12E1-6304EB143873');
INSERT INTO user_has_interest (user_id, interest_id) VALUES ('9DC21369-CD58-EB44-7017-66355B554400','9D50CF23-449A-5C9F-C501-3603A86FCFA3');
INSERT INTO user_has_interest (user_id, interest_id) VALUES ('9DC21369-CD58-EB44-7017-66355B554400','5AC9EE27-E3E7-72FE-47CC-BB85B5E62AC6');
INSERT INTO user_has_interest (user_id, interest_id) VALUES ('9DC21369-CD58-EB44-7017-66355B554400','E72E855B-8E43-64AB-0AEC-ACB15AC760D3');
INSERT INTO user_has_interest (user_id, interest_id) VALUES ('9DC21369-CD58-EB44-7017-66355B554400','EEC77913-96BB-9323-49BC-A060F7CF8C21');
INSERT INTO user_has_interest (user_id, interest_id) VALUES ('69DA7862-A47A-DC4B-7111-91EC5EB2B6D0','1C496A02-C813-A031-F185-ACF3A0A0BB10');
INSERT INTO user_has_interest (user_id, interest_id) VALUES ('69DA7862-A47A-DC4B-7111-91EC5EB2B6D0','867EEDF1-6381-FC68-12E1-6304EB143873');
INSERT INTO user_has_interest (user_id, interest_id) VALUES ('69DA7862-A47A-DC4B-7111-91EC5EB2B6D0','9D50CF23-449A-5C9F-C501-3603A86FCFA3');
INSERT INTO user_has_interest (user_id, interest_id) VALUES ('0141B3A2-F5A8-BDC9-F5E4-C1D658159A83','1C496A02-C813-A031-F185-ACF3A0A0BB10');
INSERT INTO user_has_interest (user_id, interest_id) VALUES ('7D555604-03E6-03A7-2C86-B7C8FBFB9A78','1C496A02-C813-A031-F185-ACF3A0A0BB10');
INSERT INTO user_has_interest (user_id, interest_id) VALUES ('7D555604-03E6-03A7-2C86-B7C8FBFB9A78','867EEDF1-6381-FC68-12E1-6304EB143873');
INSERT INTO user_has_interest (user_id, interest_id) VALUES ('7D555604-03E6-03A7-2C86-B7C8FBFB9A78','9D50CF23-449A-5C9F-C501-3603A86FCFA3');
INSERT INTO user_has_interest (user_id, interest_id) VALUES ('7D555604-03E6-03A7-2C86-B7C8FBFB9A78','5AC9EE27-E3E7-72FE-47CC-BB85B5E62AC6');
INSERT INTO user_has_interest (user_id, interest_id) VALUES ('221A1D2F-6F25-D812-F270-4979F7A6F9C3','1C496A02-C813-A031-F185-ACF3A0A0BB10');
INSERT INTO user_has_interest (user_id, interest_id) VALUES ('221A1D2F-6F25-D812-F270-4979F7A6F9C3','867EEDF1-6381-FC68-12E1-6304EB143873');
INSERT INTO user_has_interest (user_id, interest_id) VALUES ('221A1D2F-6F25-D812-F270-4979F7A6F9C3','9D50CF23-449A-5C9F-C501-3603A86FCFA3');
INSERT INTO user_has_interest (user_id, interest_id) VALUES ('221A1D2F-6F25-D812-F270-4979F7A6F9C3','5AC9EE27-E3E7-72FE-47CC-BB85B5E62AC6');
INSERT INTO user_has_interest (user_id, interest_id) VALUES ('221A1D2F-6F25-D812-F270-4979F7A6F9C3','E72E855B-8E43-64AB-0AEC-ACB15AC760D3');
INSERT INTO user_has_interest (user_id, interest_id) VALUES ('221A1D2F-6F25-D812-F270-4979F7A6F9C3','EEC77913-96BB-9323-49BC-A060F7CF8C21');
INSERT INTO user_has_interest (user_id, interest_id) VALUES ('AD8C635D-8233-8ED0-B373-FA17EA156520','1C496A02-C813-A031-F185-ACF3A0A0BB10');
INSERT INTO user_has_interest (user_id, interest_id) VALUES ('AD8C635D-8233-8ED0-B373-FA17EA156520','867EEDF1-6381-FC68-12E1-6304EB143873');
INSERT INTO user_has_interest (user_id, interest_id) VALUES ('AD8C635D-8233-8ED0-B373-FA17EA156520','9D50CF23-449A-5C9F-C501-3603A86FCFA3');
INSERT INTO user_has_interest (user_id, interest_id) VALUES ('AD8C635D-8233-8ED0-B373-FA17EA156520','5AC9EE27-E3E7-72FE-47CC-BB85B5E62AC6');
INSERT INTO user_has_interest (user_id, interest_id) VALUES ('AD8C635D-8233-8ED0-B373-FA17EA156520','E72E855B-8E43-64AB-0AEC-ACB15AC760D3');
INSERT INTO user_has_interest (user_id, interest_id) VALUES ('751C4BF5-86E2-696E-38C0-9DB196FA12CB','1C496A02-C813-A031-F185-ACF3A0A0BB10');
INSERT INTO user_has_interest (user_id, interest_id) VALUES ('751C4BF5-86E2-696E-38C0-9DB196FA12CB','867EEDF1-6381-FC68-12E1-6304EB143873');
INSERT INTO user_has_interest (user_id, interest_id) VALUES ('751C4BF5-86E2-696E-38C0-9DB196FA12CB','9D50CF23-449A-5C9F-C501-3603A86FCFA3');
INSERT INTO user_has_interest (user_id, interest_id) VALUES ('751C4BF5-86E2-696E-38C0-9DB196FA12CB','5AC9EE27-E3E7-72FE-47CC-BB85B5E62AC6');
INSERT INTO user_has_interest (user_id, interest_id) VALUES ('751C4BF5-86E2-696E-38C0-9DB196FA12CB','E72E855B-8E43-64AB-0AEC-ACB15AC760D3');
INSERT INTO user_has_interest (user_id, interest_id) VALUES ('D15ECDDD-0667-A10C-CB94-B85181658EAE','1C496A02-C813-A031-F185-ACF3A0A0BB10');
INSERT INTO user_has_interest (user_id, interest_id) VALUES ('D15ECDDD-0667-A10C-CB94-B85181658EAE','867EEDF1-6381-FC68-12E1-6304EB143873');
INSERT INTO user_has_interest (user_id, interest_id) VALUES ('930CD5E9-4A5A-5FB5-D2A7-5F4E2041936B','1C496A02-C813-A031-F185-ACF3A0A0BB10');
INSERT INTO user_has_interest (user_id, interest_id) VALUES ('930CD5E9-4A5A-5FB5-D2A7-5F4E2041936B','867EEDF1-6381-FC68-12E1-6304EB143873');
INSERT INTO user_has_interest (user_id, interest_id) VALUES ('930CD5E9-4A5A-5FB5-D2A7-5F4E2041936B','9D50CF23-449A-5C9F-C501-3603A86FCFA3');
INSERT INTO user_has_interest (user_id, interest_id) VALUES ('930CD5E9-4A5A-5FB5-D2A7-5F4E2041936B','5AC9EE27-E3E7-72FE-47CC-BB85B5E62AC6');
INSERT INTO user_has_interest (user_id, interest_id) VALUES ('930CD5E9-4A5A-5FB5-D2A7-5F4E2041936B','E72E855B-8E43-64AB-0AEC-ACB15AC760D3');
INSERT INTO user_has_interest (user_id, interest_id) VALUES ('8F78A687-F25F-1905-9744-FC37890A6FAC','1C496A02-C813-A031-F185-ACF3A0A0BB10');
INSERT INTO user_has_interest (user_id, interest_id) VALUES ('8F78A687-F25F-1905-9744-FC37890A6FAC','867EEDF1-6381-FC68-12E1-6304EB143873');
INSERT INTO user_has_interest (user_id, interest_id) VALUES ('8F78A687-F25F-1905-9744-FC37890A6FAC','9D50CF23-449A-5C9F-C501-3603A86FCFA3');
INSERT INTO user_has_interest (user_id, interest_id) VALUES ('8F78A687-F25F-1905-9744-FC37890A6FAC','5AC9EE27-E3E7-72FE-47CC-BB85B5E62AC6');
INSERT INTO user_has_interest (user_id, interest_id) VALUES ('2B95C505-9087-0C20-6859-3A76C14B83D4','1C496A02-C813-A031-F185-ACF3A0A0BB10');
INSERT INTO user_has_interest (user_id, interest_id) VALUES ('2B95C505-9087-0C20-6859-3A76C14B83D4','867EEDF1-6381-FC68-12E1-6304EB143873');
INSERT INTO user_has_interest (user_id, interest_id) VALUES ('E703600E-348B-215B-1B10-45D888DA7A4B','1C496A02-C813-A031-F185-ACF3A0A0BB10');
INSERT INTO user_has_interest (user_id, interest_id) VALUES ('E703600E-348B-215B-1B10-45D888DA7A4B','867EEDF1-6381-FC68-12E1-6304EB143873');
INSERT INTO user_has_interest (user_id, interest_id) VALUES ('E703600E-348B-215B-1B10-45D888DA7A4B','9D50CF23-449A-5C9F-C501-3603A86FCFA3');
INSERT INTO user_has_interest (user_id, interest_id) VALUES ('0127BD0F-1EE6-2D3A-614F-FE297936CCE6','1C496A02-C813-A031-F185-ACF3A0A0BB10');
INSERT INTO user_has_interest (user_id, interest_id) VALUES ('0127BD0F-1EE6-2D3A-614F-FE297936CCE6','867EEDF1-6381-FC68-12E1-6304EB143873');
INSERT INTO user_has_interest (user_id, interest_id) VALUES ('3189BE9B-2211-4D97-857D-84E4CFF0CB13','1C496A02-C813-A031-F185-ACF3A0A0BB10');
INSERT INTO user_has_interest (user_id, interest_id) VALUES ('3189BE9B-2211-4D97-857D-84E4CFF0CB13','867EEDF1-6381-FC68-12E1-6304EB143873');
INSERT INTO user_has_interest (user_id, interest_id) VALUES ('3189BE9B-2211-4D97-857D-84E4CFF0CB13','9D50CF23-449A-5C9F-C501-3603A86FCFA3');
INSERT INTO user_has_interest (user_id, interest_id) VALUES ('3189BE9B-2211-4D97-857D-84E4CFF0CB13','5AC9EE27-E3E7-72FE-47CC-BB85B5E62AC6');
INSERT INTO user_has_interest (user_id, interest_id) VALUES ('3189BE9B-2211-4D97-857D-84E4CFF0CB13','E72E855B-8E43-64AB-0AEC-ACB15AC760D3');
INSERT INTO user_has_interest (user_id, interest_id) VALUES ('3189BE9B-2211-4D97-857D-84E4CFF0CB13','EEC77913-96BB-9323-49BC-A060F7CF8C21');
INSERT INTO user_has_interest (user_id, interest_id) VALUES ('C27D5BA0-242D-7F4A-3D1F-459BBF17B39F','1C496A02-C813-A031-F185-ACF3A0A0BB10');
INSERT INTO user_has_interest (user_id, interest_id) VALUES ('C27D5BA0-242D-7F4A-3D1F-459BBF17B39F','867EEDF1-6381-FC68-12E1-6304EB143873');
INSERT INTO user_has_interest (user_id, interest_id) VALUES ('C27D5BA0-242D-7F4A-3D1F-459BBF17B39F','9D50CF23-449A-5C9F-C501-3603A86FCFA3');
INSERT INTO user_has_interest (user_id, interest_id) VALUES ('C27D5BA0-242D-7F4A-3D1F-459BBF17B39F','5AC9EE27-E3E7-72FE-47CC-BB85B5E62AC6');
INSERT INTO user_has_interest (user_id, interest_id) VALUES ('321E2A3C-4C17-4B6D-F5BF-93322BC032F8','1C496A02-C813-A031-F185-ACF3A0A0BB10');
INSERT INTO user_has_interest (user_id, interest_id) VALUES ('321E2A3C-4C17-4B6D-F5BF-93322BC032F8','867EEDF1-6381-FC68-12E1-6304EB143873');
INSERT INTO user_has_interest (user_id, interest_id) VALUES ('321E2A3C-4C17-4B6D-F5BF-93322BC032F8','9D50CF23-449A-5C9F-C501-3603A86FCFA3');
INSERT INTO user_has_interest (user_id, interest_id) VALUES ('321E2A3C-4C17-4B6D-F5BF-93322BC032F8','5AC9EE27-E3E7-72FE-47CC-BB85B5E62AC6');
INSERT INTO user_has_interest (user_id, interest_id) VALUES ('321E2A3C-4C17-4B6D-F5BF-93322BC032F8','E72E855B-8E43-64AB-0AEC-ACB15AC760D3');
INSERT INTO user_has_interest (user_id, interest_id) VALUES ('1F66C4C9-3DD5-23B0-2BFE-9DEB9E2E5724','1C496A02-C813-A031-F185-ACF3A0A0BB10');
INSERT INTO user_has_interest (user_id, interest_id) VALUES ('1F66C4C9-3DD5-23B0-2BFE-9DEB9E2E5724','867EEDF1-6381-FC68-12E1-6304EB143873');
INSERT INTO user_has_interest (user_id, interest_id) VALUES ('1F66C4C9-3DD5-23B0-2BFE-9DEB9E2E5724','9D50CF23-449A-5C9F-C501-3603A86FCFA3');
INSERT INTO user_has_interest (user_id, interest_id) VALUES ('1F66C4C9-3DD5-23B0-2BFE-9DEB9E2E5724','5AC9EE27-E3E7-72FE-47CC-BB85B5E62AC6');
INSERT INTO user_has_interest (user_id, interest_id) VALUES ('F8F86609-FFBE-434C-7D41-B2CA6DCE9E41','1C496A02-C813-A031-F185-ACF3A0A0BB10');
INSERT INTO user_has_interest (user_id, interest_id) VALUES ('F8F86609-FFBE-434C-7D41-B2CA6DCE9E41','867EEDF1-6381-FC68-12E1-6304EB143873');
INSERT INTO user_has_interest (user_id, interest_id) VALUES ('F8F86609-FFBE-434C-7D41-B2CA6DCE9E41','9D50CF23-449A-5C9F-C501-3603A86FCFA3');
INSERT INTO user_has_interest (user_id, interest_id) VALUES ('F8F86609-FFBE-434C-7D41-B2CA6DCE9E41','5AC9EE27-E3E7-72FE-47CC-BB85B5E62AC6');
INSERT INTO user_has_interest (user_id, interest_id) VALUES ('F8F86609-FFBE-434C-7D41-B2CA6DCE9E41','E72E855B-8E43-64AB-0AEC-ACB15AC760D3');
INSERT INTO user_has_interest (user_id, interest_id) VALUES ('F8F86609-FFBE-434C-7D41-B2CA6DCE9E41','EEC77913-96BB-9323-49BC-A060F7CF8C21');
INSERT INTO user_has_interest (user_id, interest_id) VALUES ('F671E5BB-2685-6A1E-0002-A5E0F757BF62','1C496A02-C813-A031-F185-ACF3A0A0BB10');
INSERT INTO user_has_interest (user_id, interest_id) VALUES ('255EDAA7-2572-5F6C-DA42-4FCB793565D3','1C496A02-C813-A031-F185-ACF3A0A0BB10');
INSERT INTO user_has_interest (user_id, interest_id) VALUES ('4042C12D-8E21-CB3A-3F4B-7655BA0B55C6','1C496A02-C813-A031-F185-ACF3A0A0BB10');
INSERT INTO user_has_interest (user_id, interest_id) VALUES ('FF8868A9-8291-5903-761A-5C7938E6487F','1C496A02-C813-A031-F185-ACF3A0A0BB10');
INSERT INTO user_has_interest (user_id, interest_id) VALUES ('FF8868A9-8291-5903-761A-5C7938E6487F','867EEDF1-6381-FC68-12E1-6304EB143873');
INSERT INTO user_has_interest (user_id, interest_id) VALUES ('FF8868A9-8291-5903-761A-5C7938E6487F','9D50CF23-449A-5C9F-C501-3603A86FCFA3');
INSERT INTO user_has_interest (user_id, interest_id) VALUES ('FF8868A9-8291-5903-761A-5C7938E6487F','5AC9EE27-E3E7-72FE-47CC-BB85B5E62AC6');
INSERT INTO user_has_interest (user_id, interest_id) VALUES ('FF8868A9-8291-5903-761A-5C7938E6487F','E72E855B-8E43-64AB-0AEC-ACB15AC760D3');
INSERT INTO user_has_interest (user_id, interest_id) VALUES ('FF8868A9-8291-5903-761A-5C7938E6487F','EEC77913-96BB-9323-49BC-A060F7CF8C21');
INSERT INTO user_has_interest (user_id, interest_id) VALUES ('9568A2A7-E342-4E5D-7F18-98311B16ADF6','1C496A02-C813-A031-F185-ACF3A0A0BB10');
INSERT INTO user_has_interest (user_id, interest_id) VALUES ('9568A2A7-E342-4E5D-7F18-98311B16ADF6','867EEDF1-6381-FC68-12E1-6304EB143873');
INSERT INTO user_has_interest (user_id, interest_id) VALUES ('9568A2A7-E342-4E5D-7F18-98311B16ADF6','9D50CF23-449A-5C9F-C501-3603A86FCFA3');
INSERT INTO user_has_interest (user_id, interest_id) VALUES ('9568A2A7-E342-4E5D-7F18-98311B16ADF6','5AC9EE27-E3E7-72FE-47CC-BB85B5E62AC6');
INSERT INTO user_has_interest (user_id, interest_id) VALUES ('D1EEB861-148A-397D-5CFD-913DCB347117','1C496A02-C813-A031-F185-ACF3A0A0BB10');
INSERT INTO user_has_interest (user_id, interest_id) VALUES ('D1EEB861-148A-397D-5CFD-913DCB347117','867EEDF1-6381-FC68-12E1-6304EB143873');
INSERT INTO user_has_interest (user_id, interest_id) VALUES ('D1EEB861-148A-397D-5CFD-913DCB347117','9D50CF23-449A-5C9F-C501-3603A86FCFA3');
INSERT INTO user_has_interest (user_id, interest_id) VALUES ('D1EEB861-148A-397D-5CFD-913DCB347117','5AC9EE27-E3E7-72FE-47CC-BB85B5E62AC6');
INSERT INTO user_has_interest (user_id, interest_id) VALUES ('3C4810CA-FAB6-7FCD-C94B-5FEEBB572765','1C496A02-C813-A031-F185-ACF3A0A0BB10');
INSERT INTO user_has_interest (user_id, interest_id) VALUES ('5957EE61-E70A-68CE-6010-D9406192051D','1C496A02-C813-A031-F185-ACF3A0A0BB10');
INSERT INTO user_has_interest (user_id, interest_id) VALUES ('5957EE61-E70A-68CE-6010-D9406192051D','867EEDF1-6381-FC68-12E1-6304EB143873');
INSERT INTO user_has_interest (user_id, interest_id) VALUES ('5957EE61-E70A-68CE-6010-D9406192051D','9D50CF23-449A-5C9F-C501-3603A86FCFA3');
INSERT INTO user_has_interest (user_id, interest_id) VALUES ('5957EE61-E70A-68CE-6010-D9406192051D','5AC9EE27-E3E7-72FE-47CC-BB85B5E62AC6');
INSERT INTO user_has_interest (user_id, interest_id) VALUES ('5957EE61-E70A-68CE-6010-D9406192051D','E72E855B-8E43-64AB-0AEC-ACB15AC760D3');
INSERT INTO user_has_interest (user_id, interest_id) VALUES ('D03AD1B0-33B9-FADD-7E2B-CD0A0B582EED','1C496A02-C813-A031-F185-ACF3A0A0BB10');
INSERT INTO user_has_interest (user_id, interest_id) VALUES ('D03AD1B0-33B9-FADD-7E2B-CD0A0B582EED','867EEDF1-6381-FC68-12E1-6304EB143873');
INSERT INTO user_has_interest (user_id, interest_id) VALUES ('D03AD1B0-33B9-FADD-7E2B-CD0A0B582EED','9D50CF23-449A-5C9F-C501-3603A86FCFA3');
INSERT INTO user_has_interest (user_id, interest_id) VALUES ('D03AD1B0-33B9-FADD-7E2B-CD0A0B582EED','5AC9EE27-E3E7-72FE-47CC-BB85B5E62AC6');
INSERT INTO user_has_interest (user_id, interest_id) VALUES ('D03AD1B0-33B9-FADD-7E2B-CD0A0B582EED','E72E855B-8E43-64AB-0AEC-ACB15AC760D3');
INSERT INTO user_has_interest (user_id, interest_id) VALUES ('260C72C1-8E47-B72A-E8F1-6D1B7D88E507','1C496A02-C813-A031-F185-ACF3A0A0BB10');
INSERT INTO user_has_interest (user_id, interest_id) VALUES ('C4DE709B-D349-3A63-D508-E36B35317F72','1C496A02-C813-A031-F185-ACF3A0A0BB10');
INSERT INTO user_has_interest (user_id, interest_id) VALUES ('886E2863-0AB2-386D-895C-495ABC7B706A','1C496A02-C813-A031-F185-ACF3A0A0BB10');
INSERT INTO user_has_interest (user_id, interest_id) VALUES ('886E2863-0AB2-386D-895C-495ABC7B706A','867EEDF1-6381-FC68-12E1-6304EB143873');
INSERT INTO user_has_interest (user_id, interest_id) VALUES ('886E2863-0AB2-386D-895C-495ABC7B706A','9D50CF23-449A-5C9F-C501-3603A86FCFA3');
INSERT INTO user_has_interest (user_id, interest_id) VALUES ('886E2863-0AB2-386D-895C-495ABC7B706A','5AC9EE27-E3E7-72FE-47CC-BB85B5E62AC6');
INSERT INTO user_has_interest (user_id, interest_id) VALUES ('41731687-B900-210F-B086-945B5434385F','1C496A02-C813-A031-F185-ACF3A0A0BB10');
INSERT INTO user_has_interest (user_id, interest_id) VALUES ('41731687-B900-210F-B086-945B5434385F','867EEDF1-6381-FC68-12E1-6304EB143873');
INSERT INTO user_has_interest (user_id, interest_id) VALUES ('41731687-B900-210F-B086-945B5434385F','9D50CF23-449A-5C9F-C501-3603A86FCFA3');
INSERT INTO user_has_interest (user_id, interest_id) VALUES ('3B1DD2B4-F9DE-D8FB-C62A-8332C401CAFD','1C496A02-C813-A031-F185-ACF3A0A0BB10');
INSERT INTO user_has_interest (user_id, interest_id) VALUES ('2D278012-667C-8150-2912-4FA907953089','1C496A02-C813-A031-F185-ACF3A0A0BB10');
INSERT INTO user_has_interest (user_id, interest_id) VALUES ('167432E7-1543-297E-D5CB-79666A349E22','1C496A02-C813-A031-F185-ACF3A0A0BB10');
INSERT INTO user_has_interest (user_id, interest_id) VALUES ('167432E7-1543-297E-D5CB-79666A349E22','867EEDF1-6381-FC68-12E1-6304EB143873');
INSERT INTO user_has_interest (user_id, interest_id) VALUES ('167432E7-1543-297E-D5CB-79666A349E22','9D50CF23-449A-5C9F-C501-3603A86FCFA3');
INSERT INTO user_has_interest (user_id, interest_id) VALUES ('AF8284CC-C4C3-F467-DE43-96143BC0DC36','1C496A02-C813-A031-F185-ACF3A0A0BB10');
INSERT INTO user_has_interest (user_id, interest_id) VALUES ('AF8284CC-C4C3-F467-DE43-96143BC0DC36','867EEDF1-6381-FC68-12E1-6304EB143873');
INSERT INTO user_has_interest (user_id, interest_id) VALUES ('AF8284CC-C4C3-F467-DE43-96143BC0DC36','9D50CF23-449A-5C9F-C501-3603A86FCFA3');
INSERT INTO user_has_interest (user_id, interest_id) VALUES ('AF8284CC-C4C3-F467-DE43-96143BC0DC36','5AC9EE27-E3E7-72FE-47CC-BB85B5E62AC6');
INSERT INTO user_has_interest (user_id, interest_id) VALUES ('AF8284CC-C4C3-F467-DE43-96143BC0DC36','E72E855B-8E43-64AB-0AEC-ACB15AC760D3');
INSERT INTO user_has_interest (user_id, interest_id) VALUES ('1B8A4B04-C8AD-1C4E-FCC0-F7338DDFBC22','1C496A02-C813-A031-F185-ACF3A0A0BB10');
INSERT INTO user_has_interest (user_id, interest_id) VALUES ('1B8A4B04-C8AD-1C4E-FCC0-F7338DDFBC22','867EEDF1-6381-FC68-12E1-6304EB143873');
INSERT INTO user_has_interest (user_id, interest_id) VALUES ('1B8A4B04-C8AD-1C4E-FCC0-F7338DDFBC22','9D50CF23-449A-5C9F-C501-3603A86FCFA3');
INSERT INTO user_has_interest (user_id, interest_id) VALUES ('1B8A4B04-C8AD-1C4E-FCC0-F7338DDFBC22','5AC9EE27-E3E7-72FE-47CC-BB85B5E62AC6');
INSERT INTO user_has_interest (user_id, interest_id) VALUES ('1B8A4B04-C8AD-1C4E-FCC0-F7338DDFBC22','E72E855B-8E43-64AB-0AEC-ACB15AC760D3');
INSERT INTO user_has_interest (user_id, interest_id) VALUES ('1B8A4B04-C8AD-1C4E-FCC0-F7338DDFBC22','EEC77913-96BB-9323-49BC-A060F7CF8C21');
INSERT INTO user_has_interest (user_id, interest_id) VALUES ('59589793-A86A-ABC3-8B21-15FEA29F11E8','1C496A02-C813-A031-F185-ACF3A0A0BB10');
INSERT INTO user_has_interest (user_id, interest_id) VALUES ('31558730-C7BB-ECAB-8B5F-AF014EB07357','1C496A02-C813-A031-F185-ACF3A0A0BB10');
INSERT INTO user_has_interest (user_id, interest_id) VALUES ('31558730-C7BB-ECAB-8B5F-AF014EB07357','867EEDF1-6381-FC68-12E1-6304EB143873');
INSERT INTO user_has_interest (user_id, interest_id) VALUES ('31558730-C7BB-ECAB-8B5F-AF014EB07357','9D50CF23-449A-5C9F-C501-3603A86FCFA3');
INSERT INTO user_has_interest (user_id, interest_id) VALUES ('583D79DE-154B-AEF2-2782-C0454FA06904','1C496A02-C813-A031-F185-ACF3A0A0BB10');
INSERT INTO user_has_interest (user_id, interest_id) VALUES ('10595462-1F79-2FFA-7305-F57C99F21F8D','1C496A02-C813-A031-F185-ACF3A0A0BB10');
INSERT INTO user_has_interest (user_id, interest_id) VALUES ('10595462-1F79-2FFA-7305-F57C99F21F8D','867EEDF1-6381-FC68-12E1-6304EB143873');
INSERT INTO user_has_interest (user_id, interest_id) VALUES ('10595462-1F79-2FFA-7305-F57C99F21F8D','9D50CF23-449A-5C9F-C501-3603A86FCFA3');
INSERT INTO user_has_interest (user_id, interest_id) VALUES ('10595462-1F79-2FFA-7305-F57C99F21F8D','5AC9EE27-E3E7-72FE-47CC-BB85B5E62AC6');
INSERT INTO user_has_interest (user_id, interest_id) VALUES ('10595462-1F79-2FFA-7305-F57C99F21F8D','E72E855B-8E43-64AB-0AEC-ACB15AC760D3');
INSERT INTO user_has_interest (user_id, interest_id) VALUES ('8DF32B6A-18E9-0694-6ED8-8A9D9CDD09FB','1C496A02-C813-A031-F185-ACF3A0A0BB10');
INSERT INTO user_has_interest (user_id, interest_id) VALUES ('74DDFE7B-C311-17B5-DA0F-68A31F60CB6F','1C496A02-C813-A031-F185-ACF3A0A0BB10');
INSERT INTO user_has_interest (user_id, interest_id) VALUES ('74DDFE7B-C311-17B5-DA0F-68A31F60CB6F','867EEDF1-6381-FC68-12E1-6304EB143873');
INSERT INTO user_has_interest (user_id, interest_id) VALUES ('74DDFE7B-C311-17B5-DA0F-68A31F60CB6F','9D50CF23-449A-5C9F-C501-3603A86FCFA3');
INSERT INTO user_has_interest (user_id, interest_id) VALUES ('8CB56EBC-A336-CB3A-17D8-988D80DCA177','1C496A02-C813-A031-F185-ACF3A0A0BB10');
INSERT INTO user_has_interest (user_id, interest_id) VALUES ('B5935B67-4627-1C23-03D5-EC1BC1C941C9','1C496A02-C813-A031-F185-ACF3A0A0BB10');
INSERT INTO user_has_interest (user_id, interest_id) VALUES ('B5935B67-4627-1C23-03D5-EC1BC1C941C9','867EEDF1-6381-FC68-12E1-6304EB143873');
INSERT INTO user_has_interest (user_id, interest_id) VALUES ('B5935B67-4627-1C23-03D5-EC1BC1C941C9','9D50CF23-449A-5C9F-C501-3603A86FCFA3');
INSERT INTO user_has_interest (user_id, interest_id) VALUES ('FB44BD4D-B0BA-D45A-C7FA-DA1B2C644789','1C496A02-C813-A031-F185-ACF3A0A0BB10');
INSERT INTO user_has_interest (user_id, interest_id) VALUES ('FB44BD4D-B0BA-D45A-C7FA-DA1B2C644789','867EEDF1-6381-FC68-12E1-6304EB143873');
INSERT INTO user_has_interest (user_id, interest_id) VALUES ('E4629FDB-45C1-F350-4117-30E920A81AC1','1C496A02-C813-A031-F185-ACF3A0A0BB10');
INSERT INTO user_has_interest (user_id, interest_id) VALUES ('E4629FDB-45C1-F350-4117-30E920A81AC1','867EEDF1-6381-FC68-12E1-6304EB143873');
INSERT INTO user_has_interest (user_id, interest_id) VALUES ('E4629FDB-45C1-F350-4117-30E920A81AC1','9D50CF23-449A-5C9F-C501-3603A86FCFA3');
INSERT INTO user_has_interest (user_id, interest_id) VALUES ('E4629FDB-45C1-F350-4117-30E920A81AC1','5AC9EE27-E3E7-72FE-47CC-BB85B5E62AC6');
INSERT INTO user_has_interest (user_id, interest_id) VALUES ('E4629FDB-45C1-F350-4117-30E920A81AC1','E72E855B-8E43-64AB-0AEC-ACB15AC760D3');
INSERT INTO user_has_interest (user_id, interest_id) VALUES ('283E5DBC-9C57-84EF-BDBD-1B931E29EA84','1C496A02-C813-A031-F185-ACF3A0A0BB10');
INSERT INTO user_has_interest (user_id, interest_id) VALUES ('2EC328D8-827D-C07D-6776-4FDF19E1FA6F','1C496A02-C813-A031-F185-ACF3A0A0BB10');
INSERT INTO user_has_interest (user_id, interest_id) VALUES ('2EC328D8-827D-C07D-6776-4FDF19E1FA6F','867EEDF1-6381-FC68-12E1-6304EB143873');
INSERT INTO user_has_interest (user_id, interest_id) VALUES ('2EC328D8-827D-C07D-6776-4FDF19E1FA6F','9D50CF23-449A-5C9F-C501-3603A86FCFA3');
INSERT INTO user_has_interest (user_id, interest_id) VALUES ('2EC328D8-827D-C07D-6776-4FDF19E1FA6F','5AC9EE27-E3E7-72FE-47CC-BB85B5E62AC6');
INSERT INTO user_has_interest (user_id, interest_id) VALUES ('2EC328D8-827D-C07D-6776-4FDF19E1FA6F','E72E855B-8E43-64AB-0AEC-ACB15AC760D3');
INSERT INTO user_has_interest (user_id, interest_id) VALUES ('2EC328D8-827D-C07D-6776-4FDF19E1FA6F','EEC77913-96BB-9323-49BC-A060F7CF8C21');
INSERT INTO user_has_interest (user_id, interest_id) VALUES ('5B91B8AA-A597-44E2-65A8-A0FD441D68E6','1C496A02-C813-A031-F185-ACF3A0A0BB10');
INSERT INTO user_has_interest (user_id, interest_id) VALUES ('5B91B8AA-A597-44E2-65A8-A0FD441D68E6','867EEDF1-6381-FC68-12E1-6304EB143873');
INSERT INTO user_has_interest (user_id, interest_id) VALUES ('5B91B8AA-A597-44E2-65A8-A0FD441D68E6','9D50CF23-449A-5C9F-C501-3603A86FCFA3');
INSERT INTO user_has_interest (user_id, interest_id) VALUES ('5B91B8AA-A597-44E2-65A8-A0FD441D68E6','5AC9EE27-E3E7-72FE-47CC-BB85B5E62AC6');
INSERT INTO user_has_interest (user_id, interest_id) VALUES ('5B91B8AA-A597-44E2-65A8-A0FD441D68E6','E72E855B-8E43-64AB-0AEC-ACB15AC760D3');
INSERT INTO user_has_interest (user_id, interest_id) VALUES ('FB94BC30-B57B-0A06-D357-C024E36DAF96','1C496A02-C813-A031-F185-ACF3A0A0BB10');
INSERT INTO user_has_interest (user_id, interest_id) VALUES ('AA2C3BD6-A365-711E-FC96-FA8D4B55467C','1C496A02-C813-A031-F185-ACF3A0A0BB10');
INSERT INTO user_has_interest (user_id, interest_id) VALUES ('AA2C3BD6-A365-711E-FC96-FA8D4B55467C','867EEDF1-6381-FC68-12E1-6304EB143873');
INSERT INTO user_has_interest (user_id, interest_id) VALUES ('AA2C3BD6-A365-711E-FC96-FA8D4B55467C','9D50CF23-449A-5C9F-C501-3603A86FCFA3');
INSERT INTO user_has_interest (user_id, interest_id) VALUES ('AA2C3BD6-A365-711E-FC96-FA8D4B55467C','5AC9EE27-E3E7-72FE-47CC-BB85B5E62AC6');
INSERT INTO user_has_interest (user_id, interest_id) VALUES ('AA2C3BD6-A365-711E-FC96-FA8D4B55467C','E72E855B-8E43-64AB-0AEC-ACB15AC760D3');
INSERT INTO user_has_interest (user_id, interest_id) VALUES ('AA2C3BD6-A365-711E-FC96-FA8D4B55467C','EEC77913-96BB-9323-49BC-A060F7CF8C21');
INSERT INTO user_has_interest (user_id, interest_id) VALUES ('29EE048B-32A6-CE2E-BF3A-2B51E05BF63F','1C496A02-C813-A031-F185-ACF3A0A0BB10');
INSERT INTO user_has_interest (user_id, interest_id) VALUES ('29EE048B-32A6-CE2E-BF3A-2B51E05BF63F','867EEDF1-6381-FC68-12E1-6304EB143873');
INSERT INTO user_has_interest (user_id, interest_id) VALUES ('29EE048B-32A6-CE2E-BF3A-2B51E05BF63F','9D50CF23-449A-5C9F-C501-3603A86FCFA3');
INSERT INTO user_has_interest (user_id, interest_id) VALUES ('29EE048B-32A6-CE2E-BF3A-2B51E05BF63F','5AC9EE27-E3E7-72FE-47CC-BB85B5E62AC6');
INSERT INTO user_has_interest (user_id, interest_id) VALUES ('29EE048B-32A6-CE2E-BF3A-2B51E05BF63F','E72E855B-8E43-64AB-0AEC-ACB15AC760D3');
INSERT INTO user_has_interest (user_id, interest_id) VALUES ('29EE048B-32A6-CE2E-BF3A-2B51E05BF63F','EEC77913-96BB-9323-49BC-A060F7CF8C21');
INSERT INTO user_has_interest (user_id, interest_id) VALUES ('54A442AA-19D5-48B4-1088-0D732BAFF92B','1C496A02-C813-A031-F185-ACF3A0A0BB10');
INSERT INTO user_has_interest (user_id, interest_id) VALUES ('677D915E-474A-5DCF-90E1-73097BCC9F7C','1C496A02-C813-A031-F185-ACF3A0A0BB10');
INSERT INTO user_has_interest (user_id, interest_id) VALUES ('677D915E-474A-5DCF-90E1-73097BCC9F7C','867EEDF1-6381-FC68-12E1-6304EB143873');
INSERT INTO user_has_interest (user_id, interest_id) VALUES ('677D915E-474A-5DCF-90E1-73097BCC9F7C','9D50CF23-449A-5C9F-C501-3603A86FCFA3');
INSERT INTO user_has_interest (user_id, interest_id) VALUES ('677D915E-474A-5DCF-90E1-73097BCC9F7C','5AC9EE27-E3E7-72FE-47CC-BB85B5E62AC6');
INSERT INTO user_has_interest (user_id, interest_id) VALUES ('DF47270C-CA5F-5F32-6102-B879B91191A0','1C496A02-C813-A031-F185-ACF3A0A0BB10');
INSERT INTO user_has_interest (user_id, interest_id) VALUES ('DF47270C-CA5F-5F32-6102-B879B91191A0','867EEDF1-6381-FC68-12E1-6304EB143873');
INSERT INTO user_has_interest (user_id, interest_id) VALUES ('DF47270C-CA5F-5F32-6102-B879B91191A0','9D50CF23-449A-5C9F-C501-3603A86FCFA3');
INSERT INTO user_has_interest (user_id, interest_id) VALUES ('B6FC8C63-1BBC-F6AA-774E-C2DEDFB585B3','1C496A02-C813-A031-F185-ACF3A0A0BB10');
INSERT INTO user_has_interest (user_id, interest_id) VALUES ('B6FC8C63-1BBC-F6AA-774E-C2DEDFB585B3','867EEDF1-6381-FC68-12E1-6304EB143873');
INSERT INTO user_has_interest (user_id, interest_id) VALUES ('80B0E4FA-66EB-7592-D6AA-2C80CE69C58F','1C496A02-C813-A031-F185-ACF3A0A0BB10');
INSERT INTO user_has_interest (user_id, interest_id) VALUES ('80B0E4FA-66EB-7592-D6AA-2C80CE69C58F','867EEDF1-6381-FC68-12E1-6304EB143873');
INSERT INTO user_has_interest (user_id, interest_id) VALUES ('3BD33655-326E-C265-145B-1E65AD2BF1EE','1C496A02-C813-A031-F185-ACF3A0A0BB10');
INSERT INTO user_has_interest (user_id, interest_id) VALUES ('AE56558E-214D-935D-EC6F-592D8FE2AF3E','1C496A02-C813-A031-F185-ACF3A0A0BB10');
INSERT INTO user_has_interest (user_id, interest_id) VALUES ('AE56558E-214D-935D-EC6F-592D8FE2AF3E','867EEDF1-6381-FC68-12E1-6304EB143873');
INSERT INTO user_has_interest (user_id, interest_id) VALUES ('2C0D1805-A61C-53C8-B1A5-0198EAE187A4','1C496A02-C813-A031-F185-ACF3A0A0BB10');
INSERT INTO user_has_interest (user_id, interest_id) VALUES ('2C0D1805-A61C-53C8-B1A5-0198EAE187A4','867EEDF1-6381-FC68-12E1-6304EB143873');
INSERT INTO user_has_interest (user_id, interest_id) VALUES ('01470D00-B899-B82C-6888-C2ABFAA4DB7C','1C496A02-C813-A031-F185-ACF3A0A0BB10');
INSERT INTO user_has_interest (user_id, interest_id) VALUES ('01470D00-B899-B82C-6888-C2ABFAA4DB7C','867EEDF1-6381-FC68-12E1-6304EB143873');
INSERT INTO user_has_interest (user_id, interest_id) VALUES ('01470D00-B899-B82C-6888-C2ABFAA4DB7C','9D50CF23-449A-5C9F-C501-3603A86FCFA3');
INSERT INTO user_has_interest (user_id, interest_id) VALUES ('01470D00-B899-B82C-6888-C2ABFAA4DB7C','5AC9EE27-E3E7-72FE-47CC-BB85B5E62AC6');
INSERT INTO user_has_interest (user_id, interest_id) VALUES ('01470D00-B899-B82C-6888-C2ABFAA4DB7C','E72E855B-8E43-64AB-0AEC-ACB15AC760D3');
INSERT INTO user_has_interest (user_id, interest_id) VALUES ('05D7805C-9E52-5736-9C28-ABF34B4020B7','1C496A02-C813-A031-F185-ACF3A0A0BB10');
INSERT INTO user_has_interest (user_id, interest_id) VALUES ('05D7805C-9E52-5736-9C28-ABF34B4020B7','867EEDF1-6381-FC68-12E1-6304EB143873');
INSERT INTO user_has_interest (user_id, interest_id) VALUES ('05D7805C-9E52-5736-9C28-ABF34B4020B7','9D50CF23-449A-5C9F-C501-3603A86FCFA3');
INSERT INTO user_has_interest (user_id, interest_id) VALUES ('05D7805C-9E52-5736-9C28-ABF34B4020B7','5AC9EE27-E3E7-72FE-47CC-BB85B5E62AC6');
INSERT INTO user_has_interest (user_id, interest_id) VALUES ('EA9AB53E-C0D1-5CBD-8E49-927E1D4EF7E5','1C496A02-C813-A031-F185-ACF3A0A0BB10');
INSERT INTO user_has_interest (user_id, interest_id) VALUES ('EA9AB53E-C0D1-5CBD-8E49-927E1D4EF7E5','867EEDF1-6381-FC68-12E1-6304EB143873');
INSERT INTO user_has_interest (user_id, interest_id) VALUES ('EA9AB53E-C0D1-5CBD-8E49-927E1D4EF7E5','9D50CF23-449A-5C9F-C501-3603A86FCFA3');
INSERT INTO user_has_interest (user_id, interest_id) VALUES ('A079E047-C4D4-0FCD-E30B-B1247128480F','1C496A02-C813-A031-F185-ACF3A0A0BB10');
INSERT INTO user_has_interest (user_id, interest_id) VALUES ('A079E047-C4D4-0FCD-E30B-B1247128480F','867EEDF1-6381-FC68-12E1-6304EB143873');
INSERT INTO user_has_interest (user_id, interest_id) VALUES ('A079E047-C4D4-0FCD-E30B-B1247128480F','9D50CF23-449A-5C9F-C501-3603A86FCFA3');
INSERT INTO user_has_interest (user_id, interest_id) VALUES ('A079E047-C4D4-0FCD-E30B-B1247128480F','5AC9EE27-E3E7-72FE-47CC-BB85B5E62AC6');
INSERT INTO user_has_interest (user_id, interest_id) VALUES ('A079E047-C4D4-0FCD-E30B-B1247128480F','E72E855B-8E43-64AB-0AEC-ACB15AC760D3');
INSERT INTO user_has_interest (user_id, interest_id) VALUES ('825D0DD6-2947-C9A7-FC23-41E4487E81EC','1C496A02-C813-A031-F185-ACF3A0A0BB10');
INSERT INTO user_has_interest (user_id, interest_id) VALUES ('825D0DD6-2947-C9A7-FC23-41E4487E81EC','867EEDF1-6381-FC68-12E1-6304EB143873');
INSERT INTO user_has_interest (user_id, interest_id) VALUES ('825D0DD6-2947-C9A7-FC23-41E4487E81EC','9D50CF23-449A-5C9F-C501-3603A86FCFA3');
INSERT INTO user_has_interest (user_id, interest_id) VALUES ('825D0DD6-2947-C9A7-FC23-41E4487E81EC','5AC9EE27-E3E7-72FE-47CC-BB85B5E62AC6');
INSERT INTO user_has_interest (user_id, interest_id) VALUES ('825D0DD6-2947-C9A7-FC23-41E4487E81EC','E72E855B-8E43-64AB-0AEC-ACB15AC760D3');
INSERT INTO user_has_interest (user_id, interest_id) VALUES ('825D0DD6-2947-C9A7-FC23-41E4487E81EC','EEC77913-96BB-9323-49BC-A060F7CF8C21');
INSERT INTO user_has_interest (user_id, interest_id) VALUES ('ACC151BC-D197-EBE3-0679-D5DD51FF7C3E','1C496A02-C813-A031-F185-ACF3A0A0BB10');
INSERT INTO user_has_interest (user_id, interest_id) VALUES ('F88361D5-E525-F60C-95E3-21662F706559','1C496A02-C813-A031-F185-ACF3A0A0BB10');
INSERT INTO user_has_interest (user_id, interest_id) VALUES ('F88361D5-E525-F60C-95E3-21662F706559','867EEDF1-6381-FC68-12E1-6304EB143873');
INSERT INTO user_has_interest (user_id, interest_id) VALUES ('F88361D5-E525-F60C-95E3-21662F706559','9D50CF23-449A-5C9F-C501-3603A86FCFA3');
INSERT INTO user_has_interest (user_id, interest_id) VALUES ('F88361D5-E525-F60C-95E3-21662F706559','5AC9EE27-E3E7-72FE-47CC-BB85B5E62AC6');
INSERT INTO user_has_interest (user_id, interest_id) VALUES ('F88361D5-E525-F60C-95E3-21662F706559','E72E855B-8E43-64AB-0AEC-ACB15AC760D3');
INSERT INTO user_has_interest (user_id, interest_id) VALUES ('CFD8286A-2AF6-4BE7-0286-901BD4B32747','1C496A02-C813-A031-F185-ACF3A0A0BB10');
INSERT INTO user_has_interest (user_id, interest_id) VALUES ('CFD8286A-2AF6-4BE7-0286-901BD4B32747','867EEDF1-6381-FC68-12E1-6304EB143873');
INSERT INTO user_has_interest (user_id, interest_id) VALUES ('CFD8286A-2AF6-4BE7-0286-901BD4B32747','9D50CF23-449A-5C9F-C501-3603A86FCFA3');
INSERT INTO user_has_interest (user_id, interest_id) VALUES ('CFD8286A-2AF6-4BE7-0286-901BD4B32747','5AC9EE27-E3E7-72FE-47CC-BB85B5E62AC6');
INSERT INTO user_has_interest (user_id, interest_id) VALUES ('CFD8286A-2AF6-4BE7-0286-901BD4B32747','E72E855B-8E43-64AB-0AEC-ACB15AC760D3');
INSERT INTO user_has_interest (user_id, interest_id) VALUES ('CFD8286A-2AF6-4BE7-0286-901BD4B32747','EEC77913-96BB-9323-49BC-A060F7CF8C21');
INSERT INTO user_has_interest (user_id, interest_id) VALUES ('34AEFF3D-16C0-D4E3-A39B-5AD720B35481','1C496A02-C813-A031-F185-ACF3A0A0BB10');
INSERT INTO user_has_interest (user_id, interest_id) VALUES ('34AEFF3D-16C0-D4E3-A39B-5AD720B35481','867EEDF1-6381-FC68-12E1-6304EB143873');
INSERT INTO user_has_interest (user_id, interest_id) VALUES ('34AEFF3D-16C0-D4E3-A39B-5AD720B35481','9D50CF23-449A-5C9F-C501-3603A86FCFA3');
INSERT INTO user_has_interest (user_id, interest_id) VALUES ('34AEFF3D-16C0-D4E3-A39B-5AD720B35481','5AC9EE27-E3E7-72FE-47CC-BB85B5E62AC6');
INSERT INTO user_has_interest (user_id, interest_id) VALUES ('6DFF963B-C24A-7BDD-891D-3CAEC7DC0EE5','1C496A02-C813-A031-F185-ACF3A0A0BB10');
INSERT INTO user_has_interest (user_id, interest_id) VALUES ('6DFF963B-C24A-7BDD-891D-3CAEC7DC0EE5','867EEDF1-6381-FC68-12E1-6304EB143873');
INSERT INTO user_has_interest (user_id, interest_id) VALUES ('6DFF963B-C24A-7BDD-891D-3CAEC7DC0EE5','9D50CF23-449A-5C9F-C501-3603A86FCFA3');
INSERT INTO user_has_interest (user_id, interest_id) VALUES ('6DFF963B-C24A-7BDD-891D-3CAEC7DC0EE5','5AC9EE27-E3E7-72FE-47CC-BB85B5E62AC6');
INSERT INTO user_has_interest (user_id, interest_id) VALUES ('6DFF963B-C24A-7BDD-891D-3CAEC7DC0EE5','E72E855B-8E43-64AB-0AEC-ACB15AC760D3');
INSERT INTO user_has_interest (user_id, interest_id) VALUES ('6DFF963B-C24A-7BDD-891D-3CAEC7DC0EE5','EEC77913-96BB-9323-49BC-A060F7CF8C21');
INSERT INTO user_has_interest (user_id, interest_id) VALUES ('CA448B71-6D6A-9E92-27C4-4B439C49E67C','1C496A02-C813-A031-F185-ACF3A0A0BB10');
INSERT INTO user_has_interest (user_id, interest_id) VALUES ('CA448B71-6D6A-9E92-27C4-4B439C49E67C','867EEDF1-6381-FC68-12E1-6304EB143873');
INSERT INTO user_has_interest (user_id, interest_id) VALUES ('CA448B71-6D6A-9E92-27C4-4B439C49E67C','9D50CF23-449A-5C9F-C501-3603A86FCFA3');
INSERT INTO user_has_interest (user_id, interest_id) VALUES ('CA448B71-6D6A-9E92-27C4-4B439C49E67C','5AC9EE27-E3E7-72FE-47CC-BB85B5E62AC6');
INSERT INTO user_has_interest (user_id, interest_id) VALUES ('CA448B71-6D6A-9E92-27C4-4B439C49E67C','E72E855B-8E43-64AB-0AEC-ACB15AC760D3');
INSERT INTO user_has_interest (user_id, interest_id) VALUES ('11C757E0-845F-3678-C600-21759EE60046','1C496A02-C813-A031-F185-ACF3A0A0BB10');
INSERT INTO user_has_interest (user_id, interest_id) VALUES ('11C757E0-845F-3678-C600-21759EE60046','867EEDF1-6381-FC68-12E1-6304EB143873');
INSERT INTO user_has_interest (user_id, interest_id) VALUES ('11C757E0-845F-3678-C600-21759EE60046','9D50CF23-449A-5C9F-C501-3603A86FCFA3');
INSERT INTO user_has_interest (user_id, interest_id) VALUES ('11C757E0-845F-3678-C600-21759EE60046','5AC9EE27-E3E7-72FE-47CC-BB85B5E62AC6');
INSERT INTO user_has_interest (user_id, interest_id) VALUES ('5C12270B-DB3B-29A4-97E0-6C18EF59EE82','1C496A02-C813-A031-F185-ACF3A0A0BB10');
INSERT INTO user_has_interest (user_id, interest_id) VALUES ('5C12270B-DB3B-29A4-97E0-6C18EF59EE82','867EEDF1-6381-FC68-12E1-6304EB143873');
INSERT INTO user_has_interest (user_id, interest_id) VALUES ('83DB2C63-2408-B298-63F8-4992861A9395','1C496A02-C813-A031-F185-ACF3A0A0BB10');
INSERT INTO user_has_interest (user_id, interest_id) VALUES ('83DB2C63-2408-B298-63F8-4992861A9395','867EEDF1-6381-FC68-12E1-6304EB143873');
INSERT INTO user_has_interest (user_id, interest_id) VALUES ('83DB2C63-2408-B298-63F8-4992861A9395','9D50CF23-449A-5C9F-C501-3603A86FCFA3');
INSERT INTO user_has_interest (user_id, interest_id) VALUES ('83DB2C63-2408-B298-63F8-4992861A9395','5AC9EE27-E3E7-72FE-47CC-BB85B5E62AC6');
INSERT INTO user_has_interest (user_id, interest_id) VALUES ('83DB2C63-2408-B298-63F8-4992861A9395','E72E855B-8E43-64AB-0AEC-ACB15AC760D3');
INSERT INTO user_has_interest (user_id, interest_id) VALUES ('83DB2C63-2408-B298-63F8-4992861A9395','EEC77913-96BB-9323-49BC-A060F7CF8C21');
INSERT INTO user_has_interest (user_id, interest_id) VALUES ('7B39756B-59F8-FA75-7DB0-35F07A3D3A59','1C496A02-C813-A031-F185-ACF3A0A0BB10');
INSERT INTO user_has_interest (user_id, interest_id) VALUES ('ACDCA258-1B7D-9AA5-1B7B-6C1472EC0CCC','1C496A02-C813-A031-F185-ACF3A0A0BB10');
INSERT INTO user_has_interest (user_id, interest_id) VALUES ('ACDCA258-1B7D-9AA5-1B7B-6C1472EC0CCC','867EEDF1-6381-FC68-12E1-6304EB143873');
INSERT INTO user_has_interest (user_id, interest_id) VALUES ('ACDCA258-1B7D-9AA5-1B7B-6C1472EC0CCC','9D50CF23-449A-5C9F-C501-3603A86FCFA3');
INSERT INTO user_has_interest (user_id, interest_id) VALUES ('ACDCA258-1B7D-9AA5-1B7B-6C1472EC0CCC','5AC9EE27-E3E7-72FE-47CC-BB85B5E62AC6');
INSERT INTO user_has_interest (user_id, interest_id) VALUES ('9B68BF9B-C17B-9763-708D-1668BE3BDB71','1C496A02-C813-A031-F185-ACF3A0A0BB10');
INSERT INTO user_has_interest (user_id, interest_id) VALUES ('9B68BF9B-C17B-9763-708D-1668BE3BDB71','867EEDF1-6381-FC68-12E1-6304EB143873');
INSERT INTO user_has_interest (user_id, interest_id) VALUES ('9B68BF9B-C17B-9763-708D-1668BE3BDB71','9D50CF23-449A-5C9F-C501-3603A86FCFA3');
INSERT INTO user_has_interest (user_id, interest_id) VALUES ('9B68BF9B-C17B-9763-708D-1668BE3BDB71','5AC9EE27-E3E7-72FE-47CC-BB85B5E62AC6');
INSERT INTO user_has_interest (user_id, interest_id) VALUES ('9B68BF9B-C17B-9763-708D-1668BE3BDB71','E72E855B-8E43-64AB-0AEC-ACB15AC760D3');
INSERT INTO user_has_interest (user_id, interest_id) VALUES ('2EFCD39B-2C95-E7CE-7CD0-B8C33828F97B','1C496A02-C813-A031-F185-ACF3A0A0BB10');
INSERT INTO user_has_interest (user_id, interest_id) VALUES ('2EFCD39B-2C95-E7CE-7CD0-B8C33828F97B','867EEDF1-6381-FC68-12E1-6304EB143873');
INSERT INTO user_has_interest (user_id, interest_id) VALUES ('88B0A16F-DEC6-BFF4-78A8-FF56836D1AF2','1C496A02-C813-A031-F185-ACF3A0A0BB10');
INSERT INTO user_has_interest (user_id, interest_id) VALUES ('88B0A16F-DEC6-BFF4-78A8-FF56836D1AF2','867EEDF1-6381-FC68-12E1-6304EB143873');
INSERT INTO user_has_interest (user_id, interest_id) VALUES ('88B0A16F-DEC6-BFF4-78A8-FF56836D1AF2','9D50CF23-449A-5C9F-C501-3603A86FCFA3');
INSERT INTO user_has_interest (user_id, interest_id) VALUES ('11935803-75A8-DBB6-448C-FE46C2D92207','1C496A02-C813-A031-F185-ACF3A0A0BB10');
INSERT INTO user_has_interest (user_id, interest_id) VALUES ('11935803-75A8-DBB6-448C-FE46C2D92207','867EEDF1-6381-FC68-12E1-6304EB143873');
INSERT INTO user_has_interest (user_id, interest_id) VALUES ('11935803-75A8-DBB6-448C-FE46C2D92207','9D50CF23-449A-5C9F-C501-3603A86FCFA3');
INSERT INTO user_has_interest (user_id, interest_id) VALUES ('E271CFD5-BF18-816B-F590-2C05477F4895','1C496A02-C813-A031-F185-ACF3A0A0BB10');
INSERT INTO user_has_interest (user_id, interest_id) VALUES ('E271CFD5-BF18-816B-F590-2C05477F4895','867EEDF1-6381-FC68-12E1-6304EB143873');
INSERT INTO user_has_interest (user_id, interest_id) VALUES ('E0F3D500-45FA-B20E-200A-B840952AC9E1','1C496A02-C813-A031-F185-ACF3A0A0BB10');
INSERT INTO user_has_interest (user_id, interest_id) VALUES ('E0F3D500-45FA-B20E-200A-B840952AC9E1','867EEDF1-6381-FC68-12E1-6304EB143873');
INSERT INTO user_has_interest (user_id, interest_id) VALUES ('E0F3D500-45FA-B20E-200A-B840952AC9E1','9D50CF23-449A-5C9F-C501-3603A86FCFA3');
INSERT INTO user_has_interest (user_id, interest_id) VALUES ('DF469050-3474-773C-0CC5-8B8477DEC454','1C496A02-C813-A031-F185-ACF3A0A0BB10');
INSERT INTO user_has_interest (user_id, interest_id) VALUES ('DF469050-3474-773C-0CC5-8B8477DEC454','867EEDF1-6381-FC68-12E1-6304EB143873');
INSERT INTO user_has_interest (user_id, interest_id) VALUES ('DF469050-3474-773C-0CC5-8B8477DEC454','9D50CF23-449A-5C9F-C501-3603A86FCFA3');
INSERT INTO user_has_interest (user_id, interest_id) VALUES ('2F78F12D-392E-E282-FBD8-8EDC45358075','1C496A02-C813-A031-F185-ACF3A0A0BB10');
INSERT INTO user_has_interest (user_id, interest_id) VALUES ('2F78F12D-392E-E282-FBD8-8EDC45358075','867EEDF1-6381-FC68-12E1-6304EB143873');
INSERT INTO user_has_interest (user_id, interest_id) VALUES ('820D6FB4-E970-9C37-92A1-EF5525BA4C69','1C496A02-C813-A031-F185-ACF3A0A0BB10');
INSERT INTO user_has_interest (user_id, interest_id) VALUES ('820D6FB4-E970-9C37-92A1-EF5525BA4C69','867EEDF1-6381-FC68-12E1-6304EB143873');
INSERT INTO user_has_interest (user_id, interest_id) VALUES ('820D6FB4-E970-9C37-92A1-EF5525BA4C69','9D50CF23-449A-5C9F-C501-3603A86FCFA3');
INSERT INTO user_has_interest (user_id, interest_id) VALUES ('820D6FB4-E970-9C37-92A1-EF5525BA4C69','5AC9EE27-E3E7-72FE-47CC-BB85B5E62AC6');
INSERT INTO user_has_interest (user_id, interest_id) VALUES ('820D6FB4-E970-9C37-92A1-EF5525BA4C69','E72E855B-8E43-64AB-0AEC-ACB15AC760D3');
INSERT INTO user_has_interest (user_id, interest_id) VALUES ('820D6FB4-E970-9C37-92A1-EF5525BA4C69','EEC77913-96BB-9323-49BC-A060F7CF8C21');
INSERT INTO user_has_interest (user_id, interest_id) VALUES ('585C0703-BBFC-FCD7-97C9-03846622DC1D','1C496A02-C813-A031-F185-ACF3A0A0BB10');
INSERT INTO user_has_interest (user_id, interest_id) VALUES ('585C0703-BBFC-FCD7-97C9-03846622DC1D','867EEDF1-6381-FC68-12E1-6304EB143873');
INSERT INTO user_has_interest (user_id, interest_id) VALUES ('585C0703-BBFC-FCD7-97C9-03846622DC1D','9D50CF23-449A-5C9F-C501-3603A86FCFA3');
INSERT INTO user_has_interest (user_id, interest_id) VALUES ('585C0703-BBFC-FCD7-97C9-03846622DC1D','5AC9EE27-E3E7-72FE-47CC-BB85B5E62AC6');
INSERT INTO user_has_interest (user_id, interest_id) VALUES ('585C0703-BBFC-FCD7-97C9-03846622DC1D','E72E855B-8E43-64AB-0AEC-ACB15AC760D3');
INSERT INTO user_has_interest (user_id, interest_id) VALUES ('EC436334-CD65-71DA-6E77-F3D58107986C','1C496A02-C813-A031-F185-ACF3A0A0BB10');
INSERT INTO user_has_interest (user_id, interest_id) VALUES ('EC436334-CD65-71DA-6E77-F3D58107986C','867EEDF1-6381-FC68-12E1-6304EB143873');
INSERT INTO user_has_interest (user_id, interest_id) VALUES ('EC436334-CD65-71DA-6E77-F3D58107986C','9D50CF23-449A-5C9F-C501-3603A86FCFA3');
INSERT INTO user_has_interest (user_id, interest_id) VALUES ('AB3019DB-DE8E-8015-8FFB-5E804BA724F3','1C496A02-C813-A031-F185-ACF3A0A0BB10');
INSERT INTO user_has_interest (user_id, interest_id) VALUES ('4901C588-8FC8-4A5F-6E62-CBF4EE1E11CA','1C496A02-C813-A031-F185-ACF3A0A0BB10');
INSERT INTO user_has_interest (user_id, interest_id) VALUES ('4901C588-8FC8-4A5F-6E62-CBF4EE1E11CA','867EEDF1-6381-FC68-12E1-6304EB143873');
INSERT INTO user_has_interest (user_id, interest_id) VALUES ('4901C588-8FC8-4A5F-6E62-CBF4EE1E11CA','9D50CF23-449A-5C9F-C501-3603A86FCFA3');
INSERT INTO user_has_interest (user_id, interest_id) VALUES ('4901C588-8FC8-4A5F-6E62-CBF4EE1E11CA','5AC9EE27-E3E7-72FE-47CC-BB85B5E62AC6');
INSERT INTO user_has_interest (user_id, interest_id) VALUES ('4901C588-8FC8-4A5F-6E62-CBF4EE1E11CA','E72E855B-8E43-64AB-0AEC-ACB15AC760D3');
INSERT INTO user_has_interest (user_id, interest_id) VALUES ('4901C588-8FC8-4A5F-6E62-CBF4EE1E11CA','EEC77913-96BB-9323-49BC-A060F7CF8C21');
INSERT INTO user_has_interest (user_id, interest_id) VALUES ('07714E18-8BFC-B7F4-E6AE-CD87616372D2','1C496A02-C813-A031-F185-ACF3A0A0BB10');
INSERT INTO user_has_interest (user_id, interest_id) VALUES ('07714E18-8BFC-B7F4-E6AE-CD87616372D2','867EEDF1-6381-FC68-12E1-6304EB143873');
INSERT INTO user_has_interest (user_id, interest_id) VALUES ('07714E18-8BFC-B7F4-E6AE-CD87616372D2','9D50CF23-449A-5C9F-C501-3603A86FCFA3');
INSERT INTO user_has_interest (user_id, interest_id) VALUES ('07714E18-8BFC-B7F4-E6AE-CD87616372D2','5AC9EE27-E3E7-72FE-47CC-BB85B5E62AC6');
INSERT INTO user_has_interest (user_id, interest_id) VALUES ('07714E18-8BFC-B7F4-E6AE-CD87616372D2','E72E855B-8E43-64AB-0AEC-ACB15AC760D3');
INSERT INTO user_has_interest (user_id, interest_id) VALUES ('BA6BC6B1-13D9-DFB7-2866-5D75C9F7A370','1C496A02-C813-A031-F185-ACF3A0A0BB10');
INSERT INTO user_has_interest (user_id, interest_id) VALUES ('BA6BC6B1-13D9-DFB7-2866-5D75C9F7A370','867EEDF1-6381-FC68-12E1-6304EB143873');
INSERT INTO user_has_interest (user_id, interest_id) VALUES ('BA6BC6B1-13D9-DFB7-2866-5D75C9F7A370','9D50CF23-449A-5C9F-C501-3603A86FCFA3');
INSERT INTO user_has_interest (user_id, interest_id) VALUES ('D139564C-7CCC-71D9-4F4A-12F9757CC493','1C496A02-C813-A031-F185-ACF3A0A0BB10');
INSERT INTO user_has_interest (user_id, interest_id) VALUES ('D139564C-7CCC-71D9-4F4A-12F9757CC493','867EEDF1-6381-FC68-12E1-6304EB143873');
INSERT INTO user_has_interest (user_id, interest_id) VALUES ('D139564C-7CCC-71D9-4F4A-12F9757CC493','9D50CF23-449A-5C9F-C501-3603A86FCFA3');
INSERT INTO user_has_interest (user_id, interest_id) VALUES ('D139564C-7CCC-71D9-4F4A-12F9757CC493','5AC9EE27-E3E7-72FE-47CC-BB85B5E62AC6');
INSERT INTO user_has_interest (user_id, interest_id) VALUES ('D139564C-7CCC-71D9-4F4A-12F9757CC493','E72E855B-8E43-64AB-0AEC-ACB15AC760D3');
INSERT INTO user_has_interest (user_id, interest_id) VALUES ('50EEFCEA-5E75-B95A-EBAC-129489ABEC3E','1C496A02-C813-A031-F185-ACF3A0A0BB10');
INSERT INTO user_has_interest (user_id, interest_id) VALUES ('50EEFCEA-5E75-B95A-EBAC-129489ABEC3E','867EEDF1-6381-FC68-12E1-6304EB143873');
INSERT INTO user_has_interest (user_id, interest_id) VALUES ('0390833E-70F0-2B10-EEFE-6C1307D18C5D','1C496A02-C813-A031-F185-ACF3A0A0BB10');
INSERT INTO user_has_interest (user_id, interest_id) VALUES ('0390833E-70F0-2B10-EEFE-6C1307D18C5D','867EEDF1-6381-FC68-12E1-6304EB143873');
INSERT INTO user_has_interest (user_id, interest_id) VALUES ('0390833E-70F0-2B10-EEFE-6C1307D18C5D','9D50CF23-449A-5C9F-C501-3603A86FCFA3');
INSERT INTO user_has_interest (user_id, interest_id) VALUES ('0390833E-70F0-2B10-EEFE-6C1307D18C5D','5AC9EE27-E3E7-72FE-47CC-BB85B5E62AC6');
INSERT INTO user_has_interest (user_id, interest_id) VALUES ('0390833E-70F0-2B10-EEFE-6C1307D18C5D','E72E855B-8E43-64AB-0AEC-ACB15AC760D3');
INSERT INTO user_has_interest (user_id, interest_id) VALUES ('69E2F5E1-3F15-40FF-CE65-9038D04C595E','1C496A02-C813-A031-F185-ACF3A0A0BB10');
INSERT INTO user_has_interest (user_id, interest_id) VALUES ('69E2F5E1-3F15-40FF-CE65-9038D04C595E','867EEDF1-6381-FC68-12E1-6304EB143873');
INSERT INTO user_has_interest (user_id, interest_id) VALUES ('69E2F5E1-3F15-40FF-CE65-9038D04C595E','9D50CF23-449A-5C9F-C501-3603A86FCFA3');
INSERT INTO user_has_interest (user_id, interest_id) VALUES ('AAC5206E-0D7A-EE6C-F725-97DC92093EA3','1C496A02-C813-A031-F185-ACF3A0A0BB10');
INSERT INTO user_has_interest (user_id, interest_id) VALUES ('AAC5206E-0D7A-EE6C-F725-97DC92093EA3','867EEDF1-6381-FC68-12E1-6304EB143873');
INSERT INTO user_has_interest (user_id, interest_id) VALUES ('D3F86B6D-082D-BE03-0124-A3A9CF95E65E','1C496A02-C813-A031-F185-ACF3A0A0BB10');
INSERT INTO user_has_interest (user_id, interest_id) VALUES ('D3F86B6D-082D-BE03-0124-A3A9CF95E65E','867EEDF1-6381-FC68-12E1-6304EB143873');
INSERT INTO user_has_interest (user_id, interest_id) VALUES ('D3F86B6D-082D-BE03-0124-A3A9CF95E65E','9D50CF23-449A-5C9F-C501-3603A86FCFA3');
INSERT INTO user_has_interest (user_id, interest_id) VALUES ('D3F86B6D-082D-BE03-0124-A3A9CF95E65E','5AC9EE27-E3E7-72FE-47CC-BB85B5E62AC6');
INSERT INTO user_has_interest (user_id, interest_id) VALUES ('D3F86B6D-082D-BE03-0124-A3A9CF95E65E','E72E855B-8E43-64AB-0AEC-ACB15AC760D3');
INSERT INTO user_has_interest (user_id, interest_id) VALUES ('D3F86B6D-082D-BE03-0124-A3A9CF95E65E','EEC77913-96BB-9323-49BC-A060F7CF8C21');
INSERT INTO user_has_interest (user_id, interest_id) VALUES ('E094682D-6CE2-D50F-8B71-30643E4C5275','1C496A02-C813-A031-F185-ACF3A0A0BB10');
INSERT INTO user_has_interest (user_id, interest_id) VALUES ('E094682D-6CE2-D50F-8B71-30643E4C5275','867EEDF1-6381-FC68-12E1-6304EB143873');
INSERT INTO user_has_interest (user_id, interest_id) VALUES ('54529E47-F0C4-7B85-7C1D-D517D006D641','1C496A02-C813-A031-F185-ACF3A0A0BB10');
INSERT INTO user_has_interest (user_id, interest_id) VALUES ('54529E47-F0C4-7B85-7C1D-D517D006D641','867EEDF1-6381-FC68-12E1-6304EB143873');
INSERT INTO user_has_interest (user_id, interest_id) VALUES ('510DFF0B-0DAD-FBEB-2F07-CD283A4B9487','1C496A02-C813-A031-F185-ACF3A0A0BB10');
INSERT INTO user_has_interest (user_id, interest_id) VALUES ('510DFF0B-0DAD-FBEB-2F07-CD283A4B9487','867EEDF1-6381-FC68-12E1-6304EB143873');
INSERT INTO user_has_interest (user_id, interest_id) VALUES ('510DFF0B-0DAD-FBEB-2F07-CD283A4B9487','9D50CF23-449A-5C9F-C501-3603A86FCFA3');
INSERT INTO user_has_interest (user_id, interest_id) VALUES ('510DFF0B-0DAD-FBEB-2F07-CD283A4B9487','5AC9EE27-E3E7-72FE-47CC-BB85B5E62AC6');
INSERT INTO user_has_interest (user_id, interest_id) VALUES ('4A4ABFC9-19AD-B67B-DECA-5930168CD46B','1C496A02-C813-A031-F185-ACF3A0A0BB10');
INSERT INTO user_has_interest (user_id, interest_id) VALUES ('8758F7B4-A07E-BF8A-0B94-90DEF7BCD750','1C496A02-C813-A031-F185-ACF3A0A0BB10');
INSERT INTO user_has_interest (user_id, interest_id) VALUES ('BE1B7CD4-49E7-062B-D692-6D838C72B170','1C496A02-C813-A031-F185-ACF3A0A0BB10');
INSERT INTO user_has_interest (user_id, interest_id) VALUES ('BE1B7CD4-49E7-062B-D692-6D838C72B170','867EEDF1-6381-FC68-12E1-6304EB143873');
INSERT INTO user_has_interest (user_id, interest_id) VALUES ('75BD8332-6B39-E791-E7EC-B159AFEF79F3','1C496A02-C813-A031-F185-ACF3A0A0BB10');
INSERT INTO user_has_interest (user_id, interest_id) VALUES ('75BD8332-6B39-E791-E7EC-B159AFEF79F3','867EEDF1-6381-FC68-12E1-6304EB143873');
INSERT INTO user_has_interest (user_id, interest_id) VALUES ('75BD8332-6B39-E791-E7EC-B159AFEF79F3','9D50CF23-449A-5C9F-C501-3603A86FCFA3');
INSERT INTO user_has_interest (user_id, interest_id) VALUES ('C51619D4-F8E4-A961-CE40-150F2C3BCADB','1C496A02-C813-A031-F185-ACF3A0A0BB10');
INSERT INTO user_has_interest (user_id, interest_id) VALUES ('BFF2FD42-BE75-D679-720A-2AD2326E97CA','1C496A02-C813-A031-F185-ACF3A0A0BB10');
INSERT INTO user_has_interest (user_id, interest_id) VALUES ('BFF2FD42-BE75-D679-720A-2AD2326E97CA','867EEDF1-6381-FC68-12E1-6304EB143873');
INSERT INTO user_has_interest (user_id, interest_id) VALUES ('8149B8E5-C040-2F86-6AA4-0370988BBCFD','1C496A02-C813-A031-F185-ACF3A0A0BB10');
INSERT INTO user_has_interest (user_id, interest_id) VALUES ('8149B8E5-C040-2F86-6AA4-0370988BBCFD','867EEDF1-6381-FC68-12E1-6304EB143873');
INSERT INTO user_has_interest (user_id, interest_id) VALUES ('8149B8E5-C040-2F86-6AA4-0370988BBCFD','9D50CF23-449A-5C9F-C501-3603A86FCFA3');
INSERT INTO user_has_interest (user_id, interest_id) VALUES ('8149B8E5-C040-2F86-6AA4-0370988BBCFD','5AC9EE27-E3E7-72FE-47CC-BB85B5E62AC6');
INSERT INTO user_has_interest (user_id, interest_id) VALUES ('8149B8E5-C040-2F86-6AA4-0370988BBCFD','E72E855B-8E43-64AB-0AEC-ACB15AC760D3');
INSERT INTO user_has_interest (user_id, interest_id) VALUES ('8149B8E5-C040-2F86-6AA4-0370988BBCFD','EEC77913-96BB-9323-49BC-A060F7CF8C21');
INSERT INTO user_has_interest (user_id, interest_id) VALUES ('C099C601-394A-3827-56CF-84DB97145C6D','1C496A02-C813-A031-F185-ACF3A0A0BB10');
INSERT INTO user_has_interest (user_id, interest_id) VALUES ('C099C601-394A-3827-56CF-84DB97145C6D','867EEDF1-6381-FC68-12E1-6304EB143873');
INSERT INTO user_has_interest (user_id, interest_id) VALUES ('C099C601-394A-3827-56CF-84DB97145C6D','9D50CF23-449A-5C9F-C501-3603A86FCFA3');
INSERT INTO user_has_interest (user_id, interest_id) VALUES ('C099C601-394A-3827-56CF-84DB97145C6D','5AC9EE27-E3E7-72FE-47CC-BB85B5E62AC6');
INSERT INTO user_has_interest (user_id, interest_id) VALUES ('C099C601-394A-3827-56CF-84DB97145C6D','E72E855B-8E43-64AB-0AEC-ACB15AC760D3');
INSERT INTO user_has_interest (user_id, interest_id) VALUES ('6EF42EB2-D77E-E4B1-9415-0434D66EE403','1C496A02-C813-A031-F185-ACF3A0A0BB10');
INSERT INTO user_has_interest (user_id, interest_id) VALUES ('6EF42EB2-D77E-E4B1-9415-0434D66EE403','867EEDF1-6381-FC68-12E1-6304EB143873');
INSERT INTO user_has_interest (user_id, interest_id) VALUES ('6EF42EB2-D77E-E4B1-9415-0434D66EE403','9D50CF23-449A-5C9F-C501-3603A86FCFA3');
INSERT INTO user_has_interest (user_id, interest_id) VALUES ('F85ABFFD-7287-D926-53BF-97ABABFB77F0','1C496A02-C813-A031-F185-ACF3A0A0BB10');
INSERT INTO user_has_interest (user_id, interest_id) VALUES ('F85ABFFD-7287-D926-53BF-97ABABFB77F0','867EEDF1-6381-FC68-12E1-6304EB143873');
INSERT INTO user_has_interest (user_id, interest_id) VALUES ('F85ABFFD-7287-D926-53BF-97ABABFB77F0','9D50CF23-449A-5C9F-C501-3603A86FCFA3');
INSERT INTO user_has_interest (user_id, interest_id) VALUES ('AC286A49-F1CE-0EA1-FFA1-D29104B0457C','1C496A02-C813-A031-F185-ACF3A0A0BB10');
INSERT INTO user_has_interest (user_id, interest_id) VALUES ('AC286A49-F1CE-0EA1-FFA1-D29104B0457C','867EEDF1-6381-FC68-12E1-6304EB143873');
INSERT INTO user_has_interest (user_id, interest_id) VALUES ('29023899-2BCA-4F37-28E9-93F5307EB9AD','1C496A02-C813-A031-F185-ACF3A0A0BB10');
INSERT INTO user_has_interest (user_id, interest_id) VALUES ('29023899-2BCA-4F37-28E9-93F5307EB9AD','867EEDF1-6381-FC68-12E1-6304EB143873');
INSERT INTO user_has_interest (user_id, interest_id) VALUES ('29023899-2BCA-4F37-28E9-93F5307EB9AD','9D50CF23-449A-5C9F-C501-3603A86FCFA3');
INSERT INTO user_has_interest (user_id, interest_id) VALUES ('29023899-2BCA-4F37-28E9-93F5307EB9AD','5AC9EE27-E3E7-72FE-47CC-BB85B5E62AC6');
INSERT INTO user_has_interest (user_id, interest_id) VALUES ('29023899-2BCA-4F37-28E9-93F5307EB9AD','E72E855B-8E43-64AB-0AEC-ACB15AC760D3');
INSERT INTO user_has_interest (user_id, interest_id) VALUES ('A5CFF350-C056-C33F-2C06-C8A4B42A526A','1C496A02-C813-A031-F185-ACF3A0A0BB10');
INSERT INTO user_has_interest (user_id, interest_id) VALUES ('A5CFF350-C056-C33F-2C06-C8A4B42A526A','867EEDF1-6381-FC68-12E1-6304EB143873');
INSERT INTO user_has_interest (user_id, interest_id) VALUES ('A5CFF350-C056-C33F-2C06-C8A4B42A526A','9D50CF23-449A-5C9F-C501-3603A86FCFA3');
INSERT INTO user_has_interest (user_id, interest_id) VALUES ('A5CFF350-C056-C33F-2C06-C8A4B42A526A','5AC9EE27-E3E7-72FE-47CC-BB85B5E62AC6');
INSERT INTO user_has_interest (user_id, interest_id) VALUES ('A5CFF350-C056-C33F-2C06-C8A4B42A526A','E72E855B-8E43-64AB-0AEC-ACB15AC760D3');
INSERT INTO user_has_interest (user_id, interest_id) VALUES ('CEAAF76E-4D48-CDD1-C4D5-5516273E7E2C','1C496A02-C813-A031-F185-ACF3A0A0BB10');
INSERT INTO user_has_interest (user_id, interest_id) VALUES ('CEAAF76E-4D48-CDD1-C4D5-5516273E7E2C','867EEDF1-6381-FC68-12E1-6304EB143873');
INSERT INTO user_has_interest (user_id, interest_id) VALUES ('CEAAF76E-4D48-CDD1-C4D5-5516273E7E2C','9D50CF23-449A-5C9F-C501-3603A86FCFA3');
INSERT INTO user_has_interest (user_id, interest_id) VALUES ('CEAAF76E-4D48-CDD1-C4D5-5516273E7E2C','5AC9EE27-E3E7-72FE-47CC-BB85B5E62AC6');
INSERT INTO user_has_interest (user_id, interest_id) VALUES ('E0FAA3F6-C69B-A126-FE8E-C74A9A1059CD','1C496A02-C813-A031-F185-ACF3A0A0BB10');
INSERT INTO user_has_interest (user_id, interest_id) VALUES ('07455569-8213-A66B-323C-8886D7E69C92','1C496A02-C813-A031-F185-ACF3A0A0BB10');
INSERT INTO user_has_interest (user_id, interest_id) VALUES ('07455569-8213-A66B-323C-8886D7E69C92','867EEDF1-6381-FC68-12E1-6304EB143873');
INSERT INTO user_has_interest (user_id, interest_id) VALUES ('07455569-8213-A66B-323C-8886D7E69C92','9D50CF23-449A-5C9F-C501-3603A86FCFA3');
INSERT INTO user_has_interest (user_id, interest_id) VALUES ('07455569-8213-A66B-323C-8886D7E69C92','5AC9EE27-E3E7-72FE-47CC-BB85B5E62AC6');
INSERT INTO user_has_interest (user_id, interest_id) VALUES ('2B63471D-43CC-7BFD-8113-BD82450D6E1E','1C496A02-C813-A031-F185-ACF3A0A0BB10');
INSERT INTO user_has_interest (user_id, interest_id) VALUES ('2B63471D-43CC-7BFD-8113-BD82450D6E1E','867EEDF1-6381-FC68-12E1-6304EB143873');
INSERT INTO user_has_interest (user_id, interest_id) VALUES ('2B63471D-43CC-7BFD-8113-BD82450D6E1E','9D50CF23-449A-5C9F-C501-3603A86FCFA3');
INSERT INTO user_has_interest (user_id, interest_id) VALUES ('85AC1C46-68F0-525B-0154-EF7CB675030E','1C496A02-C813-A031-F185-ACF3A0A0BB10');
INSERT INTO user_has_interest (user_id, interest_id) VALUES ('85AC1C46-68F0-525B-0154-EF7CB675030E','867EEDF1-6381-FC68-12E1-6304EB143873');
INSERT INTO user_has_interest (user_id, interest_id) VALUES ('85AC1C46-68F0-525B-0154-EF7CB675030E','9D50CF23-449A-5C9F-C501-3603A86FCFA3');
INSERT INTO user_has_interest (user_id, interest_id) VALUES ('548C7906-444A-5389-873B-5E3C97F1F47D','1C496A02-C813-A031-F185-ACF3A0A0BB10');
INSERT INTO user_has_interest (user_id, interest_id) VALUES ('548C7906-444A-5389-873B-5E3C97F1F47D','867EEDF1-6381-FC68-12E1-6304EB143873');
INSERT INTO user_has_interest (user_id, interest_id) VALUES ('548C7906-444A-5389-873B-5E3C97F1F47D','9D50CF23-449A-5C9F-C501-3603A86FCFA3');
INSERT INTO user_has_interest (user_id, interest_id) VALUES ('548C7906-444A-5389-873B-5E3C97F1F47D','5AC9EE27-E3E7-72FE-47CC-BB85B5E62AC6');
INSERT INTO user_has_interest (user_id, interest_id) VALUES ('508A26A4-76D8-8573-974B-041B5094BAF9','1C496A02-C813-A031-F185-ACF3A0A0BB10');
INSERT INTO user_has_interest (user_id, interest_id) VALUES ('508A26A4-76D8-8573-974B-041B5094BAF9','867EEDF1-6381-FC68-12E1-6304EB143873');
INSERT INTO user_has_interest (user_id, interest_id) VALUES ('A045F8E7-A117-E313-A433-2382DABDE0CF','1C496A02-C813-A031-F185-ACF3A0A0BB10');
INSERT INTO user_has_interest (user_id, interest_id) VALUES ('A045F8E7-A117-E313-A433-2382DABDE0CF','867EEDF1-6381-FC68-12E1-6304EB143873');
INSERT INTO user_has_interest (user_id, interest_id) VALUES ('F52F2D7E-8635-A2BF-2348-72409DA2AD09','1C496A02-C813-A031-F185-ACF3A0A0BB10');
INSERT INTO user_has_interest (user_id, interest_id) VALUES ('3C81C78E-5232-F855-DD44-1B542A2D109F','1C496A02-C813-A031-F185-ACF3A0A0BB10');
INSERT INTO user_has_interest (user_id, interest_id) VALUES ('3C81C78E-5232-F855-DD44-1B542A2D109F','867EEDF1-6381-FC68-12E1-6304EB143873');
INSERT INTO user_has_interest (user_id, interest_id) VALUES ('3C81C78E-5232-F855-DD44-1B542A2D109F','9D50CF23-449A-5C9F-C501-3603A86FCFA3');
INSERT INTO user_has_interest (user_id, interest_id) VALUES ('3C81C78E-5232-F855-DD44-1B542A2D109F','5AC9EE27-E3E7-72FE-47CC-BB85B5E62AC6');
INSERT INTO user_has_interest (user_id, interest_id) VALUES ('3C81C78E-5232-F855-DD44-1B542A2D109F','E72E855B-8E43-64AB-0AEC-ACB15AC760D3');
INSERT INTO user_has_interest (user_id, interest_id) VALUES ('3C81C78E-5232-F855-DD44-1B542A2D109F','EEC77913-96BB-9323-49BC-A060F7CF8C21');
INSERT INTO user_has_interest (user_id, interest_id) VALUES ('1A24CCDA-6AEA-9457-57C5-7B48D39D2321','1C496A02-C813-A031-F185-ACF3A0A0BB10');
INSERT INTO user_has_interest (user_id, interest_id) VALUES ('1A24CCDA-6AEA-9457-57C5-7B48D39D2321','867EEDF1-6381-FC68-12E1-6304EB143873');
INSERT INTO user_has_interest (user_id, interest_id) VALUES ('1A24CCDA-6AEA-9457-57C5-7B48D39D2321','9D50CF23-449A-5C9F-C501-3603A86FCFA3');
INSERT INTO user_has_interest (user_id, interest_id) VALUES ('1A24CCDA-6AEA-9457-57C5-7B48D39D2321','5AC9EE27-E3E7-72FE-47CC-BB85B5E62AC6');
INSERT INTO user_has_interest (user_id, interest_id) VALUES ('10BB3D40-FB1B-49EA-EEC6-269509E1044F','1C496A02-C813-A031-F185-ACF3A0A0BB10');
INSERT INTO user_has_interest (user_id, interest_id) VALUES ('10BB3D40-FB1B-49EA-EEC6-269509E1044F','867EEDF1-6381-FC68-12E1-6304EB143873');
INSERT INTO user_has_interest (user_id, interest_id) VALUES ('10BB3D40-FB1B-49EA-EEC6-269509E1044F','9D50CF23-449A-5C9F-C501-3603A86FCFA3');
INSERT INTO user_has_interest (user_id, interest_id) VALUES ('10BB3D40-FB1B-49EA-EEC6-269509E1044F','5AC9EE27-E3E7-72FE-47CC-BB85B5E62AC6');
INSERT INTO user_has_interest (user_id, interest_id) VALUES ('10BB3D40-FB1B-49EA-EEC6-269509E1044F','E72E855B-8E43-64AB-0AEC-ACB15AC760D3');
INSERT INTO user_has_interest (user_id, interest_id) VALUES ('10BB3D40-FB1B-49EA-EEC6-269509E1044F','EEC77913-96BB-9323-49BC-A060F7CF8C21');
INSERT INTO user_has_interest (user_id, interest_id) VALUES ('05BD296C-D0C4-F0D4-8681-680817F77C85','1C496A02-C813-A031-F185-ACF3A0A0BB10');
INSERT INTO user_has_interest (user_id, interest_id) VALUES ('05BD296C-D0C4-F0D4-8681-680817F77C85','867EEDF1-6381-FC68-12E1-6304EB143873');
INSERT INTO user_has_interest (user_id, interest_id) VALUES ('05BD296C-D0C4-F0D4-8681-680817F77C85','9D50CF23-449A-5C9F-C501-3603A86FCFA3');
INSERT INTO user_has_interest (user_id, interest_id) VALUES ('7D87FCF1-8A5D-F63C-6E0E-8064CBB22C3E','1C496A02-C813-A031-F185-ACF3A0A0BB10');
INSERT INTO user_has_interest (user_id, interest_id) VALUES ('7D87FCF1-8A5D-F63C-6E0E-8064CBB22C3E','867EEDF1-6381-FC68-12E1-6304EB143873');
INSERT INTO user_has_interest (user_id, interest_id) VALUES ('7D87FCF1-8A5D-F63C-6E0E-8064CBB22C3E','9D50CF23-449A-5C9F-C501-3603A86FCFA3');
INSERT INTO user_has_interest (user_id, interest_id) VALUES ('7D87FCF1-8A5D-F63C-6E0E-8064CBB22C3E','5AC9EE27-E3E7-72FE-47CC-BB85B5E62AC6');
INSERT INTO user_has_interest (user_id, interest_id) VALUES ('7D87FCF1-8A5D-F63C-6E0E-8064CBB22C3E','E72E855B-8E43-64AB-0AEC-ACB15AC760D3');
INSERT INTO user_has_interest (user_id, interest_id) VALUES ('7D87FCF1-8A5D-F63C-6E0E-8064CBB22C3E','EEC77913-96BB-9323-49BC-A060F7CF8C21');
INSERT INTO user_has_interest (user_id, interest_id) VALUES ('C34C767D-5CF5-F674-9A48-F2A202844230','1C496A02-C813-A031-F185-ACF3A0A0BB10');
INSERT INTO user_has_interest (user_id, interest_id) VALUES ('C34C767D-5CF5-F674-9A48-F2A202844230','867EEDF1-6381-FC68-12E1-6304EB143873');
INSERT INTO user_has_interest (user_id, interest_id) VALUES ('C34C767D-5CF5-F674-9A48-F2A202844230','9D50CF23-449A-5C9F-C501-3603A86FCFA3');
INSERT INTO user_has_interest (user_id, interest_id) VALUES ('C34C767D-5CF5-F674-9A48-F2A202844230','5AC9EE27-E3E7-72FE-47CC-BB85B5E62AC6');
INSERT INTO user_has_interest (user_id, interest_id) VALUES ('C34C767D-5CF5-F674-9A48-F2A202844230','E72E855B-8E43-64AB-0AEC-ACB15AC760D3');
INSERT INTO user_has_interest (user_id, interest_id) VALUES ('E6EB03E4-5BD7-F408-ED85-357B88AFBE77','1C496A02-C813-A031-F185-ACF3A0A0BB10');
INSERT INTO user_has_interest (user_id, interest_id) VALUES ('E6EB03E4-5BD7-F408-ED85-357B88AFBE77','867EEDF1-6381-FC68-12E1-6304EB143873');
INSERT INTO user_has_interest (user_id, interest_id) VALUES ('E6EB03E4-5BD7-F408-ED85-357B88AFBE77','9D50CF23-449A-5C9F-C501-3603A86FCFA3');
INSERT INTO user_has_interest (user_id, interest_id) VALUES ('E6EB03E4-5BD7-F408-ED85-357B88AFBE77','5AC9EE27-E3E7-72FE-47CC-BB85B5E62AC6');
INSERT INTO user_has_interest (user_id, interest_id) VALUES ('0D495B9F-FA33-F473-B810-81668CDF345E','1C496A02-C813-A031-F185-ACF3A0A0BB10');
INSERT INTO user_has_interest (user_id, interest_id) VALUES ('EC1BE206-F025-9A28-B07E-C113B9B9185A','1C496A02-C813-A031-F185-ACF3A0A0BB10');
INSERT INTO user_has_interest (user_id, interest_id) VALUES ('EC1BE206-F025-9A28-B07E-C113B9B9185A','867EEDF1-6381-FC68-12E1-6304EB143873');
INSERT INTO user_has_interest (user_id, interest_id) VALUES ('6D350F2C-5887-F332-387D-FEEDAA4119F8','1C496A02-C813-A031-F185-ACF3A0A0BB10');
INSERT INTO user_has_interest (user_id, interest_id) VALUES ('6D350F2C-5887-F332-387D-FEEDAA4119F8','867EEDF1-6381-FC68-12E1-6304EB143873');
INSERT INTO user_has_interest (user_id, interest_id) VALUES ('6D350F2C-5887-F332-387D-FEEDAA4119F8','9D50CF23-449A-5C9F-C501-3603A86FCFA3');
INSERT INTO user_has_interest (user_id, interest_id) VALUES ('6D350F2C-5887-F332-387D-FEEDAA4119F8','5AC9EE27-E3E7-72FE-47CC-BB85B5E62AC6');
INSERT INTO user_has_interest (user_id, interest_id) VALUES ('6D350F2C-5887-F332-387D-FEEDAA4119F8','E72E855B-8E43-64AB-0AEC-ACB15AC760D3');
INSERT INTO user_has_interest (user_id, interest_id) VALUES ('CF4A9F36-373A-C301-EA85-A0C34486BA9F','1C496A02-C813-A031-F185-ACF3A0A0BB10');
INSERT INTO user_has_interest (user_id, interest_id) VALUES ('CF4A9F36-373A-C301-EA85-A0C34486BA9F','867EEDF1-6381-FC68-12E1-6304EB143873');
INSERT INTO user_has_interest (user_id, interest_id) VALUES ('361DB271-EB36-2F8F-3D58-A4721F928925','1C496A02-C813-A031-F185-ACF3A0A0BB10');
INSERT INTO user_has_interest (user_id, interest_id) VALUES ('361DB271-EB36-2F8F-3D58-A4721F928925','867EEDF1-6381-FC68-12E1-6304EB143873');
INSERT INTO user_has_interest (user_id, interest_id) VALUES ('361DB271-EB36-2F8F-3D58-A4721F928925','9D50CF23-449A-5C9F-C501-3603A86FCFA3');
INSERT INTO user_has_interest (user_id, interest_id) VALUES ('D8579FCC-BB44-C11A-7356-5F5D59199B67','1C496A02-C813-A031-F185-ACF3A0A0BB10');
INSERT INTO user_has_interest (user_id, interest_id) VALUES ('9DA3393D-A0EF-7600-0A52-FBA76571BE4C','1C496A02-C813-A031-F185-ACF3A0A0BB10');
INSERT INTO user_has_interest (user_id, interest_id) VALUES ('9DA3393D-A0EF-7600-0A52-FBA76571BE4C','867EEDF1-6381-FC68-12E1-6304EB143873');
INSERT INTO user_has_interest (user_id, interest_id) VALUES ('611E0189-717E-2F4F-D749-A78DEF80D697','1C496A02-C813-A031-F185-ACF3A0A0BB10');
INSERT INTO user_has_interest (user_id, interest_id) VALUES ('611E0189-717E-2F4F-D749-A78DEF80D697','867EEDF1-6381-FC68-12E1-6304EB143873');
INSERT INTO user_has_interest (user_id, interest_id) VALUES ('611E0189-717E-2F4F-D749-A78DEF80D697','9D50CF23-449A-5C9F-C501-3603A86FCFA3');
INSERT INTO user_has_interest (user_id, interest_id) VALUES ('611E0189-717E-2F4F-D749-A78DEF80D697','5AC9EE27-E3E7-72FE-47CC-BB85B5E62AC6');
INSERT INTO user_has_interest (user_id, interest_id) VALUES ('611E0189-717E-2F4F-D749-A78DEF80D697','E72E855B-8E43-64AB-0AEC-ACB15AC760D3');
INSERT INTO user_has_interest (user_id, interest_id) VALUES ('AEEE80F3-E057-25DB-1EFB-F54D729B610B','1C496A02-C813-A031-F185-ACF3A0A0BB10');
INSERT INTO user_has_interest (user_id, interest_id) VALUES ('AEEE80F3-E057-25DB-1EFB-F54D729B610B','867EEDF1-6381-FC68-12E1-6304EB143873');
INSERT INTO user_has_interest (user_id, interest_id) VALUES ('AEEE80F3-E057-25DB-1EFB-F54D729B610B','9D50CF23-449A-5C9F-C501-3603A86FCFA3');
INSERT INTO user_has_interest (user_id, interest_id) VALUES ('AEEE80F3-E057-25DB-1EFB-F54D729B610B','5AC9EE27-E3E7-72FE-47CC-BB85B5E62AC6');
INSERT INTO user_has_interest (user_id, interest_id) VALUES ('AEEE80F3-E057-25DB-1EFB-F54D729B610B','E72E855B-8E43-64AB-0AEC-ACB15AC760D3');
INSERT INTO user_has_interest (user_id, interest_id) VALUES ('AEEE80F3-E057-25DB-1EFB-F54D729B610B','EEC77913-96BB-9323-49BC-A060F7CF8C21');
INSERT INTO user_has_interest (user_id, interest_id) VALUES ('D9BE7807-3C3C-A634-81BD-F64065FB680D','1C496A02-C813-A031-F185-ACF3A0A0BB10');
INSERT INTO user_has_interest (user_id, interest_id) VALUES ('D9BE7807-3C3C-A634-81BD-F64065FB680D','867EEDF1-6381-FC68-12E1-6304EB143873');
INSERT INTO user_has_interest (user_id, interest_id) VALUES ('D9BE7807-3C3C-A634-81BD-F64065FB680D','9D50CF23-449A-5C9F-C501-3603A86FCFA3');
INSERT INTO user_has_interest (user_id, interest_id) VALUES ('D9BE7807-3C3C-A634-81BD-F64065FB680D','5AC9EE27-E3E7-72FE-47CC-BB85B5E62AC6');
INSERT INTO user_has_interest (user_id, interest_id) VALUES ('D9BE7807-3C3C-A634-81BD-F64065FB680D','E72E855B-8E43-64AB-0AEC-ACB15AC760D3');
INSERT INTO user_has_interest (user_id, interest_id) VALUES ('D9BE7807-3C3C-A634-81BD-F64065FB680D','EEC77913-96BB-9323-49BC-A060F7CF8C21');
INSERT INTO user_has_interest (user_id, interest_id) VALUES ('938E929F-8FAC-7104-1007-7291FDCF2BCE','1C496A02-C813-A031-F185-ACF3A0A0BB10');
INSERT INTO user_has_interest (user_id, interest_id) VALUES ('3E2E3065-6D5D-9E28-3C4F-5DB39D930E35','1C496A02-C813-A031-F185-ACF3A0A0BB10');
INSERT INTO user_has_interest (user_id, interest_id) VALUES ('3E2E3065-6D5D-9E28-3C4F-5DB39D930E35','867EEDF1-6381-FC68-12E1-6304EB143873');
INSERT INTO user_has_interest (user_id, interest_id) VALUES ('3E2E3065-6D5D-9E28-3C4F-5DB39D930E35','9D50CF23-449A-5C9F-C501-3603A86FCFA3');
INSERT INTO user_has_interest (user_id, interest_id) VALUES ('897B13DE-96AE-45DD-7563-57DECFBA9BDC','1C496A02-C813-A031-F185-ACF3A0A0BB10');
INSERT INTO user_has_interest (user_id, interest_id) VALUES ('897B13DE-96AE-45DD-7563-57DECFBA9BDC','867EEDF1-6381-FC68-12E1-6304EB143873');
INSERT INTO user_has_interest (user_id, interest_id) VALUES ('419C4810-B3A7-5B51-D502-1DE1ACA3D5F5','1C496A02-C813-A031-F185-ACF3A0A0BB10');
INSERT INTO user_has_interest (user_id, interest_id) VALUES ('419C4810-B3A7-5B51-D502-1DE1ACA3D5F5','867EEDF1-6381-FC68-12E1-6304EB143873');
INSERT INTO user_has_interest (user_id, interest_id) VALUES ('419C4810-B3A7-5B51-D502-1DE1ACA3D5F5','9D50CF23-449A-5C9F-C501-3603A86FCFA3');
INSERT INTO user_has_interest (user_id, interest_id) VALUES ('419C4810-B3A7-5B51-D502-1DE1ACA3D5F5','5AC9EE27-E3E7-72FE-47CC-BB85B5E62AC6');
INSERT INTO user_has_interest (user_id, interest_id) VALUES ('419C4810-B3A7-5B51-D502-1DE1ACA3D5F5','E72E855B-8E43-64AB-0AEC-ACB15AC760D3');
INSERT INTO user_has_interest (user_id, interest_id) VALUES ('3BD0921B-9C7E-E7D5-D762-57D0755692EE','1C496A02-C813-A031-F185-ACF3A0A0BB10');
INSERT INTO user_has_interest (user_id, interest_id) VALUES ('83AC0DF6-7043-DC24-08D9-2549BA3FFC80','1C496A02-C813-A031-F185-ACF3A0A0BB10');
INSERT INTO user_has_interest (user_id, interest_id) VALUES ('83AC0DF6-7043-DC24-08D9-2549BA3FFC80','867EEDF1-6381-FC68-12E1-6304EB143873');
INSERT INTO user_has_interest (user_id, interest_id) VALUES ('83AC0DF6-7043-DC24-08D9-2549BA3FFC80','9D50CF23-449A-5C9F-C501-3603A86FCFA3');
INSERT INTO user_has_interest (user_id, interest_id) VALUES ('83AC0DF6-7043-DC24-08D9-2549BA3FFC80','5AC9EE27-E3E7-72FE-47CC-BB85B5E62AC6');
INSERT INTO user_has_interest (user_id, interest_id) VALUES ('83AC0DF6-7043-DC24-08D9-2549BA3FFC80','E72E855B-8E43-64AB-0AEC-ACB15AC760D3');
INSERT INTO user_has_interest (user_id, interest_id) VALUES ('AF21F654-CE8E-19F6-69DF-71FFCE2B40D2','1C496A02-C813-A031-F185-ACF3A0A0BB10');
INSERT INTO user_has_interest (user_id, interest_id) VALUES ('AF21F654-CE8E-19F6-69DF-71FFCE2B40D2','867EEDF1-6381-FC68-12E1-6304EB143873');
INSERT INTO user_has_interest (user_id, interest_id) VALUES ('AF21F654-CE8E-19F6-69DF-71FFCE2B40D2','9D50CF23-449A-5C9F-C501-3603A86FCFA3');
INSERT INTO user_has_interest (user_id, interest_id) VALUES ('AF21F654-CE8E-19F6-69DF-71FFCE2B40D2','5AC9EE27-E3E7-72FE-47CC-BB85B5E62AC6');
INSERT INTO user_has_interest (user_id, interest_id) VALUES ('AF21F654-CE8E-19F6-69DF-71FFCE2B40D2','E72E855B-8E43-64AB-0AEC-ACB15AC760D3');
INSERT INTO user_has_interest (user_id, interest_id) VALUES ('1C602BA2-33C7-51A8-3E4A-5C1D3E38D4A8','1C496A02-C813-A031-F185-ACF3A0A0BB10');
INSERT INTO user_has_interest (user_id, interest_id) VALUES ('1C602BA2-33C7-51A8-3E4A-5C1D3E38D4A8','867EEDF1-6381-FC68-12E1-6304EB143873');
INSERT INTO user_has_interest (user_id, interest_id) VALUES ('1C602BA2-33C7-51A8-3E4A-5C1D3E38D4A8','9D50CF23-449A-5C9F-C501-3603A86FCFA3');
INSERT INTO user_has_interest (user_id, interest_id) VALUES ('1C602BA2-33C7-51A8-3E4A-5C1D3E38D4A8','5AC9EE27-E3E7-72FE-47CC-BB85B5E62AC6');
INSERT INTO user_has_interest (user_id, interest_id) VALUES ('65FFB931-B691-E694-21F9-A354DF676AFD','1C496A02-C813-A031-F185-ACF3A0A0BB10');
INSERT INTO user_has_interest (user_id, interest_id) VALUES ('1EEA3CC3-3944-EBF6-9146-307BD5234012','1C496A02-C813-A031-F185-ACF3A0A0BB10');
INSERT INTO user_has_interest (user_id, interest_id) VALUES ('1EEA3CC3-3944-EBF6-9146-307BD5234012','867EEDF1-6381-FC68-12E1-6304EB143873');
INSERT INTO user_has_interest (user_id, interest_id) VALUES ('AFB755FC-10DB-15EB-EC9D-B4484CAD62F7','1C496A02-C813-A031-F185-ACF3A0A0BB10');
INSERT INTO user_has_interest (user_id, interest_id) VALUES ('AFB755FC-10DB-15EB-EC9D-B4484CAD62F7','867EEDF1-6381-FC68-12E1-6304EB143873');
INSERT INTO user_has_interest (user_id, interest_id) VALUES ('F48003B9-D059-6DDF-8339-B98612C42F21','1C496A02-C813-A031-F185-ACF3A0A0BB10');
INSERT INTO user_has_interest (user_id, interest_id) VALUES ('F48003B9-D059-6DDF-8339-B98612C42F21','867EEDF1-6381-FC68-12E1-6304EB143873');
INSERT INTO user_has_interest (user_id, interest_id) VALUES ('F48003B9-D059-6DDF-8339-B98612C42F21','9D50CF23-449A-5C9F-C501-3603A86FCFA3');
INSERT INTO user_has_interest (user_id, interest_id) VALUES ('486AFE8A-3EA9-CE18-CF21-5360FBFBB4BD','1C496A02-C813-A031-F185-ACF3A0A0BB10');
INSERT INTO user_has_interest (user_id, interest_id) VALUES ('486AFE8A-3EA9-CE18-CF21-5360FBFBB4BD','867EEDF1-6381-FC68-12E1-6304EB143873');
INSERT INTO user_has_interest (user_id, interest_id) VALUES ('486AFE8A-3EA9-CE18-CF21-5360FBFBB4BD','9D50CF23-449A-5C9F-C501-3603A86FCFA3');
INSERT INTO user_has_interest (user_id, interest_id) VALUES ('96081667-1355-8BEF-896E-FCA4FC623E86','1C496A02-C813-A031-F185-ACF3A0A0BB10');
INSERT INTO user_has_interest (user_id, interest_id) VALUES ('96081667-1355-8BEF-896E-FCA4FC623E86','867EEDF1-6381-FC68-12E1-6304EB143873');
INSERT INTO user_has_interest (user_id, interest_id) VALUES ('96081667-1355-8BEF-896E-FCA4FC623E86','9D50CF23-449A-5C9F-C501-3603A86FCFA3');

INSERT INTO stadium(id, city_id, name) VALUES('96D574CC-F12C-5C4F-9123-3DB6B94EFC6A','Belo Horizonte','Estádio Mineirão');
INSERT INTO stadium(id, city_id, name) VALUES('87E0C7C7-13F5-30AD-C1EE-16507DFEF55A','Brasilia','Estádio Nacional de Brasília');
INSERT INTO stadium(id, city_id, name) VALUES('23DA4D13-E555-5CFD-4D06-DDEF06CAD0F1','Cuiba','Arena Pantanal');
INSERT INTO stadium(id, city_id, name) VALUES('01697D91-9D5E-35E5-0086-73002ADD0B52','Curitiba','Arena da Baixada');
INSERT INTO stadium(id, city_id, name) VALUES('FE66EA76-1454-6CB0-E4DB-BF0CFA730847','Fortaleza','Estádio Castelão');
INSERT INTO stadium(id, city_id, name) VALUES('38A73365-BA4F-7A98-FB3B-F363EFCD1073','Manaus','Arena Amazônia');
INSERT INTO stadium(id, city_id, name) VALUES('0B025124-4D91-B9B5-6B95-85CC4A908860','Natal','Estádio das Dunas');
INSERT INTO stadium(id, city_id, name) VALUES('BD1FFF1F-8FBC-B4FA-52B6-F2FD5353E87C','Porto Alegre','Estádio Beira-rio');
INSERT INTO stadium(id, city_id, name) VALUES('BE7419C9-4E5B-56EE-3AAE-F6C21BBB1BDA','Recife','Arena Pernambuco');
INSERT INTO stadium(id, city_id, name) VALUES('1FD35DC1-C290-CEB0-94FB-479FCFBF196C','Rio de Janeiro','Estádio do Maracanã');
INSERT INTO stadium(id, city_id, name) VALUES('0D31868D-C67E-C6A9-0C83-13C695C1FA8B','Salvador','Arena Fonte Nova');
INSERT INTO stadium(id, city_id, name) VALUES('F2A3B244-CF34-0CFE-A9B5-1E31A6B8244C','Sao Paulo','Arena de São Paulo');

INSERT INTO `match`(id,stadium_id,country_a_id,country_b_id,date,hour) VALUES ('88C9BB41-BA61-AFB5-F0A6-39286D7B8C73','BD1FFF1F-8FBC-B4FA-52B6-F2FD5353E87C','South Africa','Mexico','2013-06-11','16:00');
INSERT INTO `match`(id,stadium_id,country_a_id,country_b_id,date,hour) VALUES ('C2528B6B-F85F-ABB9-639A-CF4C4735BCAC','FE66EA76-1454-6CB0-E4DB-BF0CFA730847','Uruguay','France','2013-06-11','20:30');
INSERT INTO `match`(id,stadium_id,country_a_id,country_b_id,date,hour) VALUES ('0EA0AE36-454E-5847-8547-D3A19CA5E78F','01697D91-9D5E-35E5-0086-73002ADD0B52','South Africa','Uruguay','2013-06-16','20:30');
INSERT INTO `match`(id,stadium_id,country_a_id,country_b_id,date,hour) VALUES ('340A2128-3B92-2AEE-FDB8-A5DB6C7D4A65','38A73365-BA4F-7A98-FB3B-F363EFCD1073','France','Mexico','2013-06-17','20:30');
INSERT INTO `match`(id,stadium_id,country_a_id,country_b_id,date,hour) VALUES ('B117C27A-25BE-794A-DB6C-26B022DCE9F8','BD1FFF1F-8FBC-B4FA-52B6-F2FD5353E87C','Mexico','Uruguay','2013-06-22','16:00');
INSERT INTO `match`(id,stadium_id,country_a_id,country_b_id,date,hour) VALUES ('5AC8CD36-1B33-F793-25D5-638FB273AD22','FE66EA76-1454-6CB0-E4DB-BF0CFA730847','France','South Africa','2013-06-22','21:00');
INSERT INTO `match`(id,stadium_id,country_a_id,country_b_id,date,hour) VALUES ('FC4AE12B-D0D5-DD1E-D30E-00880F411C4C','23DA4D13-E555-5CFD-4D06-DDEF06CAD0F1','Bolivia','Nigeria','2013-06-12','16:00');
INSERT INTO `match`(id,stadium_id,country_a_id,country_b_id,date,hour) VALUES ('41764A98-A260-D783-519F-D202ED3D387D','FE66EA76-1454-6CB0-E4DB-BF0CFA730847','Korea, South','Greece','2013-06-12','13:30');
INSERT INTO `match`(id,stadium_id,country_a_id,country_b_id,date,hour) VALUES ('3B3DD1C2-2468-C6BD-7C0D-839658FD91E4','BD1FFF1F-8FBC-B4FA-52B6-F2FD5353E87C','Greece','Nigeria','2013-06-17','18:00');
INSERT INTO `match`(id,stadium_id,country_a_id,country_b_id,date,hour) VALUES ('2376F855-273E-8814-EFEC-2AFDB1654EBC','BE7419C9-4E5B-56EE-3AAE-F6C21BBB1BDA','Bolivia','Korea, South','2013-06-17','13:30');
INSERT INTO `match`(id,stadium_id,country_a_id,country_b_id,date,hour) VALUES ('22B0CA13-AE72-BA2B-9452-9D7A004A37EF','BD1FFF1F-8FBC-B4FA-52B6-F2FD5353E87C','Nigeria','Korea, South','2013-06-22','20:30');
INSERT INTO `match`(id,stadium_id,country_a_id,country_b_id,date,hour) VALUES ('869DA182-E156-9A17-28AC-5A3BA0506053','23DA4D13-E555-5CFD-4D06-DDEF06CAD0F1','Greece','Bolivia','2013-06-22','23:30');
INSERT INTO `match`(id,stadium_id,country_a_id,country_b_id,date,hour) VALUES ('A145454E-EEDB-31D1-2115-D93AA9F6C87E','87E0C7C7-13F5-30AD-C1EE-16507DFEF55A','United Kingdom','United States of America','2013-06-12','20:30');
INSERT INTO `match`(id,stadium_id,country_a_id,country_b_id,date,hour) VALUES ('65FC6F5A-DA69-C5AF-D6AC-E00DD9D449A1','38A73365-BA4F-7A98-FB3B-F363EFCD1073','Algeria','Slovenia','2013-06-13','13:30');
INSERT INTO `match`(id,stadium_id,country_a_id,country_b_id,date,hour) VALUES ('8FC8B7B1-7CB8-A6CE-DE94-58BB614F9694','BE7419C9-4E5B-56EE-3AAE-F6C21BBB1BDA','Slovenia','United States of America','2013-06-18','16:00');
INSERT INTO `match`(id,stadium_id,country_a_id,country_b_id,date,hour) VALUES ('77D84217-D5AB-7AC3-C504-6F25C2D2C028','FE66EA76-1454-6CB0-E4DB-BF0CFA730847','United Kingdom','Algeria','2013-06-18','20:30');
INSERT INTO `match`(id,stadium_id,country_a_id,country_b_id,date,hour) VALUES ('41B6D10A-88A5-73E9-D827-0C67DBEC37ED','0D31868D-C67E-C6A9-0C83-13C695C1FA8B','Slovenia','United Kingdom','2013-06-23','16:00');
INSERT INTO `match`(id,stadium_id,country_a_id,country_b_id,date,hour) VALUES ('0E29D9F7-CE39-7DA6-D5BD-63CCB8B3864F','01697D91-9D5E-35E5-0086-73002ADD0B52','United States of America','Algeria','2013-06-23','08:00');
INSERT INTO `match`(id,stadium_id,country_a_id,country_b_id,date,hour) VALUES ('D869C4DA-34CD-A380-263E-97263AF93A2C','BD1FFF1F-8FBC-B4FA-52B6-F2FD5353E87C','Germany','Australia','2013-06-13','20:30');
INSERT INTO `match`(id,stadium_id,country_a_id,country_b_id,date,hour) VALUES ('68A32A2E-5B29-B990-193F-CC609241E528','F2A3B244-CF34-0CFE-A9B5-1E31A6B8244C','Serbia','Ghana','2013-06-13','16:00');
INSERT INTO `match`(id,stadium_id,country_a_id,country_b_id,date,hour) VALUES ('BB6DEEDA-6ACB-D77F-253D-79010DF1AA08','FE66EA76-1454-6CB0-E4DB-BF0CFA730847','Germany','Serbia','2013-06-18','13:30');
INSERT INTO `match`(id,stadium_id,country_a_id,country_b_id,date,hour) VALUES ('A755C9EF-10CD-874D-7689-CEAB4151DB35','1FD35DC1-C290-CEB0-94FB-479FCFBF196C','Ghana','Australia','2013-06-19','16:00');
INSERT INTO `match`(id,stadium_id,country_a_id,country_b_id,date,hour) VALUES ('D75D7C30-C7E9-7614-7044-BE43D769DDAA','01697D91-9D5E-35E5-0086-73002ADD0B52','Ghana','Germany','2013-06-23','20:30');
INSERT INTO `match`(id,stadium_id,country_a_id,country_b_id,date,hour) VALUES ('B3B2F513-6441-70DC-667B-B34A7ED843AE','38A73365-BA4F-7A98-FB3B-F363EFCD1073','Australia','Serbia','2013-06-23','19:30');
INSERT INTO `match`(id,stadium_id,country_a_id,country_b_id,date,hour) VALUES ('1D243645-7389-EE02-F6A4-3E26A59D5EBA','BE7419C9-4E5B-56EE-3AAE-F6C21BBB1BDA','Netherlands','Denmark','2013-06-12','14:50');
INSERT INTO `match`(id,stadium_id,country_a_id,country_b_id,date,hour) VALUES ('8086E73E-72E0-B972-711F-64CEC9529616','23DA4D13-E555-5CFD-4D06-DDEF06CAD0F1','Japan','Cameroon','2013-06-12','16:10');
INSERT INTO `match`(id,stadium_id,country_a_id,country_b_id,date,hour) VALUES ('8FCD6F17-4806-2696-6E87-53E6B67F767E','FE66EA76-1454-6CB0-E4DB-BF0CFA730847','Netherlands','Japan','2013-06-17','13:35');
INSERT INTO `match`(id,stadium_id,country_a_id,country_b_id,date,hour) VALUES ('4F9808B9-DF74-A8D9-0B83-B80F61AFC561','BD1FFF1F-8FBC-B4FA-52B6-F2FD5353E87C','Cameroon','Denmark','2013-06-18','20:40');
INSERT INTO `match`(id,stadium_id,country_a_id,country_b_id,date,hour) VALUES ('17098E33-533B-D7D1-D850-58637128FC72','1FD35DC1-C290-CEB0-94FB-479FCFBF196C','Denmark','Japan','2013-06-23','20:35');
INSERT INTO `match`(id,stadium_id,country_a_id,country_b_id,date,hour) VALUES ('6E9E79A6-9819-D429-D7EB-83FD63E90156','BD1FFF1F-8FBC-B4FA-52B6-F2FD5353E87C','Cameroon','Netherlands','2013-06-23','12:00');
INSERT INTO `match`(id,stadium_id,country_a_id,country_b_id,date,hour) VALUES ('7DAA7077-1751-6371-5C6B-D226A3A5D79C','01697D91-9D5E-35E5-0086-73002ADD0B52','Italy','Paraguay','2013-06-13','11:30');
INSERT INTO `match`(id,stadium_id,country_a_id,country_b_id,date,hour) VALUES ('2C583EDD-CA4C-E651-CFDA-2BD7F1CF96DA','FE66EA76-1454-6CB0-E4DB-BF0CFA730847','New Zealand','Slovakia','2013-06-13','09:30');
INSERT INTO `match`(id,stadium_id,country_a_id,country_b_id,date,hour) VALUES ('353C4C5A-C48E-27A2-C7C6-337895F9427A','0D31868D-C67E-C6A9-0C83-13C695C1FA8B','Slovakia','Paraguay','2013-06-18','22:30');
INSERT INTO `match`(id,stadium_id,country_a_id,country_b_id,date,hour) VALUES ('3D85A187-95A5-3CC6-9C57-717A532AE17F','23DA4D13-E555-5CFD-4D06-DDEF06CAD0F1','Italy','New Zealand','2013-06-18','22:00');
INSERT INTO `match`(id,stadium_id,country_a_id,country_b_id,date,hour) VALUES ('E6773BB7-DCD6-C456-5E64-D12BBF2C0EA5','BE7419C9-4E5B-56EE-3AAE-F6C21BBB1BDA','Slovakia','Italy','2013-06-23','17:58');
INSERT INTO `match`(id,stadium_id,country_a_id,country_b_id,date,hour) VALUES ('30D1C267-A22E-F8BA-6DFC-981737E05973','38A73365-BA4F-7A98-FB3B-F363EFCD1073','Paraguay','New Zealand','2013-06-23','14:00');
INSERT INTO `match`(id,stadium_id,country_a_id,country_b_id,date,hour) VALUES ('3073ED2D-DFDC-3C94-FEB4-3AE6AAB36492','38A73365-BA4F-7A98-FB3B-F363EFCD1073','Argentina','Portugal','2013-06-13','13:00');
INSERT INTO `match`(id,stadium_id,country_a_id,country_b_id,date,hour) VALUES ('627999F3-4389-C13A-65BD-BE2BC982460E','0D31868D-C67E-C6A9-0C83-13C695C1FA8B','Brazil','Korea, North','2013-06-14','20:37');
INSERT INTO `match`(id,stadium_id,country_a_id,country_b_id,date,hour) VALUES ('A32E3FE5-16A4-5FD5-27E3-A7C7D3B83D66','BE7419C9-4E5B-56EE-3AAE-F6C21BBB1BDA','Brazil','Argentina','2013-06-19','20:32');
INSERT INTO `match`(id,stadium_id,country_a_id,country_b_id,date,hour) VALUES ('470C8517-7950-4873-E449-697F5C3E119C','01697D91-9D5E-35E5-0086-73002ADD0B52','Portugal','Korea, North','2013-06-19','13:20');
INSERT INTO `match`(id,stadium_id,country_a_id,country_b_id,date,hour) VALUES ('FBA48738-1351-3C72-A511-D18269936BA0','38A73365-BA4F-7A98-FB3B-F363EFCD1073','Portugal','Brazil','2013-06-24','16:10');
INSERT INTO `match`(id,stadium_id,country_a_id,country_b_id,date,hour) VALUES ('479BEA82-68F5-4021-8BB0-F392D34638C4','01697D91-9D5E-35E5-0086-73002ADD0B52','Korea, North','Argentina','2013-06-24','16:08');
INSERT INTO `match`(id,stadium_id,country_a_id,country_b_id,date,hour) VALUES ('BBCAA949-A1F2-6F20-D625-50632BE870F9','87E0C7C7-13F5-30AD-C1EE-16507DFEF55A','Honduras','Chile','2013-06-14','13:38');
INSERT INTO `match`(id,stadium_id,country_a_id,country_b_id,date,hour) VALUES ('34ACA953-B1B2-8D43-BAE1-620ACDD07F6B','0B025124-4D91-B9B5-6B95-85CC4A908860','Spain','Switzerland','2013-06-14','15:20');
INSERT INTO `match`(id,stadium_id,country_a_id,country_b_id,date,hour) VALUES ('85D32BA8-2D9C-8E76-3128-7825A43C34E3','BE7419C9-4E5B-56EE-3AAE-F6C21BBB1BDA','Chile','Switzerland','2013-06-19','18:20');
INSERT INTO `match`(id,stadium_id,country_a_id,country_b_id,date,hour) VALUES ('08188BC8-CF40-1039-4549-9AEB6F9EAB8D','1FD35DC1-C290-CEB0-94FB-479FCFBF196C','Spain','Honduras','2013-06-20','20:31');
INSERT INTO `match`(id,stadium_id,country_a_id,country_b_id,date,hour) VALUES ('FF8AEC9A-99D5-E92A-36C5-E739AC170D50','1FD35DC1-C290-CEB0-94FB-479FCFBF196C','Chile','Spain','2013-06-24','20:32');
INSERT INTO `match`(id,stadium_id,country_a_id,country_b_id,date,hour) VALUES ('677070B3-5848-E8A3-3205-A077FB8BB7AC','38A73365-BA4F-7A98-FB3B-F363EFCD1073','Switzerland','Honduras','2013-06-24','20:33');

INSERT INTO user_has_match(user_id, match_id) VALUES('78A3BD25-6A99-4FEB-CFDA-35DE80932EEF','88C9BB41-BA61-AFB5-F0A6-39286D7B8C73');
INSERT INTO user_has_match(user_id, match_id) VALUES('78A3BD25-6A99-4FEB-CFDA-35DE80932EEF','41B6D10A-88A5-73E9-D827-0C67DBEC37ED');
INSERT INTO user_has_match(user_id, match_id) VALUES('78A3BD25-6A99-4FEB-CFDA-35DE80932EEF','68A32A2E-5B29-B990-193F-CC609241E528');
INSERT INTO user_has_match(user_id, match_id) VALUES('78A3BD25-6A99-4FEB-CFDA-35DE80932EEF','A755C9EF-10CD-874D-7689-CEAB4151DB35');
INSERT INTO user_has_match(user_id, match_id) VALUES('78A3BD25-6A99-4FEB-CFDA-35DE80932EEF','353C4C5A-C48E-27A2-C7C6-337895F9427A');
INSERT INTO user_has_match(user_id, match_id) VALUES('78A3BD25-6A99-4FEB-CFDA-35DE80932EEF','E6773BB7-DCD6-C456-5E64-D12BBF2C0EA5');
INSERT INTO user_has_match(user_id, match_id) VALUES('78A3BD25-6A99-4FEB-CFDA-35DE80932EEF','3073ED2D-DFDC-3C94-FEB4-3AE6AAB36492');
INSERT INTO user_has_match(user_id, match_id) VALUES('78A3BD25-6A99-4FEB-CFDA-35DE80932EEF','470C8517-7950-4873-E449-697F5C3E119C');
INSERT INTO user_has_match(user_id, match_id) VALUES('78A3BD25-6A99-4FEB-CFDA-35DE80932EEF','FBA48738-1351-3C72-A511-D18269936BA0');
INSERT INTO user_has_match(user_id, match_id) VALUES('78A3BD25-6A99-4FEB-CFDA-35DE80932EEF','BBCAA949-A1F2-6F20-D625-50632BE870F9');
INSERT INTO user_has_match(user_id, match_id) VALUES('78A3BD25-6A99-4FEB-CFDA-35DE80932EEF','85D32BA8-2D9C-8E76-3128-7825A43C34E3');
INSERT INTO user_has_match(user_id, match_id) VALUES('1EB01F12-5098-4837-8EB8-B55452C6184E','0EA0AE36-454E-5847-8547-D3A19CA5E78F');
INSERT INTO user_has_match(user_id, match_id) VALUES('1EB01F12-5098-4837-8EB8-B55452C6184E','340A2128-3B92-2AEE-FDB8-A5DB6C7D4A65');
INSERT INTO user_has_match(user_id, match_id) VALUES('1EB01F12-5098-4837-8EB8-B55452C6184E','869DA182-E156-9A17-28AC-5A3BA0506053');
INSERT INTO user_has_match(user_id, match_id) VALUES('1EB01F12-5098-4837-8EB8-B55452C6184E','41B6D10A-88A5-73E9-D827-0C67DBEC37ED');
INSERT INTO user_has_match(user_id, match_id) VALUES('1EB01F12-5098-4837-8EB8-B55452C6184E','68A32A2E-5B29-B990-193F-CC609241E528');
INSERT INTO user_has_match(user_id, match_id) VALUES('1EB01F12-5098-4837-8EB8-B55452C6184E','1D243645-7389-EE02-F6A4-3E26A59D5EBA');
INSERT INTO user_has_match(user_id, match_id) VALUES('1EB01F12-5098-4837-8EB8-B55452C6184E','4F9808B9-DF74-A8D9-0B83-B80F61AFC561');
INSERT INTO user_has_match(user_id, match_id) VALUES('1EB01F12-5098-4837-8EB8-B55452C6184E','627999F3-4389-C13A-65BD-BE2BC982460E');
INSERT INTO user_has_match(user_id, match_id) VALUES('1EB01F12-5098-4837-8EB8-B55452C6184E','BBCAA949-A1F2-6F20-D625-50632BE870F9');
INSERT INTO user_has_match(user_id, match_id) VALUES('1EB01F12-5098-4837-8EB8-B55452C6184E','FF8AEC9A-99D5-E92A-36C5-E739AC170D50');
INSERT INTO user_has_match(user_id, match_id) VALUES('1EB01F12-5098-4837-8EB8-B55452C6184E','677070B3-5848-E8A3-3205-A077FB8BB7AC');
INSERT INTO user_has_match(user_id, match_id) VALUES('C7BEE87A-F280-2318-6252-12677E713CEE','88C9BB41-BA61-AFB5-F0A6-39286D7B8C73');
INSERT INTO user_has_match(user_id, match_id) VALUES('C7BEE87A-F280-2318-6252-12677E713CEE','FC4AE12B-D0D5-DD1E-D30E-00880F411C4C');
INSERT INTO user_has_match(user_id, match_id) VALUES('C7BEE87A-F280-2318-6252-12677E713CEE','41764A98-A260-D783-519F-D202ED3D387D');
INSERT INTO user_has_match(user_id, match_id) VALUES('C7BEE87A-F280-2318-6252-12677E713CEE','2376F855-273E-8814-EFEC-2AFDB1654EBC');
INSERT INTO user_has_match(user_id, match_id) VALUES('C7BEE87A-F280-2318-6252-12677E713CEE','65FC6F5A-DA69-C5AF-D6AC-E00DD9D449A1');
INSERT INTO user_has_match(user_id, match_id) VALUES('C7BEE87A-F280-2318-6252-12677E713CEE','D869C4DA-34CD-A380-263E-97263AF93A2C');
INSERT INTO user_has_match(user_id, match_id) VALUES('C7BEE87A-F280-2318-6252-12677E713CEE','68A32A2E-5B29-B990-193F-CC609241E528');
INSERT INTO user_has_match(user_id, match_id) VALUES('C7BEE87A-F280-2318-6252-12677E713CEE','D75D7C30-C7E9-7614-7044-BE43D769DDAA');
INSERT INTO user_has_match(user_id, match_id) VALUES('C7BEE87A-F280-2318-6252-12677E713CEE','B3B2F513-6441-70DC-667B-B34A7ED843AE');
INSERT INTO user_has_match(user_id, match_id) VALUES('C7BEE87A-F280-2318-6252-12677E713CEE','8FCD6F17-4806-2696-6E87-53E6B67F767E');
INSERT INTO user_has_match(user_id, match_id) VALUES('C7BEE87A-F280-2318-6252-12677E713CEE','4F9808B9-DF74-A8D9-0B83-B80F61AFC561');
INSERT INTO user_has_match(user_id, match_id) VALUES('C7BEE87A-F280-2318-6252-12677E713CEE','6E9E79A6-9819-D429-D7EB-83FD63E90156');
INSERT INTO user_has_match(user_id, match_id) VALUES('CCA94C5E-40F3-0BBE-CBA5-ABFD1750B308','C2528B6B-F85F-ABB9-639A-CF4C4735BCAC');
INSERT INTO user_has_match(user_id, match_id) VALUES('CCA94C5E-40F3-0BBE-CBA5-ABFD1750B308','0EA0AE36-454E-5847-8547-D3A19CA5E78F');
INSERT INTO user_has_match(user_id, match_id) VALUES('CCA94C5E-40F3-0BBE-CBA5-ABFD1750B308','FC4AE12B-D0D5-DD1E-D30E-00880F411C4C');
INSERT INTO user_has_match(user_id, match_id) VALUES('CCA94C5E-40F3-0BBE-CBA5-ABFD1750B308','2376F855-273E-8814-EFEC-2AFDB1654EBC');
INSERT INTO user_has_match(user_id, match_id) VALUES('CCA94C5E-40F3-0BBE-CBA5-ABFD1750B308','22B0CA13-AE72-BA2B-9452-9D7A004A37EF');
INSERT INTO user_has_match(user_id, match_id) VALUES('CCA94C5E-40F3-0BBE-CBA5-ABFD1750B308','A145454E-EEDB-31D1-2115-D93AA9F6C87E');
INSERT INTO user_has_match(user_id, match_id) VALUES('CCA94C5E-40F3-0BBE-CBA5-ABFD1750B308','D869C4DA-34CD-A380-263E-97263AF93A2C');
INSERT INTO user_has_match(user_id, match_id) VALUES('CCA94C5E-40F3-0BBE-CBA5-ABFD1750B308','BB6DEEDA-6ACB-D77F-253D-79010DF1AA08');
INSERT INTO user_has_match(user_id, match_id) VALUES('CCA94C5E-40F3-0BBE-CBA5-ABFD1750B308','8086E73E-72E0-B972-711F-64CEC9529616');
INSERT INTO user_has_match(user_id, match_id) VALUES('CCA94C5E-40F3-0BBE-CBA5-ABFD1750B308','470C8517-7950-4873-E449-697F5C3E119C');
INSERT INTO user_has_match(user_id, match_id) VALUES('CCA94C5E-40F3-0BBE-CBA5-ABFD1750B308','FBA48738-1351-3C72-A511-D18269936BA0');
INSERT INTO user_has_match(user_id, match_id) VALUES('CCA94C5E-40F3-0BBE-CBA5-ABFD1750B308','34ACA953-B1B2-8D43-BAE1-620ACDD07F6B');
INSERT INTO user_has_match(user_id, match_id) VALUES('CCA94C5E-40F3-0BBE-CBA5-ABFD1750B308','08188BC8-CF40-1039-4549-9AEB6F9EAB8D');
INSERT INTO user_has_match(user_id, match_id) VALUES('4F620999-FE5D-F530-5C5B-383D6BF3B6EA','FC4AE12B-D0D5-DD1E-D30E-00880F411C4C');
INSERT INTO user_has_match(user_id, match_id) VALUES('4F620999-FE5D-F530-5C5B-383D6BF3B6EA','65FC6F5A-DA69-C5AF-D6AC-E00DD9D449A1');
INSERT INTO user_has_match(user_id, match_id) VALUES('4F620999-FE5D-F530-5C5B-383D6BF3B6EA','0E29D9F7-CE39-7DA6-D5BD-63CCB8B3864F');
INSERT INTO user_has_match(user_id, match_id) VALUES('4F620999-FE5D-F530-5C5B-383D6BF3B6EA','D75D7C30-C7E9-7614-7044-BE43D769DDAA');
INSERT INTO user_has_match(user_id, match_id) VALUES('4F620999-FE5D-F530-5C5B-383D6BF3B6EA','FBA48738-1351-3C72-A511-D18269936BA0');
INSERT INTO user_has_match(user_id, match_id) VALUES('4F620999-FE5D-F530-5C5B-383D6BF3B6EA','479BEA82-68F5-4021-8BB0-F392D34638C4');
INSERT INTO user_has_match(user_id, match_id) VALUES('4F620999-FE5D-F530-5C5B-383D6BF3B6EA','08188BC8-CF40-1039-4549-9AEB6F9EAB8D');
INSERT INTO user_has_match(user_id, match_id) VALUES('5A0C2484-B2D2-E755-9E05-9A0DDDE5A889','2376F855-273E-8814-EFEC-2AFDB1654EBC');
INSERT INTO user_has_match(user_id, match_id) VALUES('5A0C2484-B2D2-E755-9E05-9A0DDDE5A889','22B0CA13-AE72-BA2B-9452-9D7A004A37EF');
INSERT INTO user_has_match(user_id, match_id) VALUES('5A0C2484-B2D2-E755-9E05-9A0DDDE5A889','B3B2F513-6441-70DC-667B-B34A7ED843AE');
INSERT INTO user_has_match(user_id, match_id) VALUES('5A0C2484-B2D2-E755-9E05-9A0DDDE5A889','8086E73E-72E0-B972-711F-64CEC9529616');
INSERT INTO user_has_match(user_id, match_id) VALUES('5A0C2484-B2D2-E755-9E05-9A0DDDE5A889','6E9E79A6-9819-D429-D7EB-83FD63E90156');
INSERT INTO user_has_match(user_id, match_id) VALUES('5A0C2484-B2D2-E755-9E05-9A0DDDE5A889','7DAA7077-1751-6371-5C6B-D226A3A5D79C');
INSERT INTO user_has_match(user_id, match_id) VALUES('5A0C2484-B2D2-E755-9E05-9A0DDDE5A889','30D1C267-A22E-F8BA-6DFC-981737E05973');
INSERT INTO user_has_match(user_id, match_id) VALUES('5A0C2484-B2D2-E755-9E05-9A0DDDE5A889','34ACA953-B1B2-8D43-BAE1-620ACDD07F6B');
INSERT INTO user_has_match(user_id, match_id) VALUES('5A0C2484-B2D2-E755-9E05-9A0DDDE5A889','FF8AEC9A-99D5-E92A-36C5-E739AC170D50');
INSERT INTO user_has_match(user_id, match_id) VALUES('56CE573E-900C-DC06-0309-99A9B9C5BF72','B117C27A-25BE-794A-DB6C-26B022DCE9F8');
INSERT INTO user_has_match(user_id, match_id) VALUES('56CE573E-900C-DC06-0309-99A9B9C5BF72','22B0CA13-AE72-BA2B-9452-9D7A004A37EF');
INSERT INTO user_has_match(user_id, match_id) VALUES('56CE573E-900C-DC06-0309-99A9B9C5BF72','65FC6F5A-DA69-C5AF-D6AC-E00DD9D449A1');
INSERT INTO user_has_match(user_id, match_id) VALUES('56CE573E-900C-DC06-0309-99A9B9C5BF72','B3B2F513-6441-70DC-667B-B34A7ED843AE');
INSERT INTO user_has_match(user_id, match_id) VALUES('56CE573E-900C-DC06-0309-99A9B9C5BF72','17098E33-533B-D7D1-D850-58637128FC72');
INSERT INTO user_has_match(user_id, match_id) VALUES('56CE573E-900C-DC06-0309-99A9B9C5BF72','3073ED2D-DFDC-3C94-FEB4-3AE6AAB36492');
INSERT INTO user_has_match(user_id, match_id) VALUES('9EB95156-E8F2-2D56-6979-0B7E29E82313','5AC8CD36-1B33-F793-25D5-638FB273AD22');
INSERT INTO user_has_match(user_id, match_id) VALUES('9EB95156-E8F2-2D56-6979-0B7E29E82313','22B0CA13-AE72-BA2B-9452-9D7A004A37EF');
INSERT INTO user_has_match(user_id, match_id) VALUES('9EB95156-E8F2-2D56-6979-0B7E29E82313','6E9E79A6-9819-D429-D7EB-83FD63E90156');
INSERT INTO user_has_match(user_id, match_id) VALUES('9EB95156-E8F2-2D56-6979-0B7E29E82313','3D85A187-95A5-3CC6-9C57-717A532AE17F');
INSERT INTO user_has_match(user_id, match_id) VALUES('9EB95156-E8F2-2D56-6979-0B7E29E82313','627999F3-4389-C13A-65BD-BE2BC982460E');
INSERT INTO user_has_match(user_id, match_id) VALUES('9EB95156-E8F2-2D56-6979-0B7E29E82313','BBCAA949-A1F2-6F20-D625-50632BE870F9');
INSERT INTO user_has_match(user_id, match_id) VALUES('9EB95156-E8F2-2D56-6979-0B7E29E82313','34ACA953-B1B2-8D43-BAE1-620ACDD07F6B');
INSERT INTO user_has_match(user_id, match_id) VALUES('424554F5-8AA4-7689-F987-A2F4448628AE','D869C4DA-34CD-A380-263E-97263AF93A2C');
INSERT INTO user_has_match(user_id, match_id) VALUES('424554F5-8AA4-7689-F987-A2F4448628AE','B3B2F513-6441-70DC-667B-B34A7ED843AE');
INSERT INTO user_has_match(user_id, match_id) VALUES('424554F5-8AA4-7689-F987-A2F4448628AE','1D243645-7389-EE02-F6A4-3E26A59D5EBA');
INSERT INTO user_has_match(user_id, match_id) VALUES('424554F5-8AA4-7689-F987-A2F4448628AE','8086E73E-72E0-B972-711F-64CEC9529616');
INSERT INTO user_has_match(user_id, match_id) VALUES('424554F5-8AA4-7689-F987-A2F4448628AE','E6773BB7-DCD6-C456-5E64-D12BBF2C0EA5');
INSERT INTO user_has_match(user_id, match_id) VALUES('424554F5-8AA4-7689-F987-A2F4448628AE','08188BC8-CF40-1039-4549-9AEB6F9EAB8D');
INSERT INTO user_has_match(user_id, match_id) VALUES('62C59B2C-EFDB-8C9D-29BA-FDD5FF1EF737','340A2128-3B92-2AEE-FDB8-A5DB6C7D4A65');
INSERT INTO user_has_match(user_id, match_id) VALUES('62C59B2C-EFDB-8C9D-29BA-FDD5FF1EF737','2376F855-273E-8814-EFEC-2AFDB1654EBC');
INSERT INTO user_has_match(user_id, match_id) VALUES('62C59B2C-EFDB-8C9D-29BA-FDD5FF1EF737','22B0CA13-AE72-BA2B-9452-9D7A004A37EF');
INSERT INTO user_has_match(user_id, match_id) VALUES('62C59B2C-EFDB-8C9D-29BA-FDD5FF1EF737','869DA182-E156-9A17-28AC-5A3BA0506053');
INSERT INTO user_has_match(user_id, match_id) VALUES('62C59B2C-EFDB-8C9D-29BA-FDD5FF1EF737','77D84217-D5AB-7AC3-C504-6F25C2D2C028');
INSERT INTO user_has_match(user_id, match_id) VALUES('62C59B2C-EFDB-8C9D-29BA-FDD5FF1EF737','41B6D10A-88A5-73E9-D827-0C67DBEC37ED');
INSERT INTO user_has_match(user_id, match_id) VALUES('62C59B2C-EFDB-8C9D-29BA-FDD5FF1EF737','D869C4DA-34CD-A380-263E-97263AF93A2C');
INSERT INTO user_has_match(user_id, match_id) VALUES('62C59B2C-EFDB-8C9D-29BA-FDD5FF1EF737','A755C9EF-10CD-874D-7689-CEAB4151DB35');
INSERT INTO user_has_match(user_id, match_id) VALUES('62C59B2C-EFDB-8C9D-29BA-FDD5FF1EF737','B3B2F513-6441-70DC-667B-B34A7ED843AE');
INSERT INTO user_has_match(user_id, match_id) VALUES('62C59B2C-EFDB-8C9D-29BA-FDD5FF1EF737','479BEA82-68F5-4021-8BB0-F392D34638C4');
INSERT INTO user_has_match(user_id, match_id) VALUES('62C59B2C-EFDB-8C9D-29BA-FDD5FF1EF737','08188BC8-CF40-1039-4549-9AEB6F9EAB8D');
INSERT INTO user_has_match(user_id, match_id) VALUES('62C59B2C-EFDB-8C9D-29BA-FDD5FF1EF737','677070B3-5848-E8A3-3205-A077FB8BB7AC');
INSERT INTO user_has_match(user_id, match_id) VALUES('F797CB7A-9A05-3A56-040A-B66680E0B180','0EA0AE36-454E-5847-8547-D3A19CA5E78F');
INSERT INTO user_has_match(user_id, match_id) VALUES('F797CB7A-9A05-3A56-040A-B66680E0B180','5AC8CD36-1B33-F793-25D5-638FB273AD22');
INSERT INTO user_has_match(user_id, match_id) VALUES('F797CB7A-9A05-3A56-040A-B66680E0B180','FC4AE12B-D0D5-DD1E-D30E-00880F411C4C');
INSERT INTO user_has_match(user_id, match_id) VALUES('F797CB7A-9A05-3A56-040A-B66680E0B180','22B0CA13-AE72-BA2B-9452-9D7A004A37EF');
INSERT INTO user_has_match(user_id, match_id) VALUES('F797CB7A-9A05-3A56-040A-B66680E0B180','8FC8B7B1-7CB8-A6CE-DE94-58BB614F9694');
INSERT INTO user_has_match(user_id, match_id) VALUES('F797CB7A-9A05-3A56-040A-B66680E0B180','1D243645-7389-EE02-F6A4-3E26A59D5EBA');
INSERT INTO user_has_match(user_id, match_id) VALUES('F797CB7A-9A05-3A56-040A-B66680E0B180','17098E33-533B-D7D1-D850-58637128FC72');
INSERT INTO user_has_match(user_id, match_id) VALUES('F797CB7A-9A05-3A56-040A-B66680E0B180','470C8517-7950-4873-E449-697F5C3E119C');
INSERT INTO user_has_match(user_id, match_id) VALUES('F797CB7A-9A05-3A56-040A-B66680E0B180','BBCAA949-A1F2-6F20-D625-50632BE870F9');
INSERT INTO user_has_match(user_id, match_id) VALUES('F797CB7A-9A05-3A56-040A-B66680E0B180','34ACA953-B1B2-8D43-BAE1-620ACDD07F6B');
INSERT INTO user_has_match(user_id, match_id) VALUES('F797CB7A-9A05-3A56-040A-B66680E0B180','85D32BA8-2D9C-8E76-3128-7825A43C34E3');
INSERT INTO user_has_match(user_id, match_id) VALUES('F797CB7A-9A05-3A56-040A-B66680E0B180','08188BC8-CF40-1039-4549-9AEB6F9EAB8D');
INSERT INTO user_has_match(user_id, match_id) VALUES('906FA218-2E8E-92EA-700D-C3EBD25B7E77','88C9BB41-BA61-AFB5-F0A6-39286D7B8C73');
INSERT INTO user_has_match(user_id, match_id) VALUES('906FA218-2E8E-92EA-700D-C3EBD25B7E77','0EA0AE36-454E-5847-8547-D3A19CA5E78F');
INSERT INTO user_has_match(user_id, match_id) VALUES('906FA218-2E8E-92EA-700D-C3EBD25B7E77','FC4AE12B-D0D5-DD1E-D30E-00880F411C4C');
INSERT INTO user_has_match(user_id, match_id) VALUES('906FA218-2E8E-92EA-700D-C3EBD25B7E77','41764A98-A260-D783-519F-D202ED3D387D');
INSERT INTO user_has_match(user_id, match_id) VALUES('906FA218-2E8E-92EA-700D-C3EBD25B7E77','3B3DD1C2-2468-C6BD-7C0D-839658FD91E4');
INSERT INTO user_has_match(user_id, match_id) VALUES('906FA218-2E8E-92EA-700D-C3EBD25B7E77','8FC8B7B1-7CB8-A6CE-DE94-58BB614F9694');
INSERT INTO user_has_match(user_id, match_id) VALUES('906FA218-2E8E-92EA-700D-C3EBD25B7E77','D869C4DA-34CD-A380-263E-97263AF93A2C');
INSERT INTO user_has_match(user_id, match_id) VALUES('906FA218-2E8E-92EA-700D-C3EBD25B7E77','A755C9EF-10CD-874D-7689-CEAB4151DB35');
INSERT INTO user_has_match(user_id, match_id) VALUES('906FA218-2E8E-92EA-700D-C3EBD25B7E77','1D243645-7389-EE02-F6A4-3E26A59D5EBA');
INSERT INTO user_has_match(user_id, match_id) VALUES('906FA218-2E8E-92EA-700D-C3EBD25B7E77','17098E33-533B-D7D1-D850-58637128FC72');
INSERT INTO user_has_match(user_id, match_id) VALUES('906FA218-2E8E-92EA-700D-C3EBD25B7E77','6E9E79A6-9819-D429-D7EB-83FD63E90156');
INSERT INTO user_has_match(user_id, match_id) VALUES('906FA218-2E8E-92EA-700D-C3EBD25B7E77','353C4C5A-C48E-27A2-C7C6-337895F9427A');
INSERT INTO user_has_match(user_id, match_id) VALUES('906FA218-2E8E-92EA-700D-C3EBD25B7E77','627999F3-4389-C13A-65BD-BE2BC982460E');
INSERT INTO user_has_match(user_id, match_id) VALUES('906FA218-2E8E-92EA-700D-C3EBD25B7E77','34ACA953-B1B2-8D43-BAE1-620ACDD07F6B');
INSERT INTO user_has_match(user_id, match_id) VALUES('906FA218-2E8E-92EA-700D-C3EBD25B7E77','677070B3-5848-E8A3-3205-A077FB8BB7AC');
INSERT INTO user_has_match(user_id, match_id) VALUES('A97E3154-A08A-1359-EB39-9B39250F8035','340A2128-3B92-2AEE-FDB8-A5DB6C7D4A65');
INSERT INTO user_has_match(user_id, match_id) VALUES('A97E3154-A08A-1359-EB39-9B39250F8035','BB6DEEDA-6ACB-D77F-253D-79010DF1AA08');
INSERT INTO user_has_match(user_id, match_id) VALUES('A97E3154-A08A-1359-EB39-9B39250F8035','7DAA7077-1751-6371-5C6B-D226A3A5D79C');
INSERT INTO user_has_match(user_id, match_id) VALUES('A97E3154-A08A-1359-EB39-9B39250F8035','2C583EDD-CA4C-E651-CFDA-2BD7F1CF96DA');
INSERT INTO user_has_match(user_id, match_id) VALUES('A97E3154-A08A-1359-EB39-9B39250F8035','353C4C5A-C48E-27A2-C7C6-337895F9427A');
INSERT INTO user_has_match(user_id, match_id) VALUES('A97E3154-A08A-1359-EB39-9B39250F8035','479BEA82-68F5-4021-8BB0-F392D34638C4');
INSERT INTO user_has_match(user_id, match_id) VALUES('A97E3154-A08A-1359-EB39-9B39250F8035','85D32BA8-2D9C-8E76-3128-7825A43C34E3');
INSERT INTO user_has_match(user_id, match_id) VALUES('A97E3154-A08A-1359-EB39-9B39250F8035','FF8AEC9A-99D5-E92A-36C5-E739AC170D50');
INSERT INTO user_has_match(user_id, match_id) VALUES('A97E3154-A08A-1359-EB39-9B39250F8035','677070B3-5848-E8A3-3205-A077FB8BB7AC');
INSERT INTO user_has_match(user_id, match_id) VALUES('AB8FD8F9-4819-BFDB-C878-29AFDBDA0A0D','5AC8CD36-1B33-F793-25D5-638FB273AD22');
INSERT INTO user_has_match(user_id, match_id) VALUES('AB8FD8F9-4819-BFDB-C878-29AFDBDA0A0D','41764A98-A260-D783-519F-D202ED3D387D');
INSERT INTO user_has_match(user_id, match_id) VALUES('AB8FD8F9-4819-BFDB-C878-29AFDBDA0A0D','2376F855-273E-8814-EFEC-2AFDB1654EBC');
INSERT INTO user_has_match(user_id, match_id) VALUES('AB8FD8F9-4819-BFDB-C878-29AFDBDA0A0D','68A32A2E-5B29-B990-193F-CC609241E528');
INSERT INTO user_has_match(user_id, match_id) VALUES('AB8FD8F9-4819-BFDB-C878-29AFDBDA0A0D','7DAA7077-1751-6371-5C6B-D226A3A5D79C');
INSERT INTO user_has_match(user_id, match_id) VALUES('AB8FD8F9-4819-BFDB-C878-29AFDBDA0A0D','E6773BB7-DCD6-C456-5E64-D12BBF2C0EA5');
INSERT INTO user_has_match(user_id, match_id) VALUES('AB8FD8F9-4819-BFDB-C878-29AFDBDA0A0D','A32E3FE5-16A4-5FD5-27E3-A7C7D3B83D66');
INSERT INTO user_has_match(user_id, match_id) VALUES('116487B3-E1F3-187E-2607-F2B59F0530EB','0EA0AE36-454E-5847-8547-D3A19CA5E78F');
INSERT INTO user_has_match(user_id, match_id) VALUES('116487B3-E1F3-187E-2607-F2B59F0530EB','2376F855-273E-8814-EFEC-2AFDB1654EBC');
INSERT INTO user_has_match(user_id, match_id) VALUES('116487B3-E1F3-187E-2607-F2B59F0530EB','41B6D10A-88A5-73E9-D827-0C67DBEC37ED');
INSERT INTO user_has_match(user_id, match_id) VALUES('116487B3-E1F3-187E-2607-F2B59F0530EB','1D243645-7389-EE02-F6A4-3E26A59D5EBA');
INSERT INTO user_has_match(user_id, match_id) VALUES('116487B3-E1F3-187E-2607-F2B59F0530EB','8086E73E-72E0-B972-711F-64CEC9529616');
INSERT INTO user_has_match(user_id, match_id) VALUES('116487B3-E1F3-187E-2607-F2B59F0530EB','2C583EDD-CA4C-E651-CFDA-2BD7F1CF96DA');
INSERT INTO user_has_match(user_id, match_id) VALUES('116487B3-E1F3-187E-2607-F2B59F0530EB','470C8517-7950-4873-E449-697F5C3E119C');
INSERT INTO user_has_match(user_id, match_id) VALUES('116487B3-E1F3-187E-2607-F2B59F0530EB','479BEA82-68F5-4021-8BB0-F392D34638C4');
INSERT INTO user_has_match(user_id, match_id) VALUES('116487B3-E1F3-187E-2607-F2B59F0530EB','BBCAA949-A1F2-6F20-D625-50632BE870F9');
INSERT INTO user_has_match(user_id, match_id) VALUES('1FE0A150-1494-976B-EC63-26BDB232678A','B117C27A-25BE-794A-DB6C-26B022DCE9F8');
INSERT INTO user_has_match(user_id, match_id) VALUES('1FE0A150-1494-976B-EC63-26BDB232678A','FC4AE12B-D0D5-DD1E-D30E-00880F411C4C');
INSERT INTO user_has_match(user_id, match_id) VALUES('1FE0A150-1494-976B-EC63-26BDB232678A','2376F855-273E-8814-EFEC-2AFDB1654EBC');
INSERT INTO user_has_match(user_id, match_id) VALUES('1FE0A150-1494-976B-EC63-26BDB232678A','22B0CA13-AE72-BA2B-9452-9D7A004A37EF');
INSERT INTO user_has_match(user_id, match_id) VALUES('1FE0A150-1494-976B-EC63-26BDB232678A','A145454E-EEDB-31D1-2115-D93AA9F6C87E');
INSERT INTO user_has_match(user_id, match_id) VALUES('1FE0A150-1494-976B-EC63-26BDB232678A','65FC6F5A-DA69-C5AF-D6AC-E00DD9D449A1');
INSERT INTO user_has_match(user_id, match_id) VALUES('1FE0A150-1494-976B-EC63-26BDB232678A','D75D7C30-C7E9-7614-7044-BE43D769DDAA');
INSERT INTO user_has_match(user_id, match_id) VALUES('1FE0A150-1494-976B-EC63-26BDB232678A','4F9808B9-DF74-A8D9-0B83-B80F61AFC561');
INSERT INTO user_has_match(user_id, match_id) VALUES('1FE0A150-1494-976B-EC63-26BDB232678A','3D85A187-95A5-3CC6-9C57-717A532AE17F');
INSERT INTO user_has_match(user_id, match_id) VALUES('1FE0A150-1494-976B-EC63-26BDB232678A','3073ED2D-DFDC-3C94-FEB4-3AE6AAB36492');
INSERT INTO user_has_match(user_id, match_id) VALUES('1FE0A150-1494-976B-EC63-26BDB232678A','A32E3FE5-16A4-5FD5-27E3-A7C7D3B83D66');
INSERT INTO user_has_match(user_id, match_id) VALUES('1FE0A150-1494-976B-EC63-26BDB232678A','85D32BA8-2D9C-8E76-3128-7825A43C34E3');
INSERT INTO user_has_match(user_id, match_id) VALUES('1FE0A150-1494-976B-EC63-26BDB232678A','677070B3-5848-E8A3-3205-A077FB8BB7AC');
INSERT INTO user_has_match(user_id, match_id) VALUES('CB9ED083-B89B-99D7-5C96-65E6F9EEB8EE','5AC8CD36-1B33-F793-25D5-638FB273AD22');
INSERT INTO user_has_match(user_id, match_id) VALUES('CB9ED083-B89B-99D7-5C96-65E6F9EEB8EE','65FC6F5A-DA69-C5AF-D6AC-E00DD9D449A1');
INSERT INTO user_has_match(user_id, match_id) VALUES('CB9ED083-B89B-99D7-5C96-65E6F9EEB8EE','77D84217-D5AB-7AC3-C504-6F25C2D2C028');
INSERT INTO user_has_match(user_id, match_id) VALUES('CB9ED083-B89B-99D7-5C96-65E6F9EEB8EE','D869C4DA-34CD-A380-263E-97263AF93A2C');
INSERT INTO user_has_match(user_id, match_id) VALUES('CB9ED083-B89B-99D7-5C96-65E6F9EEB8EE','68A32A2E-5B29-B990-193F-CC609241E528');
INSERT INTO user_has_match(user_id, match_id) VALUES('CB9ED083-B89B-99D7-5C96-65E6F9EEB8EE','B3B2F513-6441-70DC-667B-B34A7ED843AE');
INSERT INTO user_has_match(user_id, match_id) VALUES('CB9ED083-B89B-99D7-5C96-65E6F9EEB8EE','E6773BB7-DCD6-C456-5E64-D12BBF2C0EA5');
INSERT INTO user_has_match(user_id, match_id) VALUES('CB9ED083-B89B-99D7-5C96-65E6F9EEB8EE','A32E3FE5-16A4-5FD5-27E3-A7C7D3B83D66');
INSERT INTO user_has_match(user_id, match_id) VALUES('CB9ED083-B89B-99D7-5C96-65E6F9EEB8EE','470C8517-7950-4873-E449-697F5C3E119C');
INSERT INTO user_has_match(user_id, match_id) VALUES('CB9ED083-B89B-99D7-5C96-65E6F9EEB8EE','BBCAA949-A1F2-6F20-D625-50632BE870F9');
INSERT INTO user_has_match(user_id, match_id) VALUES('CB9ED083-B89B-99D7-5C96-65E6F9EEB8EE','34ACA953-B1B2-8D43-BAE1-620ACDD07F6B');
INSERT INTO user_has_match(user_id, match_id) VALUES('CB9ED083-B89B-99D7-5C96-65E6F9EEB8EE','FF8AEC9A-99D5-E92A-36C5-E739AC170D50');
INSERT INTO user_has_match(user_id, match_id) VALUES('E5F67B7A-424A-D02F-17DD-DB33564FC356','5AC8CD36-1B33-F793-25D5-638FB273AD22');
INSERT INTO user_has_match(user_id, match_id) VALUES('E5F67B7A-424A-D02F-17DD-DB33564FC356','22B0CA13-AE72-BA2B-9452-9D7A004A37EF');
INSERT INTO user_has_match(user_id, match_id) VALUES('E5F67B7A-424A-D02F-17DD-DB33564FC356','BBCAA949-A1F2-6F20-D625-50632BE870F9');
INSERT INTO user_has_match(user_id, match_id) VALUES('E5F67B7A-424A-D02F-17DD-DB33564FC356','34ACA953-B1B2-8D43-BAE1-620ACDD07F6B');
INSERT INTO user_has_match(user_id, match_id) VALUES('E5F67B7A-424A-D02F-17DD-DB33564FC356','08188BC8-CF40-1039-4549-9AEB6F9EAB8D');
INSERT INTO user_has_match(user_id, match_id) VALUES('9B80517E-4D80-679B-0D79-6139B818BA29','C2528B6B-F85F-ABB9-639A-CF4C4735BCAC');
INSERT INTO user_has_match(user_id, match_id) VALUES('9B80517E-4D80-679B-0D79-6139B818BA29','0EA0AE36-454E-5847-8547-D3A19CA5E78F');
INSERT INTO user_has_match(user_id, match_id) VALUES('9B80517E-4D80-679B-0D79-6139B818BA29','B117C27A-25BE-794A-DB6C-26B022DCE9F8');
INSERT INTO user_has_match(user_id, match_id) VALUES('9B80517E-4D80-679B-0D79-6139B818BA29','FC4AE12B-D0D5-DD1E-D30E-00880F411C4C');
INSERT INTO user_has_match(user_id, match_id) VALUES('9B80517E-4D80-679B-0D79-6139B818BA29','3B3DD1C2-2468-C6BD-7C0D-839658FD91E4');
INSERT INTO user_has_match(user_id, match_id) VALUES('9B80517E-4D80-679B-0D79-6139B818BA29','A145454E-EEDB-31D1-2115-D93AA9F6C87E');
INSERT INTO user_has_match(user_id, match_id) VALUES('9B80517E-4D80-679B-0D79-6139B818BA29','41B6D10A-88A5-73E9-D827-0C67DBEC37ED');
INSERT INTO user_has_match(user_id, match_id) VALUES('9B80517E-4D80-679B-0D79-6139B818BA29','BB6DEEDA-6ACB-D77F-253D-79010DF1AA08');
INSERT INTO user_has_match(user_id, match_id) VALUES('9B80517E-4D80-679B-0D79-6139B818BA29','1D243645-7389-EE02-F6A4-3E26A59D5EBA');
INSERT INTO user_has_match(user_id, match_id) VALUES('9B80517E-4D80-679B-0D79-6139B818BA29','6E9E79A6-9819-D429-D7EB-83FD63E90156');
INSERT INTO user_has_match(user_id, match_id) VALUES('9B80517E-4D80-679B-0D79-6139B818BA29','2C583EDD-CA4C-E651-CFDA-2BD7F1CF96DA');
INSERT INTO user_has_match(user_id, match_id) VALUES('9B80517E-4D80-679B-0D79-6139B818BA29','30D1C267-A22E-F8BA-6DFC-981737E05973');
INSERT INTO user_has_match(user_id, match_id) VALUES('9B80517E-4D80-679B-0D79-6139B818BA29','3073ED2D-DFDC-3C94-FEB4-3AE6AAB36492');
INSERT INTO user_has_match(user_id, match_id) VALUES('9B80517E-4D80-679B-0D79-6139B818BA29','627999F3-4389-C13A-65BD-BE2BC982460E');
INSERT INTO user_has_match(user_id, match_id) VALUES('9B80517E-4D80-679B-0D79-6139B818BA29','677070B3-5848-E8A3-3205-A077FB8BB7AC');
INSERT INTO user_has_match(user_id, match_id) VALUES('F202E730-834A-5450-80FC-1E91B5E64D96','0EA0AE36-454E-5847-8547-D3A19CA5E78F');
INSERT INTO user_has_match(user_id, match_id) VALUES('F202E730-834A-5450-80FC-1E91B5E64D96','FC4AE12B-D0D5-DD1E-D30E-00880F411C4C');
INSERT INTO user_has_match(user_id, match_id) VALUES('F202E730-834A-5450-80FC-1E91B5E64D96','0E29D9F7-CE39-7DA6-D5BD-63CCB8B3864F');
INSERT INTO user_has_match(user_id, match_id) VALUES('F202E730-834A-5450-80FC-1E91B5E64D96','A755C9EF-10CD-874D-7689-CEAB4151DB35');
INSERT INTO user_has_match(user_id, match_id) VALUES('F202E730-834A-5450-80FC-1E91B5E64D96','34ACA953-B1B2-8D43-BAE1-620ACDD07F6B');
INSERT INTO user_has_match(user_id, match_id) VALUES('83A6782F-0604-6ABA-4DA6-7DB3A1461E46','5AC8CD36-1B33-F793-25D5-638FB273AD22');
INSERT INTO user_has_match(user_id, match_id) VALUES('83A6782F-0604-6ABA-4DA6-7DB3A1461E46','FC4AE12B-D0D5-DD1E-D30E-00880F411C4C');
INSERT INTO user_has_match(user_id, match_id) VALUES('83A6782F-0604-6ABA-4DA6-7DB3A1461E46','2376F855-273E-8814-EFEC-2AFDB1654EBC');
INSERT INTO user_has_match(user_id, match_id) VALUES('83A6782F-0604-6ABA-4DA6-7DB3A1461E46','8FC8B7B1-7CB8-A6CE-DE94-58BB614F9694');
INSERT INTO user_has_match(user_id, match_id) VALUES('83A6782F-0604-6ABA-4DA6-7DB3A1461E46','B3B2F513-6441-70DC-667B-B34A7ED843AE');
INSERT INTO user_has_match(user_id, match_id) VALUES('83A6782F-0604-6ABA-4DA6-7DB3A1461E46','1D243645-7389-EE02-F6A4-3E26A59D5EBA');
INSERT INTO user_has_match(user_id, match_id) VALUES('83A6782F-0604-6ABA-4DA6-7DB3A1461E46','8086E73E-72E0-B972-711F-64CEC9529616');
INSERT INTO user_has_match(user_id, match_id) VALUES('83A6782F-0604-6ABA-4DA6-7DB3A1461E46','7DAA7077-1751-6371-5C6B-D226A3A5D79C');
INSERT INTO user_has_match(user_id, match_id) VALUES('83A6782F-0604-6ABA-4DA6-7DB3A1461E46','2C583EDD-CA4C-E651-CFDA-2BD7F1CF96DA');
INSERT INTO user_has_match(user_id, match_id) VALUES('83A6782F-0604-6ABA-4DA6-7DB3A1461E46','3073ED2D-DFDC-3C94-FEB4-3AE6AAB36492');
INSERT INTO user_has_match(user_id, match_id) VALUES('83A6782F-0604-6ABA-4DA6-7DB3A1461E46','FBA48738-1351-3C72-A511-D18269936BA0');
INSERT INTO user_has_match(user_id, match_id) VALUES('83A6782F-0604-6ABA-4DA6-7DB3A1461E46','34ACA953-B1B2-8D43-BAE1-620ACDD07F6B');
INSERT INTO user_has_match(user_id, match_id) VALUES('83A6782F-0604-6ABA-4DA6-7DB3A1461E46','FF8AEC9A-99D5-E92A-36C5-E739AC170D50');
INSERT INTO user_has_match(user_id, match_id) VALUES('83A6782F-0604-6ABA-4DA6-7DB3A1461E46','677070B3-5848-E8A3-3205-A077FB8BB7AC');
INSERT INTO user_has_match(user_id, match_id) VALUES('5B51142B-CBFD-EC8F-FB97-E3F15F5F036C','C2528B6B-F85F-ABB9-639A-CF4C4735BCAC');
INSERT INTO user_has_match(user_id, match_id) VALUES('5B51142B-CBFD-EC8F-FB97-E3F15F5F036C','0EA0AE36-454E-5847-8547-D3A19CA5E78F');
INSERT INTO user_has_match(user_id, match_id) VALUES('5B51142B-CBFD-EC8F-FB97-E3F15F5F036C','BB6DEEDA-6ACB-D77F-253D-79010DF1AA08');
INSERT INTO user_has_match(user_id, match_id) VALUES('5B51142B-CBFD-EC8F-FB97-E3F15F5F036C','A755C9EF-10CD-874D-7689-CEAB4151DB35');
INSERT INTO user_has_match(user_id, match_id) VALUES('5B51142B-CBFD-EC8F-FB97-E3F15F5F036C','B3B2F513-6441-70DC-667B-B34A7ED843AE');
INSERT INTO user_has_match(user_id, match_id) VALUES('5B51142B-CBFD-EC8F-FB97-E3F15F5F036C','8FCD6F17-4806-2696-6E87-53E6B67F767E');
INSERT INTO user_has_match(user_id, match_id) VALUES('5B51142B-CBFD-EC8F-FB97-E3F15F5F036C','7DAA7077-1751-6371-5C6B-D226A3A5D79C');
INSERT INTO user_has_match(user_id, match_id) VALUES('5B51142B-CBFD-EC8F-FB97-E3F15F5F036C','3D85A187-95A5-3CC6-9C57-717A532AE17F');
INSERT INTO user_has_match(user_id, match_id) VALUES('5B51142B-CBFD-EC8F-FB97-E3F15F5F036C','30D1C267-A22E-F8BA-6DFC-981737E05973');
INSERT INTO user_has_match(user_id, match_id) VALUES('5B51142B-CBFD-EC8F-FB97-E3F15F5F036C','A32E3FE5-16A4-5FD5-27E3-A7C7D3B83D66');
INSERT INTO user_has_match(user_id, match_id) VALUES('5B51142B-CBFD-EC8F-FB97-E3F15F5F036C','FBA48738-1351-3C72-A511-D18269936BA0');
INSERT INTO user_has_match(user_id, match_id) VALUES('5B51142B-CBFD-EC8F-FB97-E3F15F5F036C','FF8AEC9A-99D5-E92A-36C5-E739AC170D50');
INSERT INTO user_has_match(user_id, match_id) VALUES('BED0B0B3-DC46-270A-F1A6-F7EB9E200D3C','0EA0AE36-454E-5847-8547-D3A19CA5E78F');
INSERT INTO user_has_match(user_id, match_id) VALUES('BED0B0B3-DC46-270A-F1A6-F7EB9E200D3C','FC4AE12B-D0D5-DD1E-D30E-00880F411C4C');
INSERT INTO user_has_match(user_id, match_id) VALUES('BED0B0B3-DC46-270A-F1A6-F7EB9E200D3C','2376F855-273E-8814-EFEC-2AFDB1654EBC');
INSERT INTO user_has_match(user_id, match_id) VALUES('BED0B0B3-DC46-270A-F1A6-F7EB9E200D3C','22B0CA13-AE72-BA2B-9452-9D7A004A37EF');
INSERT INTO user_has_match(user_id, match_id) VALUES('BED0B0B3-DC46-270A-F1A6-F7EB9E200D3C','65FC6F5A-DA69-C5AF-D6AC-E00DD9D449A1');
INSERT INTO user_has_match(user_id, match_id) VALUES('BED0B0B3-DC46-270A-F1A6-F7EB9E200D3C','8FC8B7B1-7CB8-A6CE-DE94-58BB614F9694');
INSERT INTO user_has_match(user_id, match_id) VALUES('BED0B0B3-DC46-270A-F1A6-F7EB9E200D3C','3D85A187-95A5-3CC6-9C57-717A532AE17F');
INSERT INTO user_has_match(user_id, match_id) VALUES('BED0B0B3-DC46-270A-F1A6-F7EB9E200D3C','3073ED2D-DFDC-3C94-FEB4-3AE6AAB36492');
INSERT INTO user_has_match(user_id, match_id) VALUES('BED0B0B3-DC46-270A-F1A6-F7EB9E200D3C','479BEA82-68F5-4021-8BB0-F392D34638C4');
INSERT INTO user_has_match(user_id, match_id) VALUES('BED0B0B3-DC46-270A-F1A6-F7EB9E200D3C','BBCAA949-A1F2-6F20-D625-50632BE870F9');
INSERT INTO user_has_match(user_id, match_id) VALUES('BED0B0B3-DC46-270A-F1A6-F7EB9E200D3C','08188BC8-CF40-1039-4549-9AEB6F9EAB8D');
INSERT INTO user_has_match(user_id, match_id) VALUES('67E40F3D-1727-FE40-848B-E1B5B4532840','C2528B6B-F85F-ABB9-639A-CF4C4735BCAC');
INSERT INTO user_has_match(user_id, match_id) VALUES('67E40F3D-1727-FE40-848B-E1B5B4532840','5AC8CD36-1B33-F793-25D5-638FB273AD22');
INSERT INTO user_has_match(user_id, match_id) VALUES('67E40F3D-1727-FE40-848B-E1B5B4532840','0E29D9F7-CE39-7DA6-D5BD-63CCB8B3864F');
INSERT INTO user_has_match(user_id, match_id) VALUES('67E40F3D-1727-FE40-848B-E1B5B4532840','68A32A2E-5B29-B990-193F-CC609241E528');
INSERT INTO user_has_match(user_id, match_id) VALUES('67E40F3D-1727-FE40-848B-E1B5B4532840','BB6DEEDA-6ACB-D77F-253D-79010DF1AA08');
INSERT INTO user_has_match(user_id, match_id) VALUES('67E40F3D-1727-FE40-848B-E1B5B4532840','7DAA7077-1751-6371-5C6B-D226A3A5D79C');
INSERT INTO user_has_match(user_id, match_id) VALUES('67E40F3D-1727-FE40-848B-E1B5B4532840','30D1C267-A22E-F8BA-6DFC-981737E05973');
INSERT INTO user_has_match(user_id, match_id) VALUES('67E40F3D-1727-FE40-848B-E1B5B4532840','479BEA82-68F5-4021-8BB0-F392D34638C4');
INSERT INTO user_has_match(user_id, match_id) VALUES('BA010AE7-2507-6475-D233-70BB577F6BF8','0EA0AE36-454E-5847-8547-D3A19CA5E78F');
INSERT INTO user_has_match(user_id, match_id) VALUES('BA010AE7-2507-6475-D233-70BB577F6BF8','5AC8CD36-1B33-F793-25D5-638FB273AD22');
INSERT INTO user_has_match(user_id, match_id) VALUES('BA010AE7-2507-6475-D233-70BB577F6BF8','3B3DD1C2-2468-C6BD-7C0D-839658FD91E4');
INSERT INTO user_has_match(user_id, match_id) VALUES('BA010AE7-2507-6475-D233-70BB577F6BF8','A755C9EF-10CD-874D-7689-CEAB4151DB35');
INSERT INTO user_has_match(user_id, match_id) VALUES('BA010AE7-2507-6475-D233-70BB577F6BF8','7DAA7077-1751-6371-5C6B-D226A3A5D79C');
INSERT INTO user_has_match(user_id, match_id) VALUES('BA010AE7-2507-6475-D233-70BB577F6BF8','BBCAA949-A1F2-6F20-D625-50632BE870F9');
INSERT INTO user_has_match(user_id, match_id) VALUES('112907EE-5EC0-51C0-CA51-78F7343F120F','C2528B6B-F85F-ABB9-639A-CF4C4735BCAC');
INSERT INTO user_has_match(user_id, match_id) VALUES('112907EE-5EC0-51C0-CA51-78F7343F120F','340A2128-3B92-2AEE-FDB8-A5DB6C7D4A65');
INSERT INTO user_has_match(user_id, match_id) VALUES('112907EE-5EC0-51C0-CA51-78F7343F120F','B117C27A-25BE-794A-DB6C-26B022DCE9F8');
INSERT INTO user_has_match(user_id, match_id) VALUES('112907EE-5EC0-51C0-CA51-78F7343F120F','5AC8CD36-1B33-F793-25D5-638FB273AD22');
INSERT INTO user_has_match(user_id, match_id) VALUES('112907EE-5EC0-51C0-CA51-78F7343F120F','3B3DD1C2-2468-C6BD-7C0D-839658FD91E4');
INSERT INTO user_has_match(user_id, match_id) VALUES('112907EE-5EC0-51C0-CA51-78F7343F120F','22B0CA13-AE72-BA2B-9452-9D7A004A37EF');
INSERT INTO user_has_match(user_id, match_id) VALUES('112907EE-5EC0-51C0-CA51-78F7343F120F','2C583EDD-CA4C-E651-CFDA-2BD7F1CF96DA');
INSERT INTO user_has_match(user_id, match_id) VALUES('112907EE-5EC0-51C0-CA51-78F7343F120F','479BEA82-68F5-4021-8BB0-F392D34638C4');
INSERT INTO user_has_match(user_id, match_id) VALUES('436FFA7F-340B-311C-3627-A254B61D5C79','869DA182-E156-9A17-28AC-5A3BA0506053');
INSERT INTO user_has_match(user_id, match_id) VALUES('436FFA7F-340B-311C-3627-A254B61D5C79','A755C9EF-10CD-874D-7689-CEAB4151DB35');
INSERT INTO user_has_match(user_id, match_id) VALUES('436FFA7F-340B-311C-3627-A254B61D5C79','B3B2F513-6441-70DC-667B-B34A7ED843AE');
INSERT INTO user_has_match(user_id, match_id) VALUES('436FFA7F-340B-311C-3627-A254B61D5C79','470C8517-7950-4873-E449-697F5C3E119C');
INSERT INTO user_has_match(user_id, match_id) VALUES('436FFA7F-340B-311C-3627-A254B61D5C79','BBCAA949-A1F2-6F20-D625-50632BE870F9');
INSERT INTO user_has_match(user_id, match_id) VALUES('B74ABF89-2298-A61A-E041-2BD940D831E9','2376F855-273E-8814-EFEC-2AFDB1654EBC');
INSERT INTO user_has_match(user_id, match_id) VALUES('B74ABF89-2298-A61A-E041-2BD940D831E9','1D243645-7389-EE02-F6A4-3E26A59D5EBA');
INSERT INTO user_has_match(user_id, match_id) VALUES('B74ABF89-2298-A61A-E041-2BD940D831E9','3D85A187-95A5-3CC6-9C57-717A532AE17F');
INSERT INTO user_has_match(user_id, match_id) VALUES('B74ABF89-2298-A61A-E041-2BD940D831E9','FBA48738-1351-3C72-A511-D18269936BA0');
INSERT INTO user_has_match(user_id, match_id) VALUES('B74ABF89-2298-A61A-E041-2BD940D831E9','479BEA82-68F5-4021-8BB0-F392D34638C4');
INSERT INTO user_has_match(user_id, match_id) VALUES('B74ABF89-2298-A61A-E041-2BD940D831E9','FF8AEC9A-99D5-E92A-36C5-E739AC170D50');
INSERT INTO user_has_match(user_id, match_id) VALUES('B74ABF89-2298-A61A-E041-2BD940D831E9','677070B3-5848-E8A3-3205-A077FB8BB7AC');
INSERT INTO user_has_match(user_id, match_id) VALUES('7D43380E-E23D-30BB-542A-F3F6C64055C7','C2528B6B-F85F-ABB9-639A-CF4C4735BCAC');
INSERT INTO user_has_match(user_id, match_id) VALUES('7D43380E-E23D-30BB-542A-F3F6C64055C7','B117C27A-25BE-794A-DB6C-26B022DCE9F8');
INSERT INTO user_has_match(user_id, match_id) VALUES('7D43380E-E23D-30BB-542A-F3F6C64055C7','22B0CA13-AE72-BA2B-9452-9D7A004A37EF');
INSERT INTO user_has_match(user_id, match_id) VALUES('7D43380E-E23D-30BB-542A-F3F6C64055C7','0E29D9F7-CE39-7DA6-D5BD-63CCB8B3864F');
INSERT INTO user_has_match(user_id, match_id) VALUES('7D43380E-E23D-30BB-542A-F3F6C64055C7','4F9808B9-DF74-A8D9-0B83-B80F61AFC561');
INSERT INTO user_has_match(user_id, match_id) VALUES('7D43380E-E23D-30BB-542A-F3F6C64055C7','BBCAA949-A1F2-6F20-D625-50632BE870F9');
INSERT INTO user_has_match(user_id, match_id) VALUES('1110B745-985F-B124-CB2E-71B6912E07BB','3B3DD1C2-2468-C6BD-7C0D-839658FD91E4');
INSERT INTO user_has_match(user_id, match_id) VALUES('1110B745-985F-B124-CB2E-71B6912E07BB','A755C9EF-10CD-874D-7689-CEAB4151DB35');
INSERT INTO user_has_match(user_id, match_id) VALUES('1110B745-985F-B124-CB2E-71B6912E07BB','1D243645-7389-EE02-F6A4-3E26A59D5EBA');
INSERT INTO user_has_match(user_id, match_id) VALUES('1110B745-985F-B124-CB2E-71B6912E07BB','E6773BB7-DCD6-C456-5E64-D12BBF2C0EA5');
INSERT INTO user_has_match(user_id, match_id) VALUES('1110B745-985F-B124-CB2E-71B6912E07BB','627999F3-4389-C13A-65BD-BE2BC982460E');
INSERT INTO user_has_match(user_id, match_id) VALUES('2BCE0AB1-A220-CF4F-4472-949DF48022B8','C2528B6B-F85F-ABB9-639A-CF4C4735BCAC');
INSERT INTO user_has_match(user_id, match_id) VALUES('2BCE0AB1-A220-CF4F-4472-949DF48022B8','0EA0AE36-454E-5847-8547-D3A19CA5E78F');
INSERT INTO user_has_match(user_id, match_id) VALUES('2BCE0AB1-A220-CF4F-4472-949DF48022B8','22B0CA13-AE72-BA2B-9452-9D7A004A37EF');
INSERT INTO user_has_match(user_id, match_id) VALUES('2BCE0AB1-A220-CF4F-4472-949DF48022B8','68A32A2E-5B29-B990-193F-CC609241E528');
INSERT INTO user_has_match(user_id, match_id) VALUES('2BCE0AB1-A220-CF4F-4472-949DF48022B8','8086E73E-72E0-B972-711F-64CEC9529616');
INSERT INTO user_has_match(user_id, match_id) VALUES('2BCE0AB1-A220-CF4F-4472-949DF48022B8','7DAA7077-1751-6371-5C6B-D226A3A5D79C');
INSERT INTO user_has_match(user_id, match_id) VALUES('2BCE0AB1-A220-CF4F-4472-949DF48022B8','3D85A187-95A5-3CC6-9C57-717A532AE17F');
INSERT INTO user_has_match(user_id, match_id) VALUES('2BCE0AB1-A220-CF4F-4472-949DF48022B8','627999F3-4389-C13A-65BD-BE2BC982460E');
INSERT INTO user_has_match(user_id, match_id) VALUES('2BCE0AB1-A220-CF4F-4472-949DF48022B8','08188BC8-CF40-1039-4549-9AEB6F9EAB8D');
INSERT INTO user_has_match(user_id, match_id) VALUES('AE37DA94-8A40-7B59-99B8-6930A14DF920','C2528B6B-F85F-ABB9-639A-CF4C4735BCAC');
INSERT INTO user_has_match(user_id, match_id) VALUES('AE37DA94-8A40-7B59-99B8-6930A14DF920','5AC8CD36-1B33-F793-25D5-638FB273AD22');
INSERT INTO user_has_match(user_id, match_id) VALUES('AE37DA94-8A40-7B59-99B8-6930A14DF920','FC4AE12B-D0D5-DD1E-D30E-00880F411C4C');
INSERT INTO user_has_match(user_id, match_id) VALUES('AE37DA94-8A40-7B59-99B8-6930A14DF920','0E29D9F7-CE39-7DA6-D5BD-63CCB8B3864F');
INSERT INTO user_has_match(user_id, match_id) VALUES('AE37DA94-8A40-7B59-99B8-6930A14DF920','1D243645-7389-EE02-F6A4-3E26A59D5EBA');
INSERT INTO user_has_match(user_id, match_id) VALUES('AE37DA94-8A40-7B59-99B8-6930A14DF920','6E9E79A6-9819-D429-D7EB-83FD63E90156');
INSERT INTO user_has_match(user_id, match_id) VALUES('732D82FD-F6FA-7ED0-2C96-3C05796BC720','C2528B6B-F85F-ABB9-639A-CF4C4735BCAC');
INSERT INTO user_has_match(user_id, match_id) VALUES('732D82FD-F6FA-7ED0-2C96-3C05796BC720','2376F855-273E-8814-EFEC-2AFDB1654EBC');
INSERT INTO user_has_match(user_id, match_id) VALUES('732D82FD-F6FA-7ED0-2C96-3C05796BC720','A145454E-EEDB-31D1-2115-D93AA9F6C87E');
INSERT INTO user_has_match(user_id, match_id) VALUES('732D82FD-F6FA-7ED0-2C96-3C05796BC720','8086E73E-72E0-B972-711F-64CEC9529616');
INSERT INTO user_has_match(user_id, match_id) VALUES('732D82FD-F6FA-7ED0-2C96-3C05796BC720','8FCD6F17-4806-2696-6E87-53E6B67F767E');
INSERT INTO user_has_match(user_id, match_id) VALUES('732D82FD-F6FA-7ED0-2C96-3C05796BC720','6E9E79A6-9819-D429-D7EB-83FD63E90156');
INSERT INTO user_has_match(user_id, match_id) VALUES('732D82FD-F6FA-7ED0-2C96-3C05796BC720','353C4C5A-C48E-27A2-C7C6-337895F9427A');
INSERT INTO user_has_match(user_id, match_id) VALUES('732D82FD-F6FA-7ED0-2C96-3C05796BC720','E6773BB7-DCD6-C456-5E64-D12BBF2C0EA5');
INSERT INTO user_has_match(user_id, match_id) VALUES('732D82FD-F6FA-7ED0-2C96-3C05796BC720','627999F3-4389-C13A-65BD-BE2BC982460E');
INSERT INTO user_has_match(user_id, match_id) VALUES('5D7A5B3A-2B15-89F6-EE50-665BA36B9611','C2528B6B-F85F-ABB9-639A-CF4C4735BCAC');
INSERT INTO user_has_match(user_id, match_id) VALUES('5D7A5B3A-2B15-89F6-EE50-665BA36B9611','B117C27A-25BE-794A-DB6C-26B022DCE9F8');
INSERT INTO user_has_match(user_id, match_id) VALUES('5D7A5B3A-2B15-89F6-EE50-665BA36B9611','5AC8CD36-1B33-F793-25D5-638FB273AD22');
INSERT INTO user_has_match(user_id, match_id) VALUES('5D7A5B3A-2B15-89F6-EE50-665BA36B9611','8FC8B7B1-7CB8-A6CE-DE94-58BB614F9694');
INSERT INTO user_has_match(user_id, match_id) VALUES('5D7A5B3A-2B15-89F6-EE50-665BA36B9611','77D84217-D5AB-7AC3-C504-6F25C2D2C028');
INSERT INTO user_has_match(user_id, match_id) VALUES('5D7A5B3A-2B15-89F6-EE50-665BA36B9611','41B6D10A-88A5-73E9-D827-0C67DBEC37ED');
INSERT INTO user_has_match(user_id, match_id) VALUES('5D7A5B3A-2B15-89F6-EE50-665BA36B9611','0E29D9F7-CE39-7DA6-D5BD-63CCB8B3864F');
INSERT INTO user_has_match(user_id, match_id) VALUES('5D7A5B3A-2B15-89F6-EE50-665BA36B9611','D75D7C30-C7E9-7614-7044-BE43D769DDAA');
INSERT INTO user_has_match(user_id, match_id) VALUES('5D7A5B3A-2B15-89F6-EE50-665BA36B9611','B3B2F513-6441-70DC-667B-B34A7ED843AE');
INSERT INTO user_has_match(user_id, match_id) VALUES('5D7A5B3A-2B15-89F6-EE50-665BA36B9611','8086E73E-72E0-B972-711F-64CEC9529616');
INSERT INTO user_has_match(user_id, match_id) VALUES('5D7A5B3A-2B15-89F6-EE50-665BA36B9611','8FCD6F17-4806-2696-6E87-53E6B67F767E');
INSERT INTO user_has_match(user_id, match_id) VALUES('5D7A5B3A-2B15-89F6-EE50-665BA36B9611','4F9808B9-DF74-A8D9-0B83-B80F61AFC561');
INSERT INTO user_has_match(user_id, match_id) VALUES('5D7A5B3A-2B15-89F6-EE50-665BA36B9611','E6773BB7-DCD6-C456-5E64-D12BBF2C0EA5');
INSERT INTO user_has_match(user_id, match_id) VALUES('5D7A5B3A-2B15-89F6-EE50-665BA36B9611','34ACA953-B1B2-8D43-BAE1-620ACDD07F6B');
INSERT INTO user_has_match(user_id, match_id) VALUES('AE8D3305-73DD-53F7-DBE1-6CA48EDF1F5F','340A2128-3B92-2AEE-FDB8-A5DB6C7D4A65');
INSERT INTO user_has_match(user_id, match_id) VALUES('AE8D3305-73DD-53F7-DBE1-6CA48EDF1F5F','41764A98-A260-D783-519F-D202ED3D387D');
INSERT INTO user_has_match(user_id, match_id) VALUES('AE8D3305-73DD-53F7-DBE1-6CA48EDF1F5F','2376F855-273E-8814-EFEC-2AFDB1654EBC');
INSERT INTO user_has_match(user_id, match_id) VALUES('AE8D3305-73DD-53F7-DBE1-6CA48EDF1F5F','68A32A2E-5B29-B990-193F-CC609241E528');
INSERT INTO user_has_match(user_id, match_id) VALUES('AE8D3305-73DD-53F7-DBE1-6CA48EDF1F5F','B3B2F513-6441-70DC-667B-B34A7ED843AE');
INSERT INTO user_has_match(user_id, match_id) VALUES('AE8D3305-73DD-53F7-DBE1-6CA48EDF1F5F','2C583EDD-CA4C-E651-CFDA-2BD7F1CF96DA');
INSERT INTO user_has_match(user_id, match_id) VALUES('AE8D3305-73DD-53F7-DBE1-6CA48EDF1F5F','479BEA82-68F5-4021-8BB0-F392D34638C4');
INSERT INTO user_has_match(user_id, match_id) VALUES('AE8D3305-73DD-53F7-DBE1-6CA48EDF1F5F','BBCAA949-A1F2-6F20-D625-50632BE870F9');
INSERT INTO user_has_match(user_id, match_id) VALUES('AE8D3305-73DD-53F7-DBE1-6CA48EDF1F5F','FF8AEC9A-99D5-E92A-36C5-E739AC170D50');
INSERT INTO user_has_match(user_id, match_id) VALUES('819AA817-0CB1-6DF3-20CF-CF835E1793F9','340A2128-3B92-2AEE-FDB8-A5DB6C7D4A65');
INSERT INTO user_has_match(user_id, match_id) VALUES('819AA817-0CB1-6DF3-20CF-CF835E1793F9','41764A98-A260-D783-519F-D202ED3D387D');
INSERT INTO user_has_match(user_id, match_id) VALUES('819AA817-0CB1-6DF3-20CF-CF835E1793F9','A145454E-EEDB-31D1-2115-D93AA9F6C87E');
INSERT INTO user_has_match(user_id, match_id) VALUES('819AA817-0CB1-6DF3-20CF-CF835E1793F9','BB6DEEDA-6ACB-D77F-253D-79010DF1AA08');
INSERT INTO user_has_match(user_id, match_id) VALUES('819AA817-0CB1-6DF3-20CF-CF835E1793F9','1D243645-7389-EE02-F6A4-3E26A59D5EBA');
INSERT INTO user_has_match(user_id, match_id) VALUES('819AA817-0CB1-6DF3-20CF-CF835E1793F9','8FCD6F17-4806-2696-6E87-53E6B67F767E');
INSERT INTO user_has_match(user_id, match_id) VALUES('819AA817-0CB1-6DF3-20CF-CF835E1793F9','6E9E79A6-9819-D429-D7EB-83FD63E90156');
INSERT INTO user_has_match(user_id, match_id) VALUES('819AA817-0CB1-6DF3-20CF-CF835E1793F9','353C4C5A-C48E-27A2-C7C6-337895F9427A');
INSERT INTO user_has_match(user_id, match_id) VALUES('819AA817-0CB1-6DF3-20CF-CF835E1793F9','34ACA953-B1B2-8D43-BAE1-620ACDD07F6B');
INSERT INTO user_has_match(user_id, match_id) VALUES('5424E3A7-A8CE-679A-EED7-2FA107458B84','C2528B6B-F85F-ABB9-639A-CF4C4735BCAC');
INSERT INTO user_has_match(user_id, match_id) VALUES('5424E3A7-A8CE-679A-EED7-2FA107458B84','3B3DD1C2-2468-C6BD-7C0D-839658FD91E4');
INSERT INTO user_has_match(user_id, match_id) VALUES('5424E3A7-A8CE-679A-EED7-2FA107458B84','2376F855-273E-8814-EFEC-2AFDB1654EBC');
INSERT INTO user_has_match(user_id, match_id) VALUES('5424E3A7-A8CE-679A-EED7-2FA107458B84','A145454E-EEDB-31D1-2115-D93AA9F6C87E');
INSERT INTO user_has_match(user_id, match_id) VALUES('5424E3A7-A8CE-679A-EED7-2FA107458B84','7DAA7077-1751-6371-5C6B-D226A3A5D79C');
INSERT INTO user_has_match(user_id, match_id) VALUES('5424E3A7-A8CE-679A-EED7-2FA107458B84','2C583EDD-CA4C-E651-CFDA-2BD7F1CF96DA');
INSERT INTO user_has_match(user_id, match_id) VALUES('5424E3A7-A8CE-679A-EED7-2FA107458B84','30D1C267-A22E-F8BA-6DFC-981737E05973');
INSERT INTO user_has_match(user_id, match_id) VALUES('5424E3A7-A8CE-679A-EED7-2FA107458B84','3073ED2D-DFDC-3C94-FEB4-3AE6AAB36492');
INSERT INTO user_has_match(user_id, match_id) VALUES('5424E3A7-A8CE-679A-EED7-2FA107458B84','470C8517-7950-4873-E449-697F5C3E119C');
INSERT INTO user_has_match(user_id, match_id) VALUES('5424E3A7-A8CE-679A-EED7-2FA107458B84','FF8AEC9A-99D5-E92A-36C5-E739AC170D50');
INSERT INTO user_has_match(user_id, match_id) VALUES('FFCB10C1-731E-5EC7-8ADD-D61E8E3999E2','340A2128-3B92-2AEE-FDB8-A5DB6C7D4A65');
INSERT INTO user_has_match(user_id, match_id) VALUES('FFCB10C1-731E-5EC7-8ADD-D61E8E3999E2','627999F3-4389-C13A-65BD-BE2BC982460E');
INSERT INTO user_has_match(user_id, match_id) VALUES('FFCB10C1-731E-5EC7-8ADD-D61E8E3999E2','470C8517-7950-4873-E449-697F5C3E119C');
INSERT INTO user_has_match(user_id, match_id) VALUES('FFCB10C1-731E-5EC7-8ADD-D61E8E3999E2','FBA48738-1351-3C72-A511-D18269936BA0');
INSERT INTO user_has_match(user_id, match_id) VALUES('FFCB10C1-731E-5EC7-8ADD-D61E8E3999E2','FF8AEC9A-99D5-E92A-36C5-E739AC170D50');
INSERT INTO user_has_match(user_id, match_id) VALUES('1452406E-6AB8-3569-332A-816966FF01FC','0EA0AE36-454E-5847-8547-D3A19CA5E78F');
INSERT INTO user_has_match(user_id, match_id) VALUES('1452406E-6AB8-3569-332A-816966FF01FC','340A2128-3B92-2AEE-FDB8-A5DB6C7D4A65');
INSERT INTO user_has_match(user_id, match_id) VALUES('1452406E-6AB8-3569-332A-816966FF01FC','2376F855-273E-8814-EFEC-2AFDB1654EBC');
INSERT INTO user_has_match(user_id, match_id) VALUES('1452406E-6AB8-3569-332A-816966FF01FC','65FC6F5A-DA69-C5AF-D6AC-E00DD9D449A1');
INSERT INTO user_has_match(user_id, match_id) VALUES('1452406E-6AB8-3569-332A-816966FF01FC','0E29D9F7-CE39-7DA6-D5BD-63CCB8B3864F');
INSERT INTO user_has_match(user_id, match_id) VALUES('1452406E-6AB8-3569-332A-816966FF01FC','D869C4DA-34CD-A380-263E-97263AF93A2C');
INSERT INTO user_has_match(user_id, match_id) VALUES('1452406E-6AB8-3569-332A-816966FF01FC','1D243645-7389-EE02-F6A4-3E26A59D5EBA');
INSERT INTO user_has_match(user_id, match_id) VALUES('1452406E-6AB8-3569-332A-816966FF01FC','2C583EDD-CA4C-E651-CFDA-2BD7F1CF96DA');
INSERT INTO user_has_match(user_id, match_id) VALUES('1452406E-6AB8-3569-332A-816966FF01FC','470C8517-7950-4873-E449-697F5C3E119C');
INSERT INTO user_has_match(user_id, match_id) VALUES('472020F4-FDBF-83DA-5F1F-6D6FE45601D1','8086E73E-72E0-B972-711F-64CEC9529616');
INSERT INTO user_has_match(user_id, match_id) VALUES('472020F4-FDBF-83DA-5F1F-6D6FE45601D1','30D1C267-A22E-F8BA-6DFC-981737E05973');
INSERT INTO user_has_match(user_id, match_id) VALUES('472020F4-FDBF-83DA-5F1F-6D6FE45601D1','627999F3-4389-C13A-65BD-BE2BC982460E');
INSERT INTO user_has_match(user_id, match_id) VALUES('472020F4-FDBF-83DA-5F1F-6D6FE45601D1','A32E3FE5-16A4-5FD5-27E3-A7C7D3B83D66');
INSERT INTO user_has_match(user_id, match_id) VALUES('472020F4-FDBF-83DA-5F1F-6D6FE45601D1','BBCAA949-A1F2-6F20-D625-50632BE870F9');
INSERT INTO user_has_match(user_id, match_id) VALUES('02B331FB-D3E3-2502-9F6F-CF627C1C0C57','A145454E-EEDB-31D1-2115-D93AA9F6C87E');
INSERT INTO user_has_match(user_id, match_id) VALUES('02B331FB-D3E3-2502-9F6F-CF627C1C0C57','A755C9EF-10CD-874D-7689-CEAB4151DB35');
INSERT INTO user_has_match(user_id, match_id) VALUES('02B331FB-D3E3-2502-9F6F-CF627C1C0C57','D75D7C30-C7E9-7614-7044-BE43D769DDAA');
INSERT INTO user_has_match(user_id, match_id) VALUES('02B331FB-D3E3-2502-9F6F-CF627C1C0C57','8086E73E-72E0-B972-711F-64CEC9529616');
INSERT INTO user_has_match(user_id, match_id) VALUES('02B331FB-D3E3-2502-9F6F-CF627C1C0C57','A32E3FE5-16A4-5FD5-27E3-A7C7D3B83D66');
INSERT INTO user_has_match(user_id, match_id) VALUES('1483DF14-81F7-08E8-21E8-AB9219D2458F','869DA182-E156-9A17-28AC-5A3BA0506053');
INSERT INTO user_has_match(user_id, match_id) VALUES('1483DF14-81F7-08E8-21E8-AB9219D2458F','D869C4DA-34CD-A380-263E-97263AF93A2C');
INSERT INTO user_has_match(user_id, match_id) VALUES('1483DF14-81F7-08E8-21E8-AB9219D2458F','68A32A2E-5B29-B990-193F-CC609241E528');
INSERT INTO user_has_match(user_id, match_id) VALUES('1483DF14-81F7-08E8-21E8-AB9219D2458F','4F9808B9-DF74-A8D9-0B83-B80F61AFC561');
INSERT INTO user_has_match(user_id, match_id) VALUES('1483DF14-81F7-08E8-21E8-AB9219D2458F','17098E33-533B-D7D1-D850-58637128FC72');
INSERT INTO user_has_match(user_id, match_id) VALUES('1483DF14-81F7-08E8-21E8-AB9219D2458F','627999F3-4389-C13A-65BD-BE2BC982460E');
INSERT INTO user_has_match(user_id, match_id) VALUES('1483DF14-81F7-08E8-21E8-AB9219D2458F','34ACA953-B1B2-8D43-BAE1-620ACDD07F6B');
INSERT INTO user_has_match(user_id, match_id) VALUES('1483DF14-81F7-08E8-21E8-AB9219D2458F','08188BC8-CF40-1039-4549-9AEB6F9EAB8D');
INSERT INTO user_has_match(user_id, match_id) VALUES('5C8808D8-1313-ECAB-1A05-D080FA6A4C93','C2528B6B-F85F-ABB9-639A-CF4C4735BCAC');
INSERT INTO user_has_match(user_id, match_id) VALUES('5C8808D8-1313-ECAB-1A05-D080FA6A4C93','5AC8CD36-1B33-F793-25D5-638FB273AD22');
INSERT INTO user_has_match(user_id, match_id) VALUES('5C8808D8-1313-ECAB-1A05-D080FA6A4C93','FC4AE12B-D0D5-DD1E-D30E-00880F411C4C');
INSERT INTO user_has_match(user_id, match_id) VALUES('5C8808D8-1313-ECAB-1A05-D080FA6A4C93','8FC8B7B1-7CB8-A6CE-DE94-58BB614F9694');
INSERT INTO user_has_match(user_id, match_id) VALUES('5C8808D8-1313-ECAB-1A05-D080FA6A4C93','BB6DEEDA-6ACB-D77F-253D-79010DF1AA08');
INSERT INTO user_has_match(user_id, match_id) VALUES('5C8808D8-1313-ECAB-1A05-D080FA6A4C93','1D243645-7389-EE02-F6A4-3E26A59D5EBA');
INSERT INTO user_has_match(user_id, match_id) VALUES('5C8808D8-1313-ECAB-1A05-D080FA6A4C93','8086E73E-72E0-B972-711F-64CEC9529616');
INSERT INTO user_has_match(user_id, match_id) VALUES('5C8808D8-1313-ECAB-1A05-D080FA6A4C93','8FCD6F17-4806-2696-6E87-53E6B67F767E');
INSERT INTO user_has_match(user_id, match_id) VALUES('5C8808D8-1313-ECAB-1A05-D080FA6A4C93','4F9808B9-DF74-A8D9-0B83-B80F61AFC561');
INSERT INTO user_has_match(user_id, match_id) VALUES('5C8808D8-1313-ECAB-1A05-D080FA6A4C93','2C583EDD-CA4C-E651-CFDA-2BD7F1CF96DA');
INSERT INTO user_has_match(user_id, match_id) VALUES('5C8808D8-1313-ECAB-1A05-D080FA6A4C93','30D1C267-A22E-F8BA-6DFC-981737E05973');
INSERT INTO user_has_match(user_id, match_id) VALUES('5C8808D8-1313-ECAB-1A05-D080FA6A4C93','FF8AEC9A-99D5-E92A-36C5-E739AC170D50');
INSERT INTO user_has_match(user_id, match_id) VALUES('5C8808D8-1313-ECAB-1A05-D080FA6A4C93','677070B3-5848-E8A3-3205-A077FB8BB7AC');
INSERT INTO user_has_match(user_id, match_id) VALUES('F291386A-0EFD-6E79-EE78-2630C70D8271','C2528B6B-F85F-ABB9-639A-CF4C4735BCAC');
INSERT INTO user_has_match(user_id, match_id) VALUES('F291386A-0EFD-6E79-EE78-2630C70D8271','340A2128-3B92-2AEE-FDB8-A5DB6C7D4A65');
INSERT INTO user_has_match(user_id, match_id) VALUES('F291386A-0EFD-6E79-EE78-2630C70D8271','5AC8CD36-1B33-F793-25D5-638FB273AD22');
INSERT INTO user_has_match(user_id, match_id) VALUES('F291386A-0EFD-6E79-EE78-2630C70D8271','77D84217-D5AB-7AC3-C504-6F25C2D2C028');
INSERT INTO user_has_match(user_id, match_id) VALUES('F291386A-0EFD-6E79-EE78-2630C70D8271','8FCD6F17-4806-2696-6E87-53E6B67F767E');
INSERT INTO user_has_match(user_id, match_id) VALUES('F291386A-0EFD-6E79-EE78-2630C70D8271','470C8517-7950-4873-E449-697F5C3E119C');
INSERT INTO user_has_match(user_id, match_id) VALUES('F291386A-0EFD-6E79-EE78-2630C70D8271','08188BC8-CF40-1039-4549-9AEB6F9EAB8D');
INSERT INTO user_has_match(user_id, match_id) VALUES('26C7CC39-3558-90E5-5B81-ABB97ACCFC0B','3B3DD1C2-2468-C6BD-7C0D-839658FD91E4');
INSERT INTO user_has_match(user_id, match_id) VALUES('26C7CC39-3558-90E5-5B81-ABB97ACCFC0B','8FC8B7B1-7CB8-A6CE-DE94-58BB614F9694');
INSERT INTO user_has_match(user_id, match_id) VALUES('26C7CC39-3558-90E5-5B81-ABB97ACCFC0B','77D84217-D5AB-7AC3-C504-6F25C2D2C028');
INSERT INTO user_has_match(user_id, match_id) VALUES('26C7CC39-3558-90E5-5B81-ABB97ACCFC0B','8FCD6F17-4806-2696-6E87-53E6B67F767E');
INSERT INTO user_has_match(user_id, match_id) VALUES('26C7CC39-3558-90E5-5B81-ABB97ACCFC0B','7DAA7077-1751-6371-5C6B-D226A3A5D79C');
INSERT INTO user_has_match(user_id, match_id) VALUES('26C7CC39-3558-90E5-5B81-ABB97ACCFC0B','2C583EDD-CA4C-E651-CFDA-2BD7F1CF96DA');
INSERT INTO user_has_match(user_id, match_id) VALUES('26C7CC39-3558-90E5-5B81-ABB97ACCFC0B','E6773BB7-DCD6-C456-5E64-D12BBF2C0EA5');
INSERT INTO user_has_match(user_id, match_id) VALUES('26C7CC39-3558-90E5-5B81-ABB97ACCFC0B','85D32BA8-2D9C-8E76-3128-7825A43C34E3');
INSERT INTO user_has_match(user_id, match_id) VALUES('71DA7647-499A-64E8-1727-41D4BDB5B51A','0EA0AE36-454E-5847-8547-D3A19CA5E78F');
INSERT INTO user_has_match(user_id, match_id) VALUES('71DA7647-499A-64E8-1727-41D4BDB5B51A','B117C27A-25BE-794A-DB6C-26B022DCE9F8');
INSERT INTO user_has_match(user_id, match_id) VALUES('71DA7647-499A-64E8-1727-41D4BDB5B51A','FC4AE12B-D0D5-DD1E-D30E-00880F411C4C');
INSERT INTO user_has_match(user_id, match_id) VALUES('71DA7647-499A-64E8-1727-41D4BDB5B51A','869DA182-E156-9A17-28AC-5A3BA0506053');
INSERT INTO user_has_match(user_id, match_id) VALUES('71DA7647-499A-64E8-1727-41D4BDB5B51A','0E29D9F7-CE39-7DA6-D5BD-63CCB8B3864F');
INSERT INTO user_has_match(user_id, match_id) VALUES('71DA7647-499A-64E8-1727-41D4BDB5B51A','68A32A2E-5B29-B990-193F-CC609241E528');
INSERT INTO user_has_match(user_id, match_id) VALUES('71DA7647-499A-64E8-1727-41D4BDB5B51A','3D85A187-95A5-3CC6-9C57-717A532AE17F');
INSERT INTO user_has_match(user_id, match_id) VALUES('71DA7647-499A-64E8-1727-41D4BDB5B51A','30D1C267-A22E-F8BA-6DFC-981737E05973');
INSERT INTO user_has_match(user_id, match_id) VALUES('71DA7647-499A-64E8-1727-41D4BDB5B51A','85D32BA8-2D9C-8E76-3128-7825A43C34E3');
INSERT INTO user_has_match(user_id, match_id) VALUES('C1180E36-D9B8-D644-9739-B576446C6CBC','C2528B6B-F85F-ABB9-639A-CF4C4735BCAC');
INSERT INTO user_has_match(user_id, match_id) VALUES('C1180E36-D9B8-D644-9739-B576446C6CBC','0EA0AE36-454E-5847-8547-D3A19CA5E78F');
INSERT INTO user_has_match(user_id, match_id) VALUES('C1180E36-D9B8-D644-9739-B576446C6CBC','340A2128-3B92-2AEE-FDB8-A5DB6C7D4A65');
INSERT INTO user_has_match(user_id, match_id) VALUES('C1180E36-D9B8-D644-9739-B576446C6CBC','B117C27A-25BE-794A-DB6C-26B022DCE9F8');
INSERT INTO user_has_match(user_id, match_id) VALUES('C1180E36-D9B8-D644-9739-B576446C6CBC','5AC8CD36-1B33-F793-25D5-638FB273AD22');
INSERT INTO user_has_match(user_id, match_id) VALUES('C1180E36-D9B8-D644-9739-B576446C6CBC','3B3DD1C2-2468-C6BD-7C0D-839658FD91E4');
INSERT INTO user_has_match(user_id, match_id) VALUES('C1180E36-D9B8-D644-9739-B576446C6CBC','8FC8B7B1-7CB8-A6CE-DE94-58BB614F9694');
INSERT INTO user_has_match(user_id, match_id) VALUES('C1180E36-D9B8-D644-9739-B576446C6CBC','0E29D9F7-CE39-7DA6-D5BD-63CCB8B3864F');
INSERT INTO user_has_match(user_id, match_id) VALUES('C1180E36-D9B8-D644-9739-B576446C6CBC','D75D7C30-C7E9-7614-7044-BE43D769DDAA');
INSERT INTO user_has_match(user_id, match_id) VALUES('C1180E36-D9B8-D644-9739-B576446C6CBC','8086E73E-72E0-B972-711F-64CEC9529616');
INSERT INTO user_has_match(user_id, match_id) VALUES('C1180E36-D9B8-D644-9739-B576446C6CBC','4F9808B9-DF74-A8D9-0B83-B80F61AFC561');
INSERT INTO user_has_match(user_id, match_id) VALUES('C1180E36-D9B8-D644-9739-B576446C6CBC','7DAA7077-1751-6371-5C6B-D226A3A5D79C');
INSERT INTO user_has_match(user_id, match_id) VALUES('C1180E36-D9B8-D644-9739-B576446C6CBC','3D85A187-95A5-3CC6-9C57-717A532AE17F');
INSERT INTO user_has_match(user_id, match_id) VALUES('C1180E36-D9B8-D644-9739-B576446C6CBC','627999F3-4389-C13A-65BD-BE2BC982460E');
INSERT INTO user_has_match(user_id, match_id) VALUES('C1180E36-D9B8-D644-9739-B576446C6CBC','FBA48738-1351-3C72-A511-D18269936BA0');
INSERT INTO user_has_match(user_id, match_id) VALUES('9DC21369-CD58-EB44-7017-66355B554400','22B0CA13-AE72-BA2B-9452-9D7A004A37EF');
INSERT INTO user_has_match(user_id, match_id) VALUES('9DC21369-CD58-EB44-7017-66355B554400','77D84217-D5AB-7AC3-C504-6F25C2D2C028');
INSERT INTO user_has_match(user_id, match_id) VALUES('9DC21369-CD58-EB44-7017-66355B554400','0E29D9F7-CE39-7DA6-D5BD-63CCB8B3864F');
INSERT INTO user_has_match(user_id, match_id) VALUES('9DC21369-CD58-EB44-7017-66355B554400','6E9E79A6-9819-D429-D7EB-83FD63E90156');
INSERT INTO user_has_match(user_id, match_id) VALUES('9DC21369-CD58-EB44-7017-66355B554400','85D32BA8-2D9C-8E76-3128-7825A43C34E3');
INSERT INTO user_has_match(user_id, match_id) VALUES('69DA7862-A47A-DC4B-7111-91EC5EB2B6D0','5AC8CD36-1B33-F793-25D5-638FB273AD22');
INSERT INTO user_has_match(user_id, match_id) VALUES('69DA7862-A47A-DC4B-7111-91EC5EB2B6D0','2376F855-273E-8814-EFEC-2AFDB1654EBC');
INSERT INTO user_has_match(user_id, match_id) VALUES('69DA7862-A47A-DC4B-7111-91EC5EB2B6D0','D869C4DA-34CD-A380-263E-97263AF93A2C');
INSERT INTO user_has_match(user_id, match_id) VALUES('69DA7862-A47A-DC4B-7111-91EC5EB2B6D0','4F9808B9-DF74-A8D9-0B83-B80F61AFC561');
INSERT INTO user_has_match(user_id, match_id) VALUES('69DA7862-A47A-DC4B-7111-91EC5EB2B6D0','6E9E79A6-9819-D429-D7EB-83FD63E90156');
INSERT INTO user_has_match(user_id, match_id) VALUES('69DA7862-A47A-DC4B-7111-91EC5EB2B6D0','2C583EDD-CA4C-E651-CFDA-2BD7F1CF96DA');
INSERT INTO user_has_match(user_id, match_id) VALUES('69DA7862-A47A-DC4B-7111-91EC5EB2B6D0','E6773BB7-DCD6-C456-5E64-D12BBF2C0EA5');
INSERT INTO user_has_match(user_id, match_id) VALUES('69DA7862-A47A-DC4B-7111-91EC5EB2B6D0','30D1C267-A22E-F8BA-6DFC-981737E05973');
INSERT INTO user_has_match(user_id, match_id) VALUES('69DA7862-A47A-DC4B-7111-91EC5EB2B6D0','BBCAA949-A1F2-6F20-D625-50632BE870F9');
INSERT INTO user_has_match(user_id, match_id) VALUES('69DA7862-A47A-DC4B-7111-91EC5EB2B6D0','85D32BA8-2D9C-8E76-3128-7825A43C34E3');
INSERT INTO user_has_match(user_id, match_id) VALUES('69DA7862-A47A-DC4B-7111-91EC5EB2B6D0','08188BC8-CF40-1039-4549-9AEB6F9EAB8D');
INSERT INTO user_has_match(user_id, match_id) VALUES('0141B3A2-F5A8-BDC9-F5E4-C1D658159A83','88C9BB41-BA61-AFB5-F0A6-39286D7B8C73');
INSERT INTO user_has_match(user_id, match_id) VALUES('0141B3A2-F5A8-BDC9-F5E4-C1D658159A83','340A2128-3B92-2AEE-FDB8-A5DB6C7D4A65');
INSERT INTO user_has_match(user_id, match_id) VALUES('0141B3A2-F5A8-BDC9-F5E4-C1D658159A83','2376F855-273E-8814-EFEC-2AFDB1654EBC');
INSERT INTO user_has_match(user_id, match_id) VALUES('0141B3A2-F5A8-BDC9-F5E4-C1D658159A83','A145454E-EEDB-31D1-2115-D93AA9F6C87E');
INSERT INTO user_has_match(user_id, match_id) VALUES('0141B3A2-F5A8-BDC9-F5E4-C1D658159A83','BB6DEEDA-6ACB-D77F-253D-79010DF1AA08');
INSERT INTO user_has_match(user_id, match_id) VALUES('0141B3A2-F5A8-BDC9-F5E4-C1D658159A83','A755C9EF-10CD-874D-7689-CEAB4151DB35');
INSERT INTO user_has_match(user_id, match_id) VALUES('0141B3A2-F5A8-BDC9-F5E4-C1D658159A83','6E9E79A6-9819-D429-D7EB-83FD63E90156');
INSERT INTO user_has_match(user_id, match_id) VALUES('0141B3A2-F5A8-BDC9-F5E4-C1D658159A83','7DAA7077-1751-6371-5C6B-D226A3A5D79C');
INSERT INTO user_has_match(user_id, match_id) VALUES('0141B3A2-F5A8-BDC9-F5E4-C1D658159A83','2C583EDD-CA4C-E651-CFDA-2BD7F1CF96DA');
INSERT INTO user_has_match(user_id, match_id) VALUES('0141B3A2-F5A8-BDC9-F5E4-C1D658159A83','E6773BB7-DCD6-C456-5E64-D12BBF2C0EA5');
INSERT INTO user_has_match(user_id, match_id) VALUES('0141B3A2-F5A8-BDC9-F5E4-C1D658159A83','470C8517-7950-4873-E449-697F5C3E119C');
INSERT INTO user_has_match(user_id, match_id) VALUES('7D555604-03E6-03A7-2C86-B7C8FBFB9A78','5AC8CD36-1B33-F793-25D5-638FB273AD22');
INSERT INTO user_has_match(user_id, match_id) VALUES('7D555604-03E6-03A7-2C86-B7C8FBFB9A78','FC4AE12B-D0D5-DD1E-D30E-00880F411C4C');
INSERT INTO user_has_match(user_id, match_id) VALUES('7D555604-03E6-03A7-2C86-B7C8FBFB9A78','77D84217-D5AB-7AC3-C504-6F25C2D2C028');
INSERT INTO user_has_match(user_id, match_id) VALUES('7D555604-03E6-03A7-2C86-B7C8FBFB9A78','0E29D9F7-CE39-7DA6-D5BD-63CCB8B3864F');
INSERT INTO user_has_match(user_id, match_id) VALUES('7D555604-03E6-03A7-2C86-B7C8FBFB9A78','BB6DEEDA-6ACB-D77F-253D-79010DF1AA08');
INSERT INTO user_has_match(user_id, match_id) VALUES('7D555604-03E6-03A7-2C86-B7C8FBFB9A78','B3B2F513-6441-70DC-667B-B34A7ED843AE');
INSERT INTO user_has_match(user_id, match_id) VALUES('7D555604-03E6-03A7-2C86-B7C8FBFB9A78','1D243645-7389-EE02-F6A4-3E26A59D5EBA');
INSERT INTO user_has_match(user_id, match_id) VALUES('7D555604-03E6-03A7-2C86-B7C8FBFB9A78','8086E73E-72E0-B972-711F-64CEC9529616');
INSERT INTO user_has_match(user_id, match_id) VALUES('7D555604-03E6-03A7-2C86-B7C8FBFB9A78','2C583EDD-CA4C-E651-CFDA-2BD7F1CF96DA');
INSERT INTO user_has_match(user_id, match_id) VALUES('7D555604-03E6-03A7-2C86-B7C8FBFB9A78','3D85A187-95A5-3CC6-9C57-717A532AE17F');
INSERT INTO user_has_match(user_id, match_id) VALUES('7D555604-03E6-03A7-2C86-B7C8FBFB9A78','A32E3FE5-16A4-5FD5-27E3-A7C7D3B83D66');
INSERT INTO user_has_match(user_id, match_id) VALUES('7D555604-03E6-03A7-2C86-B7C8FBFB9A78','677070B3-5848-E8A3-3205-A077FB8BB7AC');
INSERT INTO user_has_match(user_id, match_id) VALUES('221A1D2F-6F25-D812-F270-4979F7A6F9C3','41764A98-A260-D783-519F-D202ED3D387D');
INSERT INTO user_has_match(user_id, match_id) VALUES('221A1D2F-6F25-D812-F270-4979F7A6F9C3','2376F855-273E-8814-EFEC-2AFDB1654EBC');
INSERT INTO user_has_match(user_id, match_id) VALUES('221A1D2F-6F25-D812-F270-4979F7A6F9C3','8FC8B7B1-7CB8-A6CE-DE94-58BB614F9694');
INSERT INTO user_has_match(user_id, match_id) VALUES('221A1D2F-6F25-D812-F270-4979F7A6F9C3','4F9808B9-DF74-A8D9-0B83-B80F61AFC561');
INSERT INTO user_has_match(user_id, match_id) VALUES('221A1D2F-6F25-D812-F270-4979F7A6F9C3','17098E33-533B-D7D1-D850-58637128FC72');
INSERT INTO user_has_match(user_id, match_id) VALUES('221A1D2F-6F25-D812-F270-4979F7A6F9C3','E6773BB7-DCD6-C456-5E64-D12BBF2C0EA5');
INSERT INTO user_has_match(user_id, match_id) VALUES('221A1D2F-6F25-D812-F270-4979F7A6F9C3','A32E3FE5-16A4-5FD5-27E3-A7C7D3B83D66');
INSERT INTO user_has_match(user_id, match_id) VALUES('221A1D2F-6F25-D812-F270-4979F7A6F9C3','470C8517-7950-4873-E449-697F5C3E119C');
INSERT INTO user_has_match(user_id, match_id) VALUES('221A1D2F-6F25-D812-F270-4979F7A6F9C3','BBCAA949-A1F2-6F20-D625-50632BE870F9');
INSERT INTO user_has_match(user_id, match_id) VALUES('221A1D2F-6F25-D812-F270-4979F7A6F9C3','08188BC8-CF40-1039-4549-9AEB6F9EAB8D');
INSERT INTO user_has_match(user_id, match_id) VALUES('221A1D2F-6F25-D812-F270-4979F7A6F9C3','FF8AEC9A-99D5-E92A-36C5-E739AC170D50');
INSERT INTO user_has_match(user_id, match_id) VALUES('AD8C635D-8233-8ED0-B373-FA17EA156520','88C9BB41-BA61-AFB5-F0A6-39286D7B8C73');
INSERT INTO user_has_match(user_id, match_id) VALUES('AD8C635D-8233-8ED0-B373-FA17EA156520','41764A98-A260-D783-519F-D202ED3D387D');
INSERT INTO user_has_match(user_id, match_id) VALUES('AD8C635D-8233-8ED0-B373-FA17EA156520','D869C4DA-34CD-A380-263E-97263AF93A2C');
INSERT INTO user_has_match(user_id, match_id) VALUES('AD8C635D-8233-8ED0-B373-FA17EA156520','1D243645-7389-EE02-F6A4-3E26A59D5EBA');
INSERT INTO user_has_match(user_id, match_id) VALUES('AD8C635D-8233-8ED0-B373-FA17EA156520','3D85A187-95A5-3CC6-9C57-717A532AE17F');
INSERT INTO user_has_match(user_id, match_id) VALUES('AD8C635D-8233-8ED0-B373-FA17EA156520','470C8517-7950-4873-E449-697F5C3E119C');
INSERT INTO user_has_match(user_id, match_id) VALUES('751C4BF5-86E2-696E-38C0-9DB196FA12CB','B117C27A-25BE-794A-DB6C-26B022DCE9F8');
INSERT INTO user_has_match(user_id, match_id) VALUES('751C4BF5-86E2-696E-38C0-9DB196FA12CB','41764A98-A260-D783-519F-D202ED3D387D');
INSERT INTO user_has_match(user_id, match_id) VALUES('751C4BF5-86E2-696E-38C0-9DB196FA12CB','A145454E-EEDB-31D1-2115-D93AA9F6C87E');
INSERT INTO user_has_match(user_id, match_id) VALUES('751C4BF5-86E2-696E-38C0-9DB196FA12CB','8FC8B7B1-7CB8-A6CE-DE94-58BB614F9694');
INSERT INTO user_has_match(user_id, match_id) VALUES('751C4BF5-86E2-696E-38C0-9DB196FA12CB','BB6DEEDA-6ACB-D77F-253D-79010DF1AA08');
INSERT INTO user_has_match(user_id, match_id) VALUES('751C4BF5-86E2-696E-38C0-9DB196FA12CB','D75D7C30-C7E9-7614-7044-BE43D769DDAA');
INSERT INTO user_has_match(user_id, match_id) VALUES('751C4BF5-86E2-696E-38C0-9DB196FA12CB','B3B2F513-6441-70DC-667B-B34A7ED843AE');
INSERT INTO user_has_match(user_id, match_id) VALUES('751C4BF5-86E2-696E-38C0-9DB196FA12CB','2C583EDD-CA4C-E651-CFDA-2BD7F1CF96DA');
INSERT INTO user_has_match(user_id, match_id) VALUES('751C4BF5-86E2-696E-38C0-9DB196FA12CB','3073ED2D-DFDC-3C94-FEB4-3AE6AAB36492');
INSERT INTO user_has_match(user_id, match_id) VALUES('D15ECDDD-0667-A10C-CB94-B85181658EAE','3B3DD1C2-2468-C6BD-7C0D-839658FD91E4');
INSERT INTO user_has_match(user_id, match_id) VALUES('D15ECDDD-0667-A10C-CB94-B85181658EAE','D869C4DA-34CD-A380-263E-97263AF93A2C');
INSERT INTO user_has_match(user_id, match_id) VALUES('D15ECDDD-0667-A10C-CB94-B85181658EAE','3D85A187-95A5-3CC6-9C57-717A532AE17F');
INSERT INTO user_has_match(user_id, match_id) VALUES('D15ECDDD-0667-A10C-CB94-B85181658EAE','3073ED2D-DFDC-3C94-FEB4-3AE6AAB36492');
INSERT INTO user_has_match(user_id, match_id) VALUES('D15ECDDD-0667-A10C-CB94-B85181658EAE','627999F3-4389-C13A-65BD-BE2BC982460E');
INSERT INTO user_has_match(user_id, match_id) VALUES('D15ECDDD-0667-A10C-CB94-B85181658EAE','470C8517-7950-4873-E449-697F5C3E119C');
INSERT INTO user_has_match(user_id, match_id) VALUES('D15ECDDD-0667-A10C-CB94-B85181658EAE','479BEA82-68F5-4021-8BB0-F392D34638C4');
INSERT INTO user_has_match(user_id, match_id) VALUES('D15ECDDD-0667-A10C-CB94-B85181658EAE','34ACA953-B1B2-8D43-BAE1-620ACDD07F6B');
INSERT INTO user_has_match(user_id, match_id) VALUES('D15ECDDD-0667-A10C-CB94-B85181658EAE','85D32BA8-2D9C-8E76-3128-7825A43C34E3');
INSERT INTO user_has_match(user_id, match_id) VALUES('930CD5E9-4A5A-5FB5-D2A7-5F4E2041936B','88C9BB41-BA61-AFB5-F0A6-39286D7B8C73');
INSERT INTO user_has_match(user_id, match_id) VALUES('930CD5E9-4A5A-5FB5-D2A7-5F4E2041936B','0EA0AE36-454E-5847-8547-D3A19CA5E78F');
INSERT INTO user_has_match(user_id, match_id) VALUES('930CD5E9-4A5A-5FB5-D2A7-5F4E2041936B','340A2128-3B92-2AEE-FDB8-A5DB6C7D4A65');
INSERT INTO user_has_match(user_id, match_id) VALUES('930CD5E9-4A5A-5FB5-D2A7-5F4E2041936B','0E29D9F7-CE39-7DA6-D5BD-63CCB8B3864F');
INSERT INTO user_has_match(user_id, match_id) VALUES('930CD5E9-4A5A-5FB5-D2A7-5F4E2041936B','A755C9EF-10CD-874D-7689-CEAB4151DB35');
INSERT INTO user_has_match(user_id, match_id) VALUES('930CD5E9-4A5A-5FB5-D2A7-5F4E2041936B','B3B2F513-6441-70DC-667B-B34A7ED843AE');
INSERT INTO user_has_match(user_id, match_id) VALUES('930CD5E9-4A5A-5FB5-D2A7-5F4E2041936B','1D243645-7389-EE02-F6A4-3E26A59D5EBA');
INSERT INTO user_has_match(user_id, match_id) VALUES('930CD5E9-4A5A-5FB5-D2A7-5F4E2041936B','4F9808B9-DF74-A8D9-0B83-B80F61AFC561');
INSERT INTO user_has_match(user_id, match_id) VALUES('930CD5E9-4A5A-5FB5-D2A7-5F4E2041936B','E6773BB7-DCD6-C456-5E64-D12BBF2C0EA5');
INSERT INTO user_has_match(user_id, match_id) VALUES('930CD5E9-4A5A-5FB5-D2A7-5F4E2041936B','30D1C267-A22E-F8BA-6DFC-981737E05973');
INSERT INTO user_has_match(user_id, match_id) VALUES('930CD5E9-4A5A-5FB5-D2A7-5F4E2041936B','470C8517-7950-4873-E449-697F5C3E119C');
INSERT INTO user_has_match(user_id, match_id) VALUES('930CD5E9-4A5A-5FB5-D2A7-5F4E2041936B','FBA48738-1351-3C72-A511-D18269936BA0');
INSERT INTO user_has_match(user_id, match_id) VALUES('930CD5E9-4A5A-5FB5-D2A7-5F4E2041936B','FF8AEC9A-99D5-E92A-36C5-E739AC170D50');
INSERT INTO user_has_match(user_id, match_id) VALUES('8F78A687-F25F-1905-9744-FC37890A6FAC','88C9BB41-BA61-AFB5-F0A6-39286D7B8C73');
INSERT INTO user_has_match(user_id, match_id) VALUES('8F78A687-F25F-1905-9744-FC37890A6FAC','353C4C5A-C48E-27A2-C7C6-337895F9427A');
INSERT INTO user_has_match(user_id, match_id) VALUES('8F78A687-F25F-1905-9744-FC37890A6FAC','3D85A187-95A5-3CC6-9C57-717A532AE17F');
INSERT INTO user_has_match(user_id, match_id) VALUES('8F78A687-F25F-1905-9744-FC37890A6FAC','470C8517-7950-4873-E449-697F5C3E119C');
INSERT INTO user_has_match(user_id, match_id) VALUES('8F78A687-F25F-1905-9744-FC37890A6FAC','479BEA82-68F5-4021-8BB0-F392D34638C4');
INSERT INTO user_has_match(user_id, match_id) VALUES('2B95C505-9087-0C20-6859-3A76C14B83D4','88C9BB41-BA61-AFB5-F0A6-39286D7B8C73');
INSERT INTO user_has_match(user_id, match_id) VALUES('2B95C505-9087-0C20-6859-3A76C14B83D4','340A2128-3B92-2AEE-FDB8-A5DB6C7D4A65');
INSERT INTO user_has_match(user_id, match_id) VALUES('2B95C505-9087-0C20-6859-3A76C14B83D4','41764A98-A260-D783-519F-D202ED3D387D');
INSERT INTO user_has_match(user_id, match_id) VALUES('2B95C505-9087-0C20-6859-3A76C14B83D4','3B3DD1C2-2468-C6BD-7C0D-839658FD91E4');
INSERT INTO user_has_match(user_id, match_id) VALUES('2B95C505-9087-0C20-6859-3A76C14B83D4','68A32A2E-5B29-B990-193F-CC609241E528');
INSERT INTO user_has_match(user_id, match_id) VALUES('2B95C505-9087-0C20-6859-3A76C14B83D4','B3B2F513-6441-70DC-667B-B34A7ED843AE');
INSERT INTO user_has_match(user_id, match_id) VALUES('2B95C505-9087-0C20-6859-3A76C14B83D4','4F9808B9-DF74-A8D9-0B83-B80F61AFC561');
INSERT INTO user_has_match(user_id, match_id) VALUES('2B95C505-9087-0C20-6859-3A76C14B83D4','3D85A187-95A5-3CC6-9C57-717A532AE17F');
INSERT INTO user_has_match(user_id, match_id) VALUES('2B95C505-9087-0C20-6859-3A76C14B83D4','30D1C267-A22E-F8BA-6DFC-981737E05973');
INSERT INTO user_has_match(user_id, match_id) VALUES('2B95C505-9087-0C20-6859-3A76C14B83D4','3073ED2D-DFDC-3C94-FEB4-3AE6AAB36492');
INSERT INTO user_has_match(user_id, match_id) VALUES('2B95C505-9087-0C20-6859-3A76C14B83D4','627999F3-4389-C13A-65BD-BE2BC982460E');
INSERT INTO user_has_match(user_id, match_id) VALUES('2B95C505-9087-0C20-6859-3A76C14B83D4','A32E3FE5-16A4-5FD5-27E3-A7C7D3B83D66');
INSERT INTO user_has_match(user_id, match_id) VALUES('2B95C505-9087-0C20-6859-3A76C14B83D4','470C8517-7950-4873-E449-697F5C3E119C');
INSERT INTO user_has_match(user_id, match_id) VALUES('2B95C505-9087-0C20-6859-3A76C14B83D4','34ACA953-B1B2-8D43-BAE1-620ACDD07F6B');
INSERT INTO user_has_match(user_id, match_id) VALUES('E703600E-348B-215B-1B10-45D888DA7A4B','C2528B6B-F85F-ABB9-639A-CF4C4735BCAC');
INSERT INTO user_has_match(user_id, match_id) VALUES('E703600E-348B-215B-1B10-45D888DA7A4B','0EA0AE36-454E-5847-8547-D3A19CA5E78F');
INSERT INTO user_has_match(user_id, match_id) VALUES('E703600E-348B-215B-1B10-45D888DA7A4B','41764A98-A260-D783-519F-D202ED3D387D');
INSERT INTO user_has_match(user_id, match_id) VALUES('E703600E-348B-215B-1B10-45D888DA7A4B','68A32A2E-5B29-B990-193F-CC609241E528');
INSERT INTO user_has_match(user_id, match_id) VALUES('E703600E-348B-215B-1B10-45D888DA7A4B','D75D7C30-C7E9-7614-7044-BE43D769DDAA');
INSERT INTO user_has_match(user_id, match_id) VALUES('E703600E-348B-215B-1B10-45D888DA7A4B','17098E33-533B-D7D1-D850-58637128FC72');
INSERT INTO user_has_match(user_id, match_id) VALUES('E703600E-348B-215B-1B10-45D888DA7A4B','30D1C267-A22E-F8BA-6DFC-981737E05973');
INSERT INTO user_has_match(user_id, match_id) VALUES('E703600E-348B-215B-1B10-45D888DA7A4B','479BEA82-68F5-4021-8BB0-F392D34638C4');
INSERT INTO user_has_match(user_id, match_id) VALUES('0127BD0F-1EE6-2D3A-614F-FE297936CCE6','C2528B6B-F85F-ABB9-639A-CF4C4735BCAC');
INSERT INTO user_has_match(user_id, match_id) VALUES('0127BD0F-1EE6-2D3A-614F-FE297936CCE6','FC4AE12B-D0D5-DD1E-D30E-00880F411C4C');
INSERT INTO user_has_match(user_id, match_id) VALUES('0127BD0F-1EE6-2D3A-614F-FE297936CCE6','22B0CA13-AE72-BA2B-9452-9D7A004A37EF');
INSERT INTO user_has_match(user_id, match_id) VALUES('0127BD0F-1EE6-2D3A-614F-FE297936CCE6','D75D7C30-C7E9-7614-7044-BE43D769DDAA');
INSERT INTO user_has_match(user_id, match_id) VALUES('0127BD0F-1EE6-2D3A-614F-FE297936CCE6','B3B2F513-6441-70DC-667B-B34A7ED843AE');
INSERT INTO user_has_match(user_id, match_id) VALUES('0127BD0F-1EE6-2D3A-614F-FE297936CCE6','8086E73E-72E0-B972-711F-64CEC9529616');
INSERT INTO user_has_match(user_id, match_id) VALUES('3189BE9B-2211-4D97-857D-84E4CFF0CB13','77D84217-D5AB-7AC3-C504-6F25C2D2C028');
INSERT INTO user_has_match(user_id, match_id) VALUES('3189BE9B-2211-4D97-857D-84E4CFF0CB13','68A32A2E-5B29-B990-193F-CC609241E528');
INSERT INTO user_has_match(user_id, match_id) VALUES('3189BE9B-2211-4D97-857D-84E4CFF0CB13','BB6DEEDA-6ACB-D77F-253D-79010DF1AA08');
INSERT INTO user_has_match(user_id, match_id) VALUES('3189BE9B-2211-4D97-857D-84E4CFF0CB13','A755C9EF-10CD-874D-7689-CEAB4151DB35');
INSERT INTO user_has_match(user_id, match_id) VALUES('3189BE9B-2211-4D97-857D-84E4CFF0CB13','17098E33-533B-D7D1-D850-58637128FC72');
INSERT INTO user_has_match(user_id, match_id) VALUES('3189BE9B-2211-4D97-857D-84E4CFF0CB13','470C8517-7950-4873-E449-697F5C3E119C');
INSERT INTO user_has_match(user_id, match_id) VALUES('3189BE9B-2211-4D97-857D-84E4CFF0CB13','479BEA82-68F5-4021-8BB0-F392D34638C4');
INSERT INTO user_has_match(user_id, match_id) VALUES('C27D5BA0-242D-7F4A-3D1F-459BBF17B39F','FC4AE12B-D0D5-DD1E-D30E-00880F411C4C');
INSERT INTO user_has_match(user_id, match_id) VALUES('C27D5BA0-242D-7F4A-3D1F-459BBF17B39F','2376F855-273E-8814-EFEC-2AFDB1654EBC');
INSERT INTO user_has_match(user_id, match_id) VALUES('C27D5BA0-242D-7F4A-3D1F-459BBF17B39F','A145454E-EEDB-31D1-2115-D93AA9F6C87E');
INSERT INTO user_has_match(user_id, match_id) VALUES('C27D5BA0-242D-7F4A-3D1F-459BBF17B39F','77D84217-D5AB-7AC3-C504-6F25C2D2C028');
INSERT INTO user_has_match(user_id, match_id) VALUES('C27D5BA0-242D-7F4A-3D1F-459BBF17B39F','4F9808B9-DF74-A8D9-0B83-B80F61AFC561');
INSERT INTO user_has_match(user_id, match_id) VALUES('C27D5BA0-242D-7F4A-3D1F-459BBF17B39F','17098E33-533B-D7D1-D850-58637128FC72');
INSERT INTO user_has_match(user_id, match_id) VALUES('C27D5BA0-242D-7F4A-3D1F-459BBF17B39F','470C8517-7950-4873-E449-697F5C3E119C');
INSERT INTO user_has_match(user_id, match_id) VALUES('C27D5BA0-242D-7F4A-3D1F-459BBF17B39F','FBA48738-1351-3C72-A511-D18269936BA0');
INSERT INTO user_has_match(user_id, match_id) VALUES('C27D5BA0-242D-7F4A-3D1F-459BBF17B39F','BBCAA949-A1F2-6F20-D625-50632BE870F9');
INSERT INTO user_has_match(user_id, match_id) VALUES('321E2A3C-4C17-4B6D-F5BF-93322BC032F8','88C9BB41-BA61-AFB5-F0A6-39286D7B8C73');
INSERT INTO user_has_match(user_id, match_id) VALUES('321E2A3C-4C17-4B6D-F5BF-93322BC032F8','FC4AE12B-D0D5-DD1E-D30E-00880F411C4C');
INSERT INTO user_has_match(user_id, match_id) VALUES('321E2A3C-4C17-4B6D-F5BF-93322BC032F8','41B6D10A-88A5-73E9-D827-0C67DBEC37ED');
INSERT INTO user_has_match(user_id, match_id) VALUES('321E2A3C-4C17-4B6D-F5BF-93322BC032F8','BB6DEEDA-6ACB-D77F-253D-79010DF1AA08');
INSERT INTO user_has_match(user_id, match_id) VALUES('321E2A3C-4C17-4B6D-F5BF-93322BC032F8','6E9E79A6-9819-D429-D7EB-83FD63E90156');
INSERT INTO user_has_match(user_id, match_id) VALUES('321E2A3C-4C17-4B6D-F5BF-93322BC032F8','34ACA953-B1B2-8D43-BAE1-620ACDD07F6B');
INSERT INTO user_has_match(user_id, match_id) VALUES('1F66C4C9-3DD5-23B0-2BFE-9DEB9E2E5724','B117C27A-25BE-794A-DB6C-26B022DCE9F8');
INSERT INTO user_has_match(user_id, match_id) VALUES('1F66C4C9-3DD5-23B0-2BFE-9DEB9E2E5724','41764A98-A260-D783-519F-D202ED3D387D');
INSERT INTO user_has_match(user_id, match_id) VALUES('1F66C4C9-3DD5-23B0-2BFE-9DEB9E2E5724','869DA182-E156-9A17-28AC-5A3BA0506053');
INSERT INTO user_has_match(user_id, match_id) VALUES('1F66C4C9-3DD5-23B0-2BFE-9DEB9E2E5724','D869C4DA-34CD-A380-263E-97263AF93A2C');
INSERT INTO user_has_match(user_id, match_id) VALUES('1F66C4C9-3DD5-23B0-2BFE-9DEB9E2E5724','8FCD6F17-4806-2696-6E87-53E6B67F767E');
INSERT INTO user_has_match(user_id, match_id) VALUES('1F66C4C9-3DD5-23B0-2BFE-9DEB9E2E5724','4F9808B9-DF74-A8D9-0B83-B80F61AFC561');
INSERT INTO user_has_match(user_id, match_id) VALUES('1F66C4C9-3DD5-23B0-2BFE-9DEB9E2E5724','6E9E79A6-9819-D429-D7EB-83FD63E90156');
INSERT INTO user_has_match(user_id, match_id) VALUES('1F66C4C9-3DD5-23B0-2BFE-9DEB9E2E5724','353C4C5A-C48E-27A2-C7C6-337895F9427A');
INSERT INTO user_has_match(user_id, match_id) VALUES('1F66C4C9-3DD5-23B0-2BFE-9DEB9E2E5724','E6773BB7-DCD6-C456-5E64-D12BBF2C0EA5');
INSERT INTO user_has_match(user_id, match_id) VALUES('1F66C4C9-3DD5-23B0-2BFE-9DEB9E2E5724','627999F3-4389-C13A-65BD-BE2BC982460E');
INSERT INTO user_has_match(user_id, match_id) VALUES('1F66C4C9-3DD5-23B0-2BFE-9DEB9E2E5724','08188BC8-CF40-1039-4549-9AEB6F9EAB8D');
INSERT INTO user_has_match(user_id, match_id) VALUES('F8F86609-FFBE-434C-7D41-B2CA6DCE9E41','340A2128-3B92-2AEE-FDB8-A5DB6C7D4A65');
INSERT INTO user_has_match(user_id, match_id) VALUES('F8F86609-FFBE-434C-7D41-B2CA6DCE9E41','B117C27A-25BE-794A-DB6C-26B022DCE9F8');
INSERT INTO user_has_match(user_id, match_id) VALUES('F8F86609-FFBE-434C-7D41-B2CA6DCE9E41','4F9808B9-DF74-A8D9-0B83-B80F61AFC561');
INSERT INTO user_has_match(user_id, match_id) VALUES('F8F86609-FFBE-434C-7D41-B2CA6DCE9E41','353C4C5A-C48E-27A2-C7C6-337895F9427A');
INSERT INTO user_has_match(user_id, match_id) VALUES('F8F86609-FFBE-434C-7D41-B2CA6DCE9E41','85D32BA8-2D9C-8E76-3128-7825A43C34E3');
INSERT INTO user_has_match(user_id, match_id) VALUES('F671E5BB-2685-6A1E-0002-A5E0F757BF62','88C9BB41-BA61-AFB5-F0A6-39286D7B8C73');
INSERT INTO user_has_match(user_id, match_id) VALUES('F671E5BB-2685-6A1E-0002-A5E0F757BF62','3B3DD1C2-2468-C6BD-7C0D-839658FD91E4');
INSERT INTO user_has_match(user_id, match_id) VALUES('F671E5BB-2685-6A1E-0002-A5E0F757BF62','D869C4DA-34CD-A380-263E-97263AF93A2C');
INSERT INTO user_has_match(user_id, match_id) VALUES('F671E5BB-2685-6A1E-0002-A5E0F757BF62','68A32A2E-5B29-B990-193F-CC609241E528');
INSERT INTO user_has_match(user_id, match_id) VALUES('F671E5BB-2685-6A1E-0002-A5E0F757BF62','4F9808B9-DF74-A8D9-0B83-B80F61AFC561');
INSERT INTO user_has_match(user_id, match_id) VALUES('F671E5BB-2685-6A1E-0002-A5E0F757BF62','17098E33-533B-D7D1-D850-58637128FC72');
INSERT INTO user_has_match(user_id, match_id) VALUES('F671E5BB-2685-6A1E-0002-A5E0F757BF62','7DAA7077-1751-6371-5C6B-D226A3A5D79C');
INSERT INTO user_has_match(user_id, match_id) VALUES('F671E5BB-2685-6A1E-0002-A5E0F757BF62','2C583EDD-CA4C-E651-CFDA-2BD7F1CF96DA');
INSERT INTO user_has_match(user_id, match_id) VALUES('F671E5BB-2685-6A1E-0002-A5E0F757BF62','E6773BB7-DCD6-C456-5E64-D12BBF2C0EA5');
INSERT INTO user_has_match(user_id, match_id) VALUES('F671E5BB-2685-6A1E-0002-A5E0F757BF62','30D1C267-A22E-F8BA-6DFC-981737E05973');
INSERT INTO user_has_match(user_id, match_id) VALUES('F671E5BB-2685-6A1E-0002-A5E0F757BF62','3073ED2D-DFDC-3C94-FEB4-3AE6AAB36492');
INSERT INTO user_has_match(user_id, match_id) VALUES('F671E5BB-2685-6A1E-0002-A5E0F757BF62','627999F3-4389-C13A-65BD-BE2BC982460E');
INSERT INTO user_has_match(user_id, match_id) VALUES('F671E5BB-2685-6A1E-0002-A5E0F757BF62','470C8517-7950-4873-E449-697F5C3E119C');
INSERT INTO user_has_match(user_id, match_id) VALUES('F671E5BB-2685-6A1E-0002-A5E0F757BF62','85D32BA8-2D9C-8E76-3128-7825A43C34E3');
INSERT INTO user_has_match(user_id, match_id) VALUES('255EDAA7-2572-5F6C-DA42-4FCB793565D3','0EA0AE36-454E-5847-8547-D3A19CA5E78F');
INSERT INTO user_has_match(user_id, match_id) VALUES('255EDAA7-2572-5F6C-DA42-4FCB793565D3','B117C27A-25BE-794A-DB6C-26B022DCE9F8');
INSERT INTO user_has_match(user_id, match_id) VALUES('255EDAA7-2572-5F6C-DA42-4FCB793565D3','41764A98-A260-D783-519F-D202ED3D387D');
INSERT INTO user_has_match(user_id, match_id) VALUES('255EDAA7-2572-5F6C-DA42-4FCB793565D3','A145454E-EEDB-31D1-2115-D93AA9F6C87E');
INSERT INTO user_has_match(user_id, match_id) VALUES('255EDAA7-2572-5F6C-DA42-4FCB793565D3','65FC6F5A-DA69-C5AF-D6AC-E00DD9D449A1');
INSERT INTO user_has_match(user_id, match_id) VALUES('255EDAA7-2572-5F6C-DA42-4FCB793565D3','1D243645-7389-EE02-F6A4-3E26A59D5EBA');
INSERT INTO user_has_match(user_id, match_id) VALUES('255EDAA7-2572-5F6C-DA42-4FCB793565D3','4F9808B9-DF74-A8D9-0B83-B80F61AFC561');
INSERT INTO user_has_match(user_id, match_id) VALUES('255EDAA7-2572-5F6C-DA42-4FCB793565D3','FBA48738-1351-3C72-A511-D18269936BA0');
INSERT INTO user_has_match(user_id, match_id) VALUES('255EDAA7-2572-5F6C-DA42-4FCB793565D3','677070B3-5848-E8A3-3205-A077FB8BB7AC');
INSERT INTO user_has_match(user_id, match_id) VALUES('4042C12D-8E21-CB3A-3F4B-7655BA0B55C6','C2528B6B-F85F-ABB9-639A-CF4C4735BCAC');
INSERT INTO user_has_match(user_id, match_id) VALUES('4042C12D-8E21-CB3A-3F4B-7655BA0B55C6','5AC8CD36-1B33-F793-25D5-638FB273AD22');
INSERT INTO user_has_match(user_id, match_id) VALUES('4042C12D-8E21-CB3A-3F4B-7655BA0B55C6','41764A98-A260-D783-519F-D202ED3D387D');
INSERT INTO user_has_match(user_id, match_id) VALUES('4042C12D-8E21-CB3A-3F4B-7655BA0B55C6','3B3DD1C2-2468-C6BD-7C0D-839658FD91E4');
INSERT INTO user_has_match(user_id, match_id) VALUES('4042C12D-8E21-CB3A-3F4B-7655BA0B55C6','22B0CA13-AE72-BA2B-9452-9D7A004A37EF');
INSERT INTO user_has_match(user_id, match_id) VALUES('4042C12D-8E21-CB3A-3F4B-7655BA0B55C6','A145454E-EEDB-31D1-2115-D93AA9F6C87E');
INSERT INTO user_has_match(user_id, match_id) VALUES('4042C12D-8E21-CB3A-3F4B-7655BA0B55C6','0E29D9F7-CE39-7DA6-D5BD-63CCB8B3864F');
INSERT INTO user_has_match(user_id, match_id) VALUES('4042C12D-8E21-CB3A-3F4B-7655BA0B55C6','D869C4DA-34CD-A380-263E-97263AF93A2C');
INSERT INTO user_has_match(user_id, match_id) VALUES('4042C12D-8E21-CB3A-3F4B-7655BA0B55C6','A755C9EF-10CD-874D-7689-CEAB4151DB35');
INSERT INTO user_has_match(user_id, match_id) VALUES('4042C12D-8E21-CB3A-3F4B-7655BA0B55C6','1D243645-7389-EE02-F6A4-3E26A59D5EBA');
INSERT INTO user_has_match(user_id, match_id) VALUES('4042C12D-8E21-CB3A-3F4B-7655BA0B55C6','6E9E79A6-9819-D429-D7EB-83FD63E90156');
INSERT INTO user_has_match(user_id, match_id) VALUES('4042C12D-8E21-CB3A-3F4B-7655BA0B55C6','FBA48738-1351-3C72-A511-D18269936BA0');
INSERT INTO user_has_match(user_id, match_id) VALUES('4042C12D-8E21-CB3A-3F4B-7655BA0B55C6','85D32BA8-2D9C-8E76-3128-7825A43C34E3');
INSERT INTO user_has_match(user_id, match_id) VALUES('4042C12D-8E21-CB3A-3F4B-7655BA0B55C6','08188BC8-CF40-1039-4549-9AEB6F9EAB8D');
INSERT INTO user_has_match(user_id, match_id) VALUES('FF8868A9-8291-5903-761A-5C7938E6487F','8FC8B7B1-7CB8-A6CE-DE94-58BB614F9694');
INSERT INTO user_has_match(user_id, match_id) VALUES('FF8868A9-8291-5903-761A-5C7938E6487F','D869C4DA-34CD-A380-263E-97263AF93A2C');
INSERT INTO user_has_match(user_id, match_id) VALUES('FF8868A9-8291-5903-761A-5C7938E6487F','8086E73E-72E0-B972-711F-64CEC9529616');
INSERT INTO user_has_match(user_id, match_id) VALUES('FF8868A9-8291-5903-761A-5C7938E6487F','6E9E79A6-9819-D429-D7EB-83FD63E90156');
INSERT INTO user_has_match(user_id, match_id) VALUES('FF8868A9-8291-5903-761A-5C7938E6487F','3D85A187-95A5-3CC6-9C57-717A532AE17F');
INSERT INTO user_has_match(user_id, match_id) VALUES('FF8868A9-8291-5903-761A-5C7938E6487F','85D32BA8-2D9C-8E76-3128-7825A43C34E3');
INSERT INTO user_has_match(user_id, match_id) VALUES('9568A2A7-E342-4E5D-7F18-98311B16ADF6','0EA0AE36-454E-5847-8547-D3A19CA5E78F');
INSERT INTO user_has_match(user_id, match_id) VALUES('9568A2A7-E342-4E5D-7F18-98311B16ADF6','3B3DD1C2-2468-C6BD-7C0D-839658FD91E4');
INSERT INTO user_has_match(user_id, match_id) VALUES('9568A2A7-E342-4E5D-7F18-98311B16ADF6','77D84217-D5AB-7AC3-C504-6F25C2D2C028');
INSERT INTO user_has_match(user_id, match_id) VALUES('9568A2A7-E342-4E5D-7F18-98311B16ADF6','D869C4DA-34CD-A380-263E-97263AF93A2C');
INSERT INTO user_has_match(user_id, match_id) VALUES('9568A2A7-E342-4E5D-7F18-98311B16ADF6','D75D7C30-C7E9-7614-7044-BE43D769DDAA');
INSERT INTO user_has_match(user_id, match_id) VALUES('9568A2A7-E342-4E5D-7F18-98311B16ADF6','1D243645-7389-EE02-F6A4-3E26A59D5EBA');
INSERT INTO user_has_match(user_id, match_id) VALUES('9568A2A7-E342-4E5D-7F18-98311B16ADF6','8FCD6F17-4806-2696-6E87-53E6B67F767E');
INSERT INTO user_has_match(user_id, match_id) VALUES('9568A2A7-E342-4E5D-7F18-98311B16ADF6','6E9E79A6-9819-D429-D7EB-83FD63E90156');
INSERT INTO user_has_match(user_id, match_id) VALUES('9568A2A7-E342-4E5D-7F18-98311B16ADF6','7DAA7077-1751-6371-5C6B-D226A3A5D79C');
INSERT INTO user_has_match(user_id, match_id) VALUES('9568A2A7-E342-4E5D-7F18-98311B16ADF6','85D32BA8-2D9C-8E76-3128-7825A43C34E3');
INSERT INTO user_has_match(user_id, match_id) VALUES('D1EEB861-148A-397D-5CFD-913DCB347117','0EA0AE36-454E-5847-8547-D3A19CA5E78F');
INSERT INTO user_has_match(user_id, match_id) VALUES('D1EEB861-148A-397D-5CFD-913DCB347117','5AC8CD36-1B33-F793-25D5-638FB273AD22');
INSERT INTO user_has_match(user_id, match_id) VALUES('D1EEB861-148A-397D-5CFD-913DCB347117','FC4AE12B-D0D5-DD1E-D30E-00880F411C4C');
INSERT INTO user_has_match(user_id, match_id) VALUES('D1EEB861-148A-397D-5CFD-913DCB347117','22B0CA13-AE72-BA2B-9452-9D7A004A37EF');
INSERT INTO user_has_match(user_id, match_id) VALUES('D1EEB861-148A-397D-5CFD-913DCB347117','77D84217-D5AB-7AC3-C504-6F25C2D2C028');
INSERT INTO user_has_match(user_id, match_id) VALUES('D1EEB861-148A-397D-5CFD-913DCB347117','68A32A2E-5B29-B990-193F-CC609241E528');
INSERT INTO user_has_match(user_id, match_id) VALUES('D1EEB861-148A-397D-5CFD-913DCB347117','1D243645-7389-EE02-F6A4-3E26A59D5EBA');
INSERT INTO user_has_match(user_id, match_id) VALUES('D1EEB861-148A-397D-5CFD-913DCB347117','8086E73E-72E0-B972-711F-64CEC9529616');
INSERT INTO user_has_match(user_id, match_id) VALUES('D1EEB861-148A-397D-5CFD-913DCB347117','4F9808B9-DF74-A8D9-0B83-B80F61AFC561');
INSERT INTO user_has_match(user_id, match_id) VALUES('D1EEB861-148A-397D-5CFD-913DCB347117','353C4C5A-C48E-27A2-C7C6-337895F9427A');
INSERT INTO user_has_match(user_id, match_id) VALUES('D1EEB861-148A-397D-5CFD-913DCB347117','3D85A187-95A5-3CC6-9C57-717A532AE17F');
INSERT INTO user_has_match(user_id, match_id) VALUES('D1EEB861-148A-397D-5CFD-913DCB347117','479BEA82-68F5-4021-8BB0-F392D34638C4');
INSERT INTO user_has_match(user_id, match_id) VALUES('D1EEB861-148A-397D-5CFD-913DCB347117','08188BC8-CF40-1039-4549-9AEB6F9EAB8D');
INSERT INTO user_has_match(user_id, match_id) VALUES('3C4810CA-FAB6-7FCD-C94B-5FEEBB572765','88C9BB41-BA61-AFB5-F0A6-39286D7B8C73');
INSERT INTO user_has_match(user_id, match_id) VALUES('3C4810CA-FAB6-7FCD-C94B-5FEEBB572765','0EA0AE36-454E-5847-8547-D3A19CA5E78F');
INSERT INTO user_has_match(user_id, match_id) VALUES('3C4810CA-FAB6-7FCD-C94B-5FEEBB572765','A145454E-EEDB-31D1-2115-D93AA9F6C87E');
INSERT INTO user_has_match(user_id, match_id) VALUES('3C4810CA-FAB6-7FCD-C94B-5FEEBB572765','65FC6F5A-DA69-C5AF-D6AC-E00DD9D449A1');
INSERT INTO user_has_match(user_id, match_id) VALUES('3C4810CA-FAB6-7FCD-C94B-5FEEBB572765','D869C4DA-34CD-A380-263E-97263AF93A2C');
INSERT INTO user_has_match(user_id, match_id) VALUES('3C4810CA-FAB6-7FCD-C94B-5FEEBB572765','8FCD6F17-4806-2696-6E87-53E6B67F767E');
INSERT INTO user_has_match(user_id, match_id) VALUES('3C4810CA-FAB6-7FCD-C94B-5FEEBB572765','17098E33-533B-D7D1-D850-58637128FC72');
INSERT INTO user_has_match(user_id, match_id) VALUES('3C4810CA-FAB6-7FCD-C94B-5FEEBB572765','3073ED2D-DFDC-3C94-FEB4-3AE6AAB36492');
INSERT INTO user_has_match(user_id, match_id) VALUES('3C4810CA-FAB6-7FCD-C94B-5FEEBB572765','A32E3FE5-16A4-5FD5-27E3-A7C7D3B83D66');
INSERT INTO user_has_match(user_id, match_id) VALUES('3C4810CA-FAB6-7FCD-C94B-5FEEBB572765','BBCAA949-A1F2-6F20-D625-50632BE870F9');
INSERT INTO user_has_match(user_id, match_id) VALUES('3C4810CA-FAB6-7FCD-C94B-5FEEBB572765','08188BC8-CF40-1039-4549-9AEB6F9EAB8D');
INSERT INTO user_has_match(user_id, match_id) VALUES('3C4810CA-FAB6-7FCD-C94B-5FEEBB572765','677070B3-5848-E8A3-3205-A077FB8BB7AC');
INSERT INTO user_has_match(user_id, match_id) VALUES('5957EE61-E70A-68CE-6010-D9406192051D','B117C27A-25BE-794A-DB6C-26B022DCE9F8');
INSERT INTO user_has_match(user_id, match_id) VALUES('5957EE61-E70A-68CE-6010-D9406192051D','5AC8CD36-1B33-F793-25D5-638FB273AD22');
INSERT INTO user_has_match(user_id, match_id) VALUES('5957EE61-E70A-68CE-6010-D9406192051D','3B3DD1C2-2468-C6BD-7C0D-839658FD91E4');
INSERT INTO user_has_match(user_id, match_id) VALUES('5957EE61-E70A-68CE-6010-D9406192051D','8FC8B7B1-7CB8-A6CE-DE94-58BB614F9694');
INSERT INTO user_has_match(user_id, match_id) VALUES('5957EE61-E70A-68CE-6010-D9406192051D','77D84217-D5AB-7AC3-C504-6F25C2D2C028');
INSERT INTO user_has_match(user_id, match_id) VALUES('5957EE61-E70A-68CE-6010-D9406192051D','41B6D10A-88A5-73E9-D827-0C67DBEC37ED');
INSERT INTO user_has_match(user_id, match_id) VALUES('5957EE61-E70A-68CE-6010-D9406192051D','D869C4DA-34CD-A380-263E-97263AF93A2C');
INSERT INTO user_has_match(user_id, match_id) VALUES('5957EE61-E70A-68CE-6010-D9406192051D','8086E73E-72E0-B972-711F-64CEC9529616');
INSERT INTO user_has_match(user_id, match_id) VALUES('5957EE61-E70A-68CE-6010-D9406192051D','8FCD6F17-4806-2696-6E87-53E6B67F767E');
INSERT INTO user_has_match(user_id, match_id) VALUES('5957EE61-E70A-68CE-6010-D9406192051D','7DAA7077-1751-6371-5C6B-D226A3A5D79C');
INSERT INTO user_has_match(user_id, match_id) VALUES('5957EE61-E70A-68CE-6010-D9406192051D','E6773BB7-DCD6-C456-5E64-D12BBF2C0EA5');
INSERT INTO user_has_match(user_id, match_id) VALUES('5957EE61-E70A-68CE-6010-D9406192051D','470C8517-7950-4873-E449-697F5C3E119C');
INSERT INTO user_has_match(user_id, match_id) VALUES('5957EE61-E70A-68CE-6010-D9406192051D','34ACA953-B1B2-8D43-BAE1-620ACDD07F6B');
INSERT INTO user_has_match(user_id, match_id) VALUES('5957EE61-E70A-68CE-6010-D9406192051D','08188BC8-CF40-1039-4549-9AEB6F9EAB8D');
INSERT INTO user_has_match(user_id, match_id) VALUES('D03AD1B0-33B9-FADD-7E2B-CD0A0B582EED','41764A98-A260-D783-519F-D202ED3D387D');
INSERT INTO user_has_match(user_id, match_id) VALUES('D03AD1B0-33B9-FADD-7E2B-CD0A0B582EED','3B3DD1C2-2468-C6BD-7C0D-839658FD91E4');
INSERT INTO user_has_match(user_id, match_id) VALUES('D03AD1B0-33B9-FADD-7E2B-CD0A0B582EED','22B0CA13-AE72-BA2B-9452-9D7A004A37EF');
INSERT INTO user_has_match(user_id, match_id) VALUES('D03AD1B0-33B9-FADD-7E2B-CD0A0B582EED','65FC6F5A-DA69-C5AF-D6AC-E00DD9D449A1');
INSERT INTO user_has_match(user_id, match_id) VALUES('D03AD1B0-33B9-FADD-7E2B-CD0A0B582EED','77D84217-D5AB-7AC3-C504-6F25C2D2C028');
INSERT INTO user_has_match(user_id, match_id) VALUES('D03AD1B0-33B9-FADD-7E2B-CD0A0B582EED','A755C9EF-10CD-874D-7689-CEAB4151DB35');
INSERT INTO user_has_match(user_id, match_id) VALUES('D03AD1B0-33B9-FADD-7E2B-CD0A0B582EED','30D1C267-A22E-F8BA-6DFC-981737E05973');
INSERT INTO user_has_match(user_id, match_id) VALUES('D03AD1B0-33B9-FADD-7E2B-CD0A0B582EED','3073ED2D-DFDC-3C94-FEB4-3AE6AAB36492');
INSERT INTO user_has_match(user_id, match_id) VALUES('260C72C1-8E47-B72A-E8F1-6D1B7D88E507','88C9BB41-BA61-AFB5-F0A6-39286D7B8C73');
INSERT INTO user_has_match(user_id, match_id) VALUES('260C72C1-8E47-B72A-E8F1-6D1B7D88E507','C2528B6B-F85F-ABB9-639A-CF4C4735BCAC');
INSERT INTO user_has_match(user_id, match_id) VALUES('260C72C1-8E47-B72A-E8F1-6D1B7D88E507','340A2128-3B92-2AEE-FDB8-A5DB6C7D4A65');
INSERT INTO user_has_match(user_id, match_id) VALUES('260C72C1-8E47-B72A-E8F1-6D1B7D88E507','FC4AE12B-D0D5-DD1E-D30E-00880F411C4C');
INSERT INTO user_has_match(user_id, match_id) VALUES('260C72C1-8E47-B72A-E8F1-6D1B7D88E507','869DA182-E156-9A17-28AC-5A3BA0506053');
INSERT INTO user_has_match(user_id, match_id) VALUES('260C72C1-8E47-B72A-E8F1-6D1B7D88E507','A145454E-EEDB-31D1-2115-D93AA9F6C87E');
INSERT INTO user_has_match(user_id, match_id) VALUES('260C72C1-8E47-B72A-E8F1-6D1B7D88E507','41B6D10A-88A5-73E9-D827-0C67DBEC37ED');
INSERT INTO user_has_match(user_id, match_id) VALUES('260C72C1-8E47-B72A-E8F1-6D1B7D88E507','0E29D9F7-CE39-7DA6-D5BD-63CCB8B3864F');
INSERT INTO user_has_match(user_id, match_id) VALUES('260C72C1-8E47-B72A-E8F1-6D1B7D88E507','B3B2F513-6441-70DC-667B-B34A7ED843AE');
INSERT INTO user_has_match(user_id, match_id) VALUES('260C72C1-8E47-B72A-E8F1-6D1B7D88E507','8086E73E-72E0-B972-711F-64CEC9529616');
INSERT INTO user_has_match(user_id, match_id) VALUES('260C72C1-8E47-B72A-E8F1-6D1B7D88E507','353C4C5A-C48E-27A2-C7C6-337895F9427A');
INSERT INTO user_has_match(user_id, match_id) VALUES('260C72C1-8E47-B72A-E8F1-6D1B7D88E507','A32E3FE5-16A4-5FD5-27E3-A7C7D3B83D66');
INSERT INTO user_has_match(user_id, match_id) VALUES('260C72C1-8E47-B72A-E8F1-6D1B7D88E507','479BEA82-68F5-4021-8BB0-F392D34638C4');
INSERT INTO user_has_match(user_id, match_id) VALUES('260C72C1-8E47-B72A-E8F1-6D1B7D88E507','08188BC8-CF40-1039-4549-9AEB6F9EAB8D');
INSERT INTO user_has_match(user_id, match_id) VALUES('260C72C1-8E47-B72A-E8F1-6D1B7D88E507','FF8AEC9A-99D5-E92A-36C5-E739AC170D50');
INSERT INTO user_has_match(user_id, match_id) VALUES('C4DE709B-D349-3A63-D508-E36B35317F72','88C9BB41-BA61-AFB5-F0A6-39286D7B8C73');
INSERT INTO user_has_match(user_id, match_id) VALUES('C4DE709B-D349-3A63-D508-E36B35317F72','340A2128-3B92-2AEE-FDB8-A5DB6C7D4A65');
INSERT INTO user_has_match(user_id, match_id) VALUES('C4DE709B-D349-3A63-D508-E36B35317F72','B117C27A-25BE-794A-DB6C-26B022DCE9F8');
INSERT INTO user_has_match(user_id, match_id) VALUES('C4DE709B-D349-3A63-D508-E36B35317F72','41764A98-A260-D783-519F-D202ED3D387D');
INSERT INTO user_has_match(user_id, match_id) VALUES('C4DE709B-D349-3A63-D508-E36B35317F72','2376F855-273E-8814-EFEC-2AFDB1654EBC');
INSERT INTO user_has_match(user_id, match_id) VALUES('C4DE709B-D349-3A63-D508-E36B35317F72','A145454E-EEDB-31D1-2115-D93AA9F6C87E');
INSERT INTO user_has_match(user_id, match_id) VALUES('C4DE709B-D349-3A63-D508-E36B35317F72','65FC6F5A-DA69-C5AF-D6AC-E00DD9D449A1');
INSERT INTO user_has_match(user_id, match_id) VALUES('C4DE709B-D349-3A63-D508-E36B35317F72','8FC8B7B1-7CB8-A6CE-DE94-58BB614F9694');
INSERT INTO user_has_match(user_id, match_id) VALUES('C4DE709B-D349-3A63-D508-E36B35317F72','77D84217-D5AB-7AC3-C504-6F25C2D2C028');
INSERT INTO user_has_match(user_id, match_id) VALUES('C4DE709B-D349-3A63-D508-E36B35317F72','B3B2F513-6441-70DC-667B-B34A7ED843AE');
INSERT INTO user_has_match(user_id, match_id) VALUES('C4DE709B-D349-3A63-D508-E36B35317F72','1D243645-7389-EE02-F6A4-3E26A59D5EBA');
INSERT INTO user_has_match(user_id, match_id) VALUES('C4DE709B-D349-3A63-D508-E36B35317F72','30D1C267-A22E-F8BA-6DFC-981737E05973');
INSERT INTO user_has_match(user_id, match_id) VALUES('C4DE709B-D349-3A63-D508-E36B35317F72','677070B3-5848-E8A3-3205-A077FB8BB7AC');
INSERT INTO user_has_match(user_id, match_id) VALUES('886E2863-0AB2-386D-895C-495ABC7B706A','0EA0AE36-454E-5847-8547-D3A19CA5E78F');
INSERT INTO user_has_match(user_id, match_id) VALUES('886E2863-0AB2-386D-895C-495ABC7B706A','5AC8CD36-1B33-F793-25D5-638FB273AD22');
INSERT INTO user_has_match(user_id, match_id) VALUES('886E2863-0AB2-386D-895C-495ABC7B706A','41764A98-A260-D783-519F-D202ED3D387D');
INSERT INTO user_has_match(user_id, match_id) VALUES('886E2863-0AB2-386D-895C-495ABC7B706A','A145454E-EEDB-31D1-2115-D93AA9F6C87E');
INSERT INTO user_has_match(user_id, match_id) VALUES('886E2863-0AB2-386D-895C-495ABC7B706A','77D84217-D5AB-7AC3-C504-6F25C2D2C028');
INSERT INTO user_has_match(user_id, match_id) VALUES('886E2863-0AB2-386D-895C-495ABC7B706A','A755C9EF-10CD-874D-7689-CEAB4151DB35');
INSERT INTO user_has_match(user_id, match_id) VALUES('886E2863-0AB2-386D-895C-495ABC7B706A','2C583EDD-CA4C-E651-CFDA-2BD7F1CF96DA');
INSERT INTO user_has_match(user_id, match_id) VALUES('886E2863-0AB2-386D-895C-495ABC7B706A','3D85A187-95A5-3CC6-9C57-717A532AE17F');
INSERT INTO user_has_match(user_id, match_id) VALUES('886E2863-0AB2-386D-895C-495ABC7B706A','A32E3FE5-16A4-5FD5-27E3-A7C7D3B83D66');
INSERT INTO user_has_match(user_id, match_id) VALUES('886E2863-0AB2-386D-895C-495ABC7B706A','BBCAA949-A1F2-6F20-D625-50632BE870F9');
INSERT INTO user_has_match(user_id, match_id) VALUES('41731687-B900-210F-B086-945B5434385F','88C9BB41-BA61-AFB5-F0A6-39286D7B8C73');
INSERT INTO user_has_match(user_id, match_id) VALUES('41731687-B900-210F-B086-945B5434385F','5AC8CD36-1B33-F793-25D5-638FB273AD22');
INSERT INTO user_has_match(user_id, match_id) VALUES('41731687-B900-210F-B086-945B5434385F','3B3DD1C2-2468-C6BD-7C0D-839658FD91E4');
INSERT INTO user_has_match(user_id, match_id) VALUES('41731687-B900-210F-B086-945B5434385F','65FC6F5A-DA69-C5AF-D6AC-E00DD9D449A1');
INSERT INTO user_has_match(user_id, match_id) VALUES('41731687-B900-210F-B086-945B5434385F','A755C9EF-10CD-874D-7689-CEAB4151DB35');
INSERT INTO user_has_match(user_id, match_id) VALUES('41731687-B900-210F-B086-945B5434385F','4F9808B9-DF74-A8D9-0B83-B80F61AFC561');
INSERT INTO user_has_match(user_id, match_id) VALUES('41731687-B900-210F-B086-945B5434385F','17098E33-533B-D7D1-D850-58637128FC72');
INSERT INTO user_has_match(user_id, match_id) VALUES('41731687-B900-210F-B086-945B5434385F','2C583EDD-CA4C-E651-CFDA-2BD7F1CF96DA');
INSERT INTO user_has_match(user_id, match_id) VALUES('41731687-B900-210F-B086-945B5434385F','30D1C267-A22E-F8BA-6DFC-981737E05973');
INSERT INTO user_has_match(user_id, match_id) VALUES('41731687-B900-210F-B086-945B5434385F','627999F3-4389-C13A-65BD-BE2BC982460E');
INSERT INTO user_has_match(user_id, match_id) VALUES('41731687-B900-210F-B086-945B5434385F','479BEA82-68F5-4021-8BB0-F392D34638C4');
INSERT INTO user_has_match(user_id, match_id) VALUES('41731687-B900-210F-B086-945B5434385F','85D32BA8-2D9C-8E76-3128-7825A43C34E3');
INSERT INTO user_has_match(user_id, match_id) VALUES('3B1DD2B4-F9DE-D8FB-C62A-8332C401CAFD','B117C27A-25BE-794A-DB6C-26B022DCE9F8');
INSERT INTO user_has_match(user_id, match_id) VALUES('3B1DD2B4-F9DE-D8FB-C62A-8332C401CAFD','2376F855-273E-8814-EFEC-2AFDB1654EBC');
INSERT INTO user_has_match(user_id, match_id) VALUES('3B1DD2B4-F9DE-D8FB-C62A-8332C401CAFD','22B0CA13-AE72-BA2B-9452-9D7A004A37EF');
INSERT INTO user_has_match(user_id, match_id) VALUES('3B1DD2B4-F9DE-D8FB-C62A-8332C401CAFD','869DA182-E156-9A17-28AC-5A3BA0506053');
INSERT INTO user_has_match(user_id, match_id) VALUES('3B1DD2B4-F9DE-D8FB-C62A-8332C401CAFD','65FC6F5A-DA69-C5AF-D6AC-E00DD9D449A1');
INSERT INTO user_has_match(user_id, match_id) VALUES('3B1DD2B4-F9DE-D8FB-C62A-8332C401CAFD','8FC8B7B1-7CB8-A6CE-DE94-58BB614F9694');
INSERT INTO user_has_match(user_id, match_id) VALUES('3B1DD2B4-F9DE-D8FB-C62A-8332C401CAFD','D869C4DA-34CD-A380-263E-97263AF93A2C');
INSERT INTO user_has_match(user_id, match_id) VALUES('3B1DD2B4-F9DE-D8FB-C62A-8332C401CAFD','D75D7C30-C7E9-7614-7044-BE43D769DDAA');
INSERT INTO user_has_match(user_id, match_id) VALUES('3B1DD2B4-F9DE-D8FB-C62A-8332C401CAFD','4F9808B9-DF74-A8D9-0B83-B80F61AFC561');
INSERT INTO user_has_match(user_id, match_id) VALUES('3B1DD2B4-F9DE-D8FB-C62A-8332C401CAFD','17098E33-533B-D7D1-D850-58637128FC72');
INSERT INTO user_has_match(user_id, match_id) VALUES('3B1DD2B4-F9DE-D8FB-C62A-8332C401CAFD','7DAA7077-1751-6371-5C6B-D226A3A5D79C');
INSERT INTO user_has_match(user_id, match_id) VALUES('3B1DD2B4-F9DE-D8FB-C62A-8332C401CAFD','E6773BB7-DCD6-C456-5E64-D12BBF2C0EA5');
INSERT INTO user_has_match(user_id, match_id) VALUES('3B1DD2B4-F9DE-D8FB-C62A-8332C401CAFD','3073ED2D-DFDC-3C94-FEB4-3AE6AAB36492');
INSERT INTO user_has_match(user_id, match_id) VALUES('3B1DD2B4-F9DE-D8FB-C62A-8332C401CAFD','34ACA953-B1B2-8D43-BAE1-620ACDD07F6B');
INSERT INTO user_has_match(user_id, match_id) VALUES('3B1DD2B4-F9DE-D8FB-C62A-8332C401CAFD','677070B3-5848-E8A3-3205-A077FB8BB7AC');
INSERT INTO user_has_match(user_id, match_id) VALUES('2D278012-667C-8150-2912-4FA907953089','5AC8CD36-1B33-F793-25D5-638FB273AD22');
INSERT INTO user_has_match(user_id, match_id) VALUES('2D278012-667C-8150-2912-4FA907953089','3B3DD1C2-2468-C6BD-7C0D-839658FD91E4');
INSERT INTO user_has_match(user_id, match_id) VALUES('2D278012-667C-8150-2912-4FA907953089','A145454E-EEDB-31D1-2115-D93AA9F6C87E');
INSERT INTO user_has_match(user_id, match_id) VALUES('2D278012-667C-8150-2912-4FA907953089','A755C9EF-10CD-874D-7689-CEAB4151DB35');
INSERT INTO user_has_match(user_id, match_id) VALUES('2D278012-667C-8150-2912-4FA907953089','D75D7C30-C7E9-7614-7044-BE43D769DDAA');
INSERT INTO user_has_match(user_id, match_id) VALUES('2D278012-667C-8150-2912-4FA907953089','1D243645-7389-EE02-F6A4-3E26A59D5EBA');
INSERT INTO user_has_match(user_id, match_id) VALUES('2D278012-667C-8150-2912-4FA907953089','8FCD6F17-4806-2696-6E87-53E6B67F767E');
INSERT INTO user_has_match(user_id, match_id) VALUES('2D278012-667C-8150-2912-4FA907953089','4F9808B9-DF74-A8D9-0B83-B80F61AFC561');
INSERT INTO user_has_match(user_id, match_id) VALUES('2D278012-667C-8150-2912-4FA907953089','3D85A187-95A5-3CC6-9C57-717A532AE17F');
INSERT INTO user_has_match(user_id, match_id) VALUES('2D278012-667C-8150-2912-4FA907953089','479BEA82-68F5-4021-8BB0-F392D34638C4');
INSERT INTO user_has_match(user_id, match_id) VALUES('2D278012-667C-8150-2912-4FA907953089','08188BC8-CF40-1039-4549-9AEB6F9EAB8D');
INSERT INTO user_has_match(user_id, match_id) VALUES('2D278012-667C-8150-2912-4FA907953089','FF8AEC9A-99D5-E92A-36C5-E739AC170D50');
INSERT INTO user_has_match(user_id, match_id) VALUES('167432E7-1543-297E-D5CB-79666A349E22','0EA0AE36-454E-5847-8547-D3A19CA5E78F');
INSERT INTO user_has_match(user_id, match_id) VALUES('167432E7-1543-297E-D5CB-79666A349E22','FC4AE12B-D0D5-DD1E-D30E-00880F411C4C');
INSERT INTO user_has_match(user_id, match_id) VALUES('167432E7-1543-297E-D5CB-79666A349E22','41764A98-A260-D783-519F-D202ED3D387D');
INSERT INTO user_has_match(user_id, match_id) VALUES('167432E7-1543-297E-D5CB-79666A349E22','2376F855-273E-8814-EFEC-2AFDB1654EBC');
INSERT INTO user_has_match(user_id, match_id) VALUES('167432E7-1543-297E-D5CB-79666A349E22','22B0CA13-AE72-BA2B-9452-9D7A004A37EF');
INSERT INTO user_has_match(user_id, match_id) VALUES('167432E7-1543-297E-D5CB-79666A349E22','A145454E-EEDB-31D1-2115-D93AA9F6C87E');
INSERT INTO user_has_match(user_id, match_id) VALUES('167432E7-1543-297E-D5CB-79666A349E22','A755C9EF-10CD-874D-7689-CEAB4151DB35');
INSERT INTO user_has_match(user_id, match_id) VALUES('167432E7-1543-297E-D5CB-79666A349E22','1D243645-7389-EE02-F6A4-3E26A59D5EBA');
INSERT INTO user_has_match(user_id, match_id) VALUES('167432E7-1543-297E-D5CB-79666A349E22','8FCD6F17-4806-2696-6E87-53E6B67F767E');
INSERT INTO user_has_match(user_id, match_id) VALUES('167432E7-1543-297E-D5CB-79666A349E22','6E9E79A6-9819-D429-D7EB-83FD63E90156');
INSERT INTO user_has_match(user_id, match_id) VALUES('167432E7-1543-297E-D5CB-79666A349E22','BBCAA949-A1F2-6F20-D625-50632BE870F9');
INSERT INTO user_has_match(user_id, match_id) VALUES('AF8284CC-C4C3-F467-DE43-96143BC0DC36','340A2128-3B92-2AEE-FDB8-A5DB6C7D4A65');
INSERT INTO user_has_match(user_id, match_id) VALUES('AF8284CC-C4C3-F467-DE43-96143BC0DC36','BB6DEEDA-6ACB-D77F-253D-79010DF1AA08');
INSERT INTO user_has_match(user_id, match_id) VALUES('AF8284CC-C4C3-F467-DE43-96143BC0DC36','D75D7C30-C7E9-7614-7044-BE43D769DDAA');
INSERT INTO user_has_match(user_id, match_id) VALUES('AF8284CC-C4C3-F467-DE43-96143BC0DC36','1D243645-7389-EE02-F6A4-3E26A59D5EBA');
INSERT INTO user_has_match(user_id, match_id) VALUES('AF8284CC-C4C3-F467-DE43-96143BC0DC36','8086E73E-72E0-B972-711F-64CEC9529616');
INSERT INTO user_has_match(user_id, match_id) VALUES('AF8284CC-C4C3-F467-DE43-96143BC0DC36','8FCD6F17-4806-2696-6E87-53E6B67F767E');
INSERT INTO user_has_match(user_id, match_id) VALUES('AF8284CC-C4C3-F467-DE43-96143BC0DC36','4F9808B9-DF74-A8D9-0B83-B80F61AFC561');
INSERT INTO user_has_match(user_id, match_id) VALUES('AF8284CC-C4C3-F467-DE43-96143BC0DC36','6E9E79A6-9819-D429-D7EB-83FD63E90156');
INSERT INTO user_has_match(user_id, match_id) VALUES('AF8284CC-C4C3-F467-DE43-96143BC0DC36','7DAA7077-1751-6371-5C6B-D226A3A5D79C');
INSERT INTO user_has_match(user_id, match_id) VALUES('AF8284CC-C4C3-F467-DE43-96143BC0DC36','2C583EDD-CA4C-E651-CFDA-2BD7F1CF96DA');
INSERT INTO user_has_match(user_id, match_id) VALUES('AF8284CC-C4C3-F467-DE43-96143BC0DC36','3D85A187-95A5-3CC6-9C57-717A532AE17F');
INSERT INTO user_has_match(user_id, match_id) VALUES('AF8284CC-C4C3-F467-DE43-96143BC0DC36','30D1C267-A22E-F8BA-6DFC-981737E05973');
INSERT INTO user_has_match(user_id, match_id) VALUES('AF8284CC-C4C3-F467-DE43-96143BC0DC36','627999F3-4389-C13A-65BD-BE2BC982460E');
INSERT INTO user_has_match(user_id, match_id) VALUES('AF8284CC-C4C3-F467-DE43-96143BC0DC36','85D32BA8-2D9C-8E76-3128-7825A43C34E3');
INSERT INTO user_has_match(user_id, match_id) VALUES('AF8284CC-C4C3-F467-DE43-96143BC0DC36','FF8AEC9A-99D5-E92A-36C5-E739AC170D50');
INSERT INTO user_has_match(user_id, match_id) VALUES('1B8A4B04-C8AD-1C4E-FCC0-F7338DDFBC22','88C9BB41-BA61-AFB5-F0A6-39286D7B8C73');
INSERT INTO user_has_match(user_id, match_id) VALUES('1B8A4B04-C8AD-1C4E-FCC0-F7338DDFBC22','C2528B6B-F85F-ABB9-639A-CF4C4735BCAC');
INSERT INTO user_has_match(user_id, match_id) VALUES('1B8A4B04-C8AD-1C4E-FCC0-F7338DDFBC22','0EA0AE36-454E-5847-8547-D3A19CA5E78F');
INSERT INTO user_has_match(user_id, match_id) VALUES('1B8A4B04-C8AD-1C4E-FCC0-F7338DDFBC22','41764A98-A260-D783-519F-D202ED3D387D');
INSERT INTO user_has_match(user_id, match_id) VALUES('1B8A4B04-C8AD-1C4E-FCC0-F7338DDFBC22','41B6D10A-88A5-73E9-D827-0C67DBEC37ED');
INSERT INTO user_has_match(user_id, match_id) VALUES('1B8A4B04-C8AD-1C4E-FCC0-F7338DDFBC22','D75D7C30-C7E9-7614-7044-BE43D769DDAA');
INSERT INTO user_has_match(user_id, match_id) VALUES('1B8A4B04-C8AD-1C4E-FCC0-F7338DDFBC22','1D243645-7389-EE02-F6A4-3E26A59D5EBA');
INSERT INTO user_has_match(user_id, match_id) VALUES('1B8A4B04-C8AD-1C4E-FCC0-F7338DDFBC22','8086E73E-72E0-B972-711F-64CEC9529616');
INSERT INTO user_has_match(user_id, match_id) VALUES('1B8A4B04-C8AD-1C4E-FCC0-F7338DDFBC22','677070B3-5848-E8A3-3205-A077FB8BB7AC');
INSERT INTO user_has_match(user_id, match_id) VALUES('59589793-A86A-ABC3-8B21-15FEA29F11E8','340A2128-3B92-2AEE-FDB8-A5DB6C7D4A65');
INSERT INTO user_has_match(user_id, match_id) VALUES('59589793-A86A-ABC3-8B21-15FEA29F11E8','FC4AE12B-D0D5-DD1E-D30E-00880F411C4C');
INSERT INTO user_has_match(user_id, match_id) VALUES('59589793-A86A-ABC3-8B21-15FEA29F11E8','3B3DD1C2-2468-C6BD-7C0D-839658FD91E4');
INSERT INTO user_has_match(user_id, match_id) VALUES('59589793-A86A-ABC3-8B21-15FEA29F11E8','22B0CA13-AE72-BA2B-9452-9D7A004A37EF');
INSERT INTO user_has_match(user_id, match_id) VALUES('59589793-A86A-ABC3-8B21-15FEA29F11E8','8FC8B7B1-7CB8-A6CE-DE94-58BB614F9694');
INSERT INTO user_has_match(user_id, match_id) VALUES('59589793-A86A-ABC3-8B21-15FEA29F11E8','D75D7C30-C7E9-7614-7044-BE43D769DDAA');
INSERT INTO user_has_match(user_id, match_id) VALUES('59589793-A86A-ABC3-8B21-15FEA29F11E8','4F9808B9-DF74-A8D9-0B83-B80F61AFC561');
INSERT INTO user_has_match(user_id, match_id) VALUES('59589793-A86A-ABC3-8B21-15FEA29F11E8','6E9E79A6-9819-D429-D7EB-83FD63E90156');
INSERT INTO user_has_match(user_id, match_id) VALUES('59589793-A86A-ABC3-8B21-15FEA29F11E8','3D85A187-95A5-3CC6-9C57-717A532AE17F');
INSERT INTO user_has_match(user_id, match_id) VALUES('59589793-A86A-ABC3-8B21-15FEA29F11E8','3073ED2D-DFDC-3C94-FEB4-3AE6AAB36492');
INSERT INTO user_has_match(user_id, match_id) VALUES('59589793-A86A-ABC3-8B21-15FEA29F11E8','A32E3FE5-16A4-5FD5-27E3-A7C7D3B83D66');
INSERT INTO user_has_match(user_id, match_id) VALUES('59589793-A86A-ABC3-8B21-15FEA29F11E8','470C8517-7950-4873-E449-697F5C3E119C');
INSERT INTO user_has_match(user_id, match_id) VALUES('59589793-A86A-ABC3-8B21-15FEA29F11E8','85D32BA8-2D9C-8E76-3128-7825A43C34E3');
INSERT INTO user_has_match(user_id, match_id) VALUES('59589793-A86A-ABC3-8B21-15FEA29F11E8','08188BC8-CF40-1039-4549-9AEB6F9EAB8D');
INSERT INTO user_has_match(user_id, match_id) VALUES('31558730-C7BB-ECAB-8B5F-AF014EB07357','2376F855-273E-8814-EFEC-2AFDB1654EBC');
INSERT INTO user_has_match(user_id, match_id) VALUES('31558730-C7BB-ECAB-8B5F-AF014EB07357','8FC8B7B1-7CB8-A6CE-DE94-58BB614F9694');
INSERT INTO user_has_match(user_id, match_id) VALUES('31558730-C7BB-ECAB-8B5F-AF014EB07357','8086E73E-72E0-B972-711F-64CEC9529616');
INSERT INTO user_has_match(user_id, match_id) VALUES('31558730-C7BB-ECAB-8B5F-AF014EB07357','4F9808B9-DF74-A8D9-0B83-B80F61AFC561');
INSERT INTO user_has_match(user_id, match_id) VALUES('31558730-C7BB-ECAB-8B5F-AF014EB07357','E6773BB7-DCD6-C456-5E64-D12BBF2C0EA5');
INSERT INTO user_has_match(user_id, match_id) VALUES('31558730-C7BB-ECAB-8B5F-AF014EB07357','3073ED2D-DFDC-3C94-FEB4-3AE6AAB36492');
INSERT INTO user_has_match(user_id, match_id) VALUES('31558730-C7BB-ECAB-8B5F-AF014EB07357','A32E3FE5-16A4-5FD5-27E3-A7C7D3B83D66');
INSERT INTO user_has_match(user_id, match_id) VALUES('31558730-C7BB-ECAB-8B5F-AF014EB07357','FF8AEC9A-99D5-E92A-36C5-E739AC170D50');
INSERT INTO user_has_match(user_id, match_id) VALUES('31558730-C7BB-ECAB-8B5F-AF014EB07357','677070B3-5848-E8A3-3205-A077FB8BB7AC');
INSERT INTO user_has_match(user_id, match_id) VALUES('583D79DE-154B-AEF2-2782-C0454FA06904','0EA0AE36-454E-5847-8547-D3A19CA5E78F');
INSERT INTO user_has_match(user_id, match_id) VALUES('583D79DE-154B-AEF2-2782-C0454FA06904','5AC8CD36-1B33-F793-25D5-638FB273AD22');
INSERT INTO user_has_match(user_id, match_id) VALUES('583D79DE-154B-AEF2-2782-C0454FA06904','BB6DEEDA-6ACB-D77F-253D-79010DF1AA08');
INSERT INTO user_has_match(user_id, match_id) VALUES('583D79DE-154B-AEF2-2782-C0454FA06904','B3B2F513-6441-70DC-667B-B34A7ED843AE');
INSERT INTO user_has_match(user_id, match_id) VALUES('583D79DE-154B-AEF2-2782-C0454FA06904','8086E73E-72E0-B972-711F-64CEC9529616');
INSERT INTO user_has_match(user_id, match_id) VALUES('583D79DE-154B-AEF2-2782-C0454FA06904','30D1C267-A22E-F8BA-6DFC-981737E05973');
INSERT INTO user_has_match(user_id, match_id) VALUES('583D79DE-154B-AEF2-2782-C0454FA06904','627999F3-4389-C13A-65BD-BE2BC982460E');
INSERT INTO user_has_match(user_id, match_id) VALUES('583D79DE-154B-AEF2-2782-C0454FA06904','A32E3FE5-16A4-5FD5-27E3-A7C7D3B83D66');
INSERT INTO user_has_match(user_id, match_id) VALUES('583D79DE-154B-AEF2-2782-C0454FA06904','08188BC8-CF40-1039-4549-9AEB6F9EAB8D');
INSERT INTO user_has_match(user_id, match_id) VALUES('10595462-1F79-2FFA-7305-F57C99F21F8D','88C9BB41-BA61-AFB5-F0A6-39286D7B8C73');
INSERT INTO user_has_match(user_id, match_id) VALUES('10595462-1F79-2FFA-7305-F57C99F21F8D','C2528B6B-F85F-ABB9-639A-CF4C4735BCAC');
INSERT INTO user_has_match(user_id, match_id) VALUES('10595462-1F79-2FFA-7305-F57C99F21F8D','340A2128-3B92-2AEE-FDB8-A5DB6C7D4A65');
INSERT INTO user_has_match(user_id, match_id) VALUES('10595462-1F79-2FFA-7305-F57C99F21F8D','3B3DD1C2-2468-C6BD-7C0D-839658FD91E4');
INSERT INTO user_has_match(user_id, match_id) VALUES('10595462-1F79-2FFA-7305-F57C99F21F8D','8FC8B7B1-7CB8-A6CE-DE94-58BB614F9694');
INSERT INTO user_has_match(user_id, match_id) VALUES('10595462-1F79-2FFA-7305-F57C99F21F8D','1D243645-7389-EE02-F6A4-3E26A59D5EBA');
INSERT INTO user_has_match(user_id, match_id) VALUES('10595462-1F79-2FFA-7305-F57C99F21F8D','17098E33-533B-D7D1-D850-58637128FC72');
INSERT INTO user_has_match(user_id, match_id) VALUES('10595462-1F79-2FFA-7305-F57C99F21F8D','2C583EDD-CA4C-E651-CFDA-2BD7F1CF96DA');
INSERT INTO user_has_match(user_id, match_id) VALUES('10595462-1F79-2FFA-7305-F57C99F21F8D','E6773BB7-DCD6-C456-5E64-D12BBF2C0EA5');
INSERT INTO user_has_match(user_id, match_id) VALUES('10595462-1F79-2FFA-7305-F57C99F21F8D','30D1C267-A22E-F8BA-6DFC-981737E05973');
INSERT INTO user_has_match(user_id, match_id) VALUES('10595462-1F79-2FFA-7305-F57C99F21F8D','08188BC8-CF40-1039-4549-9AEB6F9EAB8D');
INSERT INTO user_has_match(user_id, match_id) VALUES('8DF32B6A-18E9-0694-6ED8-8A9D9CDD09FB','88C9BB41-BA61-AFB5-F0A6-39286D7B8C73');
INSERT INTO user_has_match(user_id, match_id) VALUES('8DF32B6A-18E9-0694-6ED8-8A9D9CDD09FB','2376F855-273E-8814-EFEC-2AFDB1654EBC');
INSERT INTO user_has_match(user_id, match_id) VALUES('8DF32B6A-18E9-0694-6ED8-8A9D9CDD09FB','869DA182-E156-9A17-28AC-5A3BA0506053');
INSERT INTO user_has_match(user_id, match_id) VALUES('8DF32B6A-18E9-0694-6ED8-8A9D9CDD09FB','A145454E-EEDB-31D1-2115-D93AA9F6C87E');
INSERT INTO user_has_match(user_id, match_id) VALUES('8DF32B6A-18E9-0694-6ED8-8A9D9CDD09FB','65FC6F5A-DA69-C5AF-D6AC-E00DD9D449A1');
INSERT INTO user_has_match(user_id, match_id) VALUES('8DF32B6A-18E9-0694-6ED8-8A9D9CDD09FB','8FC8B7B1-7CB8-A6CE-DE94-58BB614F9694');
INSERT INTO user_has_match(user_id, match_id) VALUES('8DF32B6A-18E9-0694-6ED8-8A9D9CDD09FB','68A32A2E-5B29-B990-193F-CC609241E528');
INSERT INTO user_has_match(user_id, match_id) VALUES('8DF32B6A-18E9-0694-6ED8-8A9D9CDD09FB','B3B2F513-6441-70DC-667B-B34A7ED843AE');
INSERT INTO user_has_match(user_id, match_id) VALUES('8DF32B6A-18E9-0694-6ED8-8A9D9CDD09FB','8086E73E-72E0-B972-711F-64CEC9529616');
INSERT INTO user_has_match(user_id, match_id) VALUES('8DF32B6A-18E9-0694-6ED8-8A9D9CDD09FB','8FCD6F17-4806-2696-6E87-53E6B67F767E');
INSERT INTO user_has_match(user_id, match_id) VALUES('8DF32B6A-18E9-0694-6ED8-8A9D9CDD09FB','6E9E79A6-9819-D429-D7EB-83FD63E90156');
INSERT INTO user_has_match(user_id, match_id) VALUES('8DF32B6A-18E9-0694-6ED8-8A9D9CDD09FB','85D32BA8-2D9C-8E76-3128-7825A43C34E3');
INSERT INTO user_has_match(user_id, match_id) VALUES('74DDFE7B-C311-17B5-DA0F-68A31F60CB6F','88C9BB41-BA61-AFB5-F0A6-39286D7B8C73');
INSERT INTO user_has_match(user_id, match_id) VALUES('74DDFE7B-C311-17B5-DA0F-68A31F60CB6F','C2528B6B-F85F-ABB9-639A-CF4C4735BCAC');
INSERT INTO user_has_match(user_id, match_id) VALUES('74DDFE7B-C311-17B5-DA0F-68A31F60CB6F','B117C27A-25BE-794A-DB6C-26B022DCE9F8');
INSERT INTO user_has_match(user_id, match_id) VALUES('74DDFE7B-C311-17B5-DA0F-68A31F60CB6F','5AC8CD36-1B33-F793-25D5-638FB273AD22');
INSERT INTO user_has_match(user_id, match_id) VALUES('74DDFE7B-C311-17B5-DA0F-68A31F60CB6F','A145454E-EEDB-31D1-2115-D93AA9F6C87E');
INSERT INTO user_has_match(user_id, match_id) VALUES('74DDFE7B-C311-17B5-DA0F-68A31F60CB6F','D869C4DA-34CD-A380-263E-97263AF93A2C');
INSERT INTO user_has_match(user_id, match_id) VALUES('74DDFE7B-C311-17B5-DA0F-68A31F60CB6F','68A32A2E-5B29-B990-193F-CC609241E528');
INSERT INTO user_has_match(user_id, match_id) VALUES('74DDFE7B-C311-17B5-DA0F-68A31F60CB6F','8086E73E-72E0-B972-711F-64CEC9529616');
INSERT INTO user_has_match(user_id, match_id) VALUES('74DDFE7B-C311-17B5-DA0F-68A31F60CB6F','4F9808B9-DF74-A8D9-0B83-B80F61AFC561');
INSERT INTO user_has_match(user_id, match_id) VALUES('74DDFE7B-C311-17B5-DA0F-68A31F60CB6F','17098E33-533B-D7D1-D850-58637128FC72');
INSERT INTO user_has_match(user_id, match_id) VALUES('74DDFE7B-C311-17B5-DA0F-68A31F60CB6F','7DAA7077-1751-6371-5C6B-D226A3A5D79C');
INSERT INTO user_has_match(user_id, match_id) VALUES('74DDFE7B-C311-17B5-DA0F-68A31F60CB6F','3073ED2D-DFDC-3C94-FEB4-3AE6AAB36492');
INSERT INTO user_has_match(user_id, match_id) VALUES('74DDFE7B-C311-17B5-DA0F-68A31F60CB6F','85D32BA8-2D9C-8E76-3128-7825A43C34E3');
INSERT INTO user_has_match(user_id, match_id) VALUES('74DDFE7B-C311-17B5-DA0F-68A31F60CB6F','FF8AEC9A-99D5-E92A-36C5-E739AC170D50');
INSERT INTO user_has_match(user_id, match_id) VALUES('8CB56EBC-A336-CB3A-17D8-988D80DCA177','340A2128-3B92-2AEE-FDB8-A5DB6C7D4A65');
INSERT INTO user_has_match(user_id, match_id) VALUES('8CB56EBC-A336-CB3A-17D8-988D80DCA177','8FC8B7B1-7CB8-A6CE-DE94-58BB614F9694');
INSERT INTO user_has_match(user_id, match_id) VALUES('8CB56EBC-A336-CB3A-17D8-988D80DCA177','D75D7C30-C7E9-7614-7044-BE43D769DDAA');
INSERT INTO user_has_match(user_id, match_id) VALUES('8CB56EBC-A336-CB3A-17D8-988D80DCA177','8FCD6F17-4806-2696-6E87-53E6B67F767E');
INSERT INTO user_has_match(user_id, match_id) VALUES('8CB56EBC-A336-CB3A-17D8-988D80DCA177','353C4C5A-C48E-27A2-C7C6-337895F9427A');
INSERT INTO user_has_match(user_id, match_id) VALUES('8CB56EBC-A336-CB3A-17D8-988D80DCA177','E6773BB7-DCD6-C456-5E64-D12BBF2C0EA5');
INSERT INTO user_has_match(user_id, match_id) VALUES('8CB56EBC-A336-CB3A-17D8-988D80DCA177','A32E3FE5-16A4-5FD5-27E3-A7C7D3B83D66');
INSERT INTO user_has_match(user_id, match_id) VALUES('8CB56EBC-A336-CB3A-17D8-988D80DCA177','479BEA82-68F5-4021-8BB0-F392D34638C4');
INSERT INTO user_has_match(user_id, match_id) VALUES('8CB56EBC-A336-CB3A-17D8-988D80DCA177','34ACA953-B1B2-8D43-BAE1-620ACDD07F6B');
INSERT INTO user_has_match(user_id, match_id) VALUES('8CB56EBC-A336-CB3A-17D8-988D80DCA177','FF8AEC9A-99D5-E92A-36C5-E739AC170D50');
INSERT INTO user_has_match(user_id, match_id) VALUES('B5935B67-4627-1C23-03D5-EC1BC1C941C9','340A2128-3B92-2AEE-FDB8-A5DB6C7D4A65');
INSERT INTO user_has_match(user_id, match_id) VALUES('B5935B67-4627-1C23-03D5-EC1BC1C941C9','3B3DD1C2-2468-C6BD-7C0D-839658FD91E4');
INSERT INTO user_has_match(user_id, match_id) VALUES('B5935B67-4627-1C23-03D5-EC1BC1C941C9','65FC6F5A-DA69-C5AF-D6AC-E00DD9D449A1');
INSERT INTO user_has_match(user_id, match_id) VALUES('B5935B67-4627-1C23-03D5-EC1BC1C941C9','D869C4DA-34CD-A380-263E-97263AF93A2C');
INSERT INTO user_has_match(user_id, match_id) VALUES('B5935B67-4627-1C23-03D5-EC1BC1C941C9','A755C9EF-10CD-874D-7689-CEAB4151DB35');
INSERT INTO user_has_match(user_id, match_id) VALUES('B5935B67-4627-1C23-03D5-EC1BC1C941C9','B3B2F513-6441-70DC-667B-B34A7ED843AE');
INSERT INTO user_has_match(user_id, match_id) VALUES('B5935B67-4627-1C23-03D5-EC1BC1C941C9','8FCD6F17-4806-2696-6E87-53E6B67F767E');
INSERT INTO user_has_match(user_id, match_id) VALUES('B5935B67-4627-1C23-03D5-EC1BC1C941C9','7DAA7077-1751-6371-5C6B-D226A3A5D79C');
INSERT INTO user_has_match(user_id, match_id) VALUES('B5935B67-4627-1C23-03D5-EC1BC1C941C9','E6773BB7-DCD6-C456-5E64-D12BBF2C0EA5');
INSERT INTO user_has_match(user_id, match_id) VALUES('B5935B67-4627-1C23-03D5-EC1BC1C941C9','30D1C267-A22E-F8BA-6DFC-981737E05973');
INSERT INTO user_has_match(user_id, match_id) VALUES('B5935B67-4627-1C23-03D5-EC1BC1C941C9','A32E3FE5-16A4-5FD5-27E3-A7C7D3B83D66');
INSERT INTO user_has_match(user_id, match_id) VALUES('B5935B67-4627-1C23-03D5-EC1BC1C941C9','34ACA953-B1B2-8D43-BAE1-620ACDD07F6B');
INSERT INTO user_has_match(user_id, match_id) VALUES('B5935B67-4627-1C23-03D5-EC1BC1C941C9','08188BC8-CF40-1039-4549-9AEB6F9EAB8D');
INSERT INTO user_has_match(user_id, match_id) VALUES('FB44BD4D-B0BA-D45A-C7FA-DA1B2C644789','C2528B6B-F85F-ABB9-639A-CF4C4735BCAC');
INSERT INTO user_has_match(user_id, match_id) VALUES('FB44BD4D-B0BA-D45A-C7FA-DA1B2C644789','5AC8CD36-1B33-F793-25D5-638FB273AD22');
INSERT INTO user_has_match(user_id, match_id) VALUES('FB44BD4D-B0BA-D45A-C7FA-DA1B2C644789','FC4AE12B-D0D5-DD1E-D30E-00880F411C4C');
INSERT INTO user_has_match(user_id, match_id) VALUES('FB44BD4D-B0BA-D45A-C7FA-DA1B2C644789','2376F855-273E-8814-EFEC-2AFDB1654EBC');
INSERT INTO user_has_match(user_id, match_id) VALUES('FB44BD4D-B0BA-D45A-C7FA-DA1B2C644789','22B0CA13-AE72-BA2B-9452-9D7A004A37EF');
INSERT INTO user_has_match(user_id, match_id) VALUES('FB44BD4D-B0BA-D45A-C7FA-DA1B2C644789','77D84217-D5AB-7AC3-C504-6F25C2D2C028');
INSERT INTO user_has_match(user_id, match_id) VALUES('FB44BD4D-B0BA-D45A-C7FA-DA1B2C644789','D869C4DA-34CD-A380-263E-97263AF93A2C');
INSERT INTO user_has_match(user_id, match_id) VALUES('FB44BD4D-B0BA-D45A-C7FA-DA1B2C644789','8086E73E-72E0-B972-711F-64CEC9529616');
INSERT INTO user_has_match(user_id, match_id) VALUES('FB44BD4D-B0BA-D45A-C7FA-DA1B2C644789','6E9E79A6-9819-D429-D7EB-83FD63E90156');
INSERT INTO user_has_match(user_id, match_id) VALUES('FB44BD4D-B0BA-D45A-C7FA-DA1B2C644789','353C4C5A-C48E-27A2-C7C6-337895F9427A');
INSERT INTO user_has_match(user_id, match_id) VALUES('FB44BD4D-B0BA-D45A-C7FA-DA1B2C644789','BBCAA949-A1F2-6F20-D625-50632BE870F9');
INSERT INTO user_has_match(user_id, match_id) VALUES('FB44BD4D-B0BA-D45A-C7FA-DA1B2C644789','34ACA953-B1B2-8D43-BAE1-620ACDD07F6B');
INSERT INTO user_has_match(user_id, match_id) VALUES('E4629FDB-45C1-F350-4117-30E920A81AC1','5AC8CD36-1B33-F793-25D5-638FB273AD22');
INSERT INTO user_has_match(user_id, match_id) VALUES('E4629FDB-45C1-F350-4117-30E920A81AC1','FC4AE12B-D0D5-DD1E-D30E-00880F411C4C');
INSERT INTO user_has_match(user_id, match_id) VALUES('E4629FDB-45C1-F350-4117-30E920A81AC1','8FCD6F17-4806-2696-6E87-53E6B67F767E');
INSERT INTO user_has_match(user_id, match_id) VALUES('E4629FDB-45C1-F350-4117-30E920A81AC1','4F9808B9-DF74-A8D9-0B83-B80F61AFC561');
INSERT INTO user_has_match(user_id, match_id) VALUES('E4629FDB-45C1-F350-4117-30E920A81AC1','E6773BB7-DCD6-C456-5E64-D12BBF2C0EA5');
INSERT INTO user_has_match(user_id, match_id) VALUES('E4629FDB-45C1-F350-4117-30E920A81AC1','30D1C267-A22E-F8BA-6DFC-981737E05973');
INSERT INTO user_has_match(user_id, match_id) VALUES('E4629FDB-45C1-F350-4117-30E920A81AC1','08188BC8-CF40-1039-4549-9AEB6F9EAB8D');
INSERT INTO user_has_match(user_id, match_id) VALUES('283E5DBC-9C57-84EF-BDBD-1B931E29EA84','8FC8B7B1-7CB8-A6CE-DE94-58BB614F9694');
INSERT INTO user_has_match(user_id, match_id) VALUES('283E5DBC-9C57-84EF-BDBD-1B931E29EA84','0E29D9F7-CE39-7DA6-D5BD-63CCB8B3864F');
INSERT INTO user_has_match(user_id, match_id) VALUES('283E5DBC-9C57-84EF-BDBD-1B931E29EA84','D869C4DA-34CD-A380-263E-97263AF93A2C');
INSERT INTO user_has_match(user_id, match_id) VALUES('283E5DBC-9C57-84EF-BDBD-1B931E29EA84','1D243645-7389-EE02-F6A4-3E26A59D5EBA');
INSERT INTO user_has_match(user_id, match_id) VALUES('283E5DBC-9C57-84EF-BDBD-1B931E29EA84','4F9808B9-DF74-A8D9-0B83-B80F61AFC561');
INSERT INTO user_has_match(user_id, match_id) VALUES('283E5DBC-9C57-84EF-BDBD-1B931E29EA84','17098E33-533B-D7D1-D850-58637128FC72');
INSERT INTO user_has_match(user_id, match_id) VALUES('283E5DBC-9C57-84EF-BDBD-1B931E29EA84','BBCAA949-A1F2-6F20-D625-50632BE870F9');
INSERT INTO user_has_match(user_id, match_id) VALUES('2EC328D8-827D-C07D-6776-4FDF19E1FA6F','C2528B6B-F85F-ABB9-639A-CF4C4735BCAC');
INSERT INTO user_has_match(user_id, match_id) VALUES('2EC328D8-827D-C07D-6776-4FDF19E1FA6F','340A2128-3B92-2AEE-FDB8-A5DB6C7D4A65');
INSERT INTO user_has_match(user_id, match_id) VALUES('2EC328D8-827D-C07D-6776-4FDF19E1FA6F','41764A98-A260-D783-519F-D202ED3D387D');
INSERT INTO user_has_match(user_id, match_id) VALUES('2EC328D8-827D-C07D-6776-4FDF19E1FA6F','BB6DEEDA-6ACB-D77F-253D-79010DF1AA08');
INSERT INTO user_has_match(user_id, match_id) VALUES('2EC328D8-827D-C07D-6776-4FDF19E1FA6F','B3B2F513-6441-70DC-667B-B34A7ED843AE');
INSERT INTO user_has_match(user_id, match_id) VALUES('2EC328D8-827D-C07D-6776-4FDF19E1FA6F','3073ED2D-DFDC-3C94-FEB4-3AE6AAB36492');
INSERT INTO user_has_match(user_id, match_id) VALUES('2EC328D8-827D-C07D-6776-4FDF19E1FA6F','627999F3-4389-C13A-65BD-BE2BC982460E');
INSERT INTO user_has_match(user_id, match_id) VALUES('2EC328D8-827D-C07D-6776-4FDF19E1FA6F','470C8517-7950-4873-E449-697F5C3E119C');
INSERT INTO user_has_match(user_id, match_id) VALUES('2EC328D8-827D-C07D-6776-4FDF19E1FA6F','34ACA953-B1B2-8D43-BAE1-620ACDD07F6B');
INSERT INTO user_has_match(user_id, match_id) VALUES('5B91B8AA-A597-44E2-65A8-A0FD441D68E6','A145454E-EEDB-31D1-2115-D93AA9F6C87E');
INSERT INTO user_has_match(user_id, match_id) VALUES('5B91B8AA-A597-44E2-65A8-A0FD441D68E6','BB6DEEDA-6ACB-D77F-253D-79010DF1AA08');
INSERT INTO user_has_match(user_id, match_id) VALUES('5B91B8AA-A597-44E2-65A8-A0FD441D68E6','1D243645-7389-EE02-F6A4-3E26A59D5EBA');
INSERT INTO user_has_match(user_id, match_id) VALUES('5B91B8AA-A597-44E2-65A8-A0FD441D68E6','BBCAA949-A1F2-6F20-D625-50632BE870F9');
INSERT INTO user_has_match(user_id, match_id) VALUES('5B91B8AA-A597-44E2-65A8-A0FD441D68E6','34ACA953-B1B2-8D43-BAE1-620ACDD07F6B');
INSERT INTO user_has_match(user_id, match_id) VALUES('FB94BC30-B57B-0A06-D357-C024E36DAF96','340A2128-3B92-2AEE-FDB8-A5DB6C7D4A65');
INSERT INTO user_has_match(user_id, match_id) VALUES('FB94BC30-B57B-0A06-D357-C024E36DAF96','B117C27A-25BE-794A-DB6C-26B022DCE9F8');
INSERT INTO user_has_match(user_id, match_id) VALUES('FB94BC30-B57B-0A06-D357-C024E36DAF96','FC4AE12B-D0D5-DD1E-D30E-00880F411C4C');
INSERT INTO user_has_match(user_id, match_id) VALUES('FB94BC30-B57B-0A06-D357-C024E36DAF96','41764A98-A260-D783-519F-D202ED3D387D');
INSERT INTO user_has_match(user_id, match_id) VALUES('FB94BC30-B57B-0A06-D357-C024E36DAF96','3B3DD1C2-2468-C6BD-7C0D-839658FD91E4');
INSERT INTO user_has_match(user_id, match_id) VALUES('FB94BC30-B57B-0A06-D357-C024E36DAF96','A145454E-EEDB-31D1-2115-D93AA9F6C87E');
INSERT INTO user_has_match(user_id, match_id) VALUES('FB94BC30-B57B-0A06-D357-C024E36DAF96','0E29D9F7-CE39-7DA6-D5BD-63CCB8B3864F');
INSERT INTO user_has_match(user_id, match_id) VALUES('FB94BC30-B57B-0A06-D357-C024E36DAF96','A755C9EF-10CD-874D-7689-CEAB4151DB35');
INSERT INTO user_has_match(user_id, match_id) VALUES('FB94BC30-B57B-0A06-D357-C024E36DAF96','B3B2F513-6441-70DC-667B-B34A7ED843AE');
INSERT INTO user_has_match(user_id, match_id) VALUES('FB94BC30-B57B-0A06-D357-C024E36DAF96','4F9808B9-DF74-A8D9-0B83-B80F61AFC561');
INSERT INTO user_has_match(user_id, match_id) VALUES('FB94BC30-B57B-0A06-D357-C024E36DAF96','17098E33-533B-D7D1-D850-58637128FC72');
INSERT INTO user_has_match(user_id, match_id) VALUES('FB94BC30-B57B-0A06-D357-C024E36DAF96','6E9E79A6-9819-D429-D7EB-83FD63E90156');
INSERT INTO user_has_match(user_id, match_id) VALUES('FB94BC30-B57B-0A06-D357-C024E36DAF96','A32E3FE5-16A4-5FD5-27E3-A7C7D3B83D66');
INSERT INTO user_has_match(user_id, match_id) VALUES('AA2C3BD6-A365-711E-FC96-FA8D4B55467C','C2528B6B-F85F-ABB9-639A-CF4C4735BCAC');
INSERT INTO user_has_match(user_id, match_id) VALUES('AA2C3BD6-A365-711E-FC96-FA8D4B55467C','B117C27A-25BE-794A-DB6C-26B022DCE9F8');
INSERT INTO user_has_match(user_id, match_id) VALUES('AA2C3BD6-A365-711E-FC96-FA8D4B55467C','3B3DD1C2-2468-C6BD-7C0D-839658FD91E4');
INSERT INTO user_has_match(user_id, match_id) VALUES('AA2C3BD6-A365-711E-FC96-FA8D4B55467C','2376F855-273E-8814-EFEC-2AFDB1654EBC');
INSERT INTO user_has_match(user_id, match_id) VALUES('AA2C3BD6-A365-711E-FC96-FA8D4B55467C','17098E33-533B-D7D1-D850-58637128FC72');
INSERT INTO user_has_match(user_id, match_id) VALUES('AA2C3BD6-A365-711E-FC96-FA8D4B55467C','3D85A187-95A5-3CC6-9C57-717A532AE17F');
INSERT INTO user_has_match(user_id, match_id) VALUES('AA2C3BD6-A365-711E-FC96-FA8D4B55467C','E6773BB7-DCD6-C456-5E64-D12BBF2C0EA5');
INSERT INTO user_has_match(user_id, match_id) VALUES('AA2C3BD6-A365-711E-FC96-FA8D4B55467C','30D1C267-A22E-F8BA-6DFC-981737E05973');
INSERT INTO user_has_match(user_id, match_id) VALUES('AA2C3BD6-A365-711E-FC96-FA8D4B55467C','3073ED2D-DFDC-3C94-FEB4-3AE6AAB36492');
INSERT INTO user_has_match(user_id, match_id) VALUES('AA2C3BD6-A365-711E-FC96-FA8D4B55467C','627999F3-4389-C13A-65BD-BE2BC982460E');
INSERT INTO user_has_match(user_id, match_id) VALUES('AA2C3BD6-A365-711E-FC96-FA8D4B55467C','A32E3FE5-16A4-5FD5-27E3-A7C7D3B83D66');
INSERT INTO user_has_match(user_id, match_id) VALUES('AA2C3BD6-A365-711E-FC96-FA8D4B55467C','FBA48738-1351-3C72-A511-D18269936BA0');
INSERT INTO user_has_match(user_id, match_id) VALUES('AA2C3BD6-A365-711E-FC96-FA8D4B55467C','479BEA82-68F5-4021-8BB0-F392D34638C4');
INSERT INTO user_has_match(user_id, match_id) VALUES('AA2C3BD6-A365-711E-FC96-FA8D4B55467C','08188BC8-CF40-1039-4549-9AEB6F9EAB8D');
INSERT INTO user_has_match(user_id, match_id) VALUES('AA2C3BD6-A365-711E-FC96-FA8D4B55467C','FF8AEC9A-99D5-E92A-36C5-E739AC170D50');
INSERT INTO user_has_match(user_id, match_id) VALUES('29EE048B-32A6-CE2E-BF3A-2B51E05BF63F','88C9BB41-BA61-AFB5-F0A6-39286D7B8C73');
INSERT INTO user_has_match(user_id, match_id) VALUES('29EE048B-32A6-CE2E-BF3A-2B51E05BF63F','340A2128-3B92-2AEE-FDB8-A5DB6C7D4A65');
INSERT INTO user_has_match(user_id, match_id) VALUES('29EE048B-32A6-CE2E-BF3A-2B51E05BF63F','B117C27A-25BE-794A-DB6C-26B022DCE9F8');
INSERT INTO user_has_match(user_id, match_id) VALUES('29EE048B-32A6-CE2E-BF3A-2B51E05BF63F','65FC6F5A-DA69-C5AF-D6AC-E00DD9D449A1');
INSERT INTO user_has_match(user_id, match_id) VALUES('29EE048B-32A6-CE2E-BF3A-2B51E05BF63F','D75D7C30-C7E9-7614-7044-BE43D769DDAA');
INSERT INTO user_has_match(user_id, match_id) VALUES('29EE048B-32A6-CE2E-BF3A-2B51E05BF63F','B3B2F513-6441-70DC-667B-B34A7ED843AE');
INSERT INTO user_has_match(user_id, match_id) VALUES('29EE048B-32A6-CE2E-BF3A-2B51E05BF63F','1D243645-7389-EE02-F6A4-3E26A59D5EBA');
INSERT INTO user_has_match(user_id, match_id) VALUES('29EE048B-32A6-CE2E-BF3A-2B51E05BF63F','8FCD6F17-4806-2696-6E87-53E6B67F767E');
INSERT INTO user_has_match(user_id, match_id) VALUES('29EE048B-32A6-CE2E-BF3A-2B51E05BF63F','470C8517-7950-4873-E449-697F5C3E119C');
INSERT INTO user_has_match(user_id, match_id) VALUES('29EE048B-32A6-CE2E-BF3A-2B51E05BF63F','FBA48738-1351-3C72-A511-D18269936BA0');
INSERT INTO user_has_match(user_id, match_id) VALUES('29EE048B-32A6-CE2E-BF3A-2B51E05BF63F','479BEA82-68F5-4021-8BB0-F392D34638C4');
INSERT INTO user_has_match(user_id, match_id) VALUES('29EE048B-32A6-CE2E-BF3A-2B51E05BF63F','BBCAA949-A1F2-6F20-D625-50632BE870F9');
INSERT INTO user_has_match(user_id, match_id) VALUES('29EE048B-32A6-CE2E-BF3A-2B51E05BF63F','08188BC8-CF40-1039-4549-9AEB6F9EAB8D');
INSERT INTO user_has_match(user_id, match_id) VALUES('29EE048B-32A6-CE2E-BF3A-2B51E05BF63F','677070B3-5848-E8A3-3205-A077FB8BB7AC');
INSERT INTO user_has_match(user_id, match_id) VALUES('54A442AA-19D5-48B4-1088-0D732BAFF92B','C2528B6B-F85F-ABB9-639A-CF4C4735BCAC');
INSERT INTO user_has_match(user_id, match_id) VALUES('54A442AA-19D5-48B4-1088-0D732BAFF92B','B117C27A-25BE-794A-DB6C-26B022DCE9F8');
INSERT INTO user_has_match(user_id, match_id) VALUES('54A442AA-19D5-48B4-1088-0D732BAFF92B','2376F855-273E-8814-EFEC-2AFDB1654EBC');
INSERT INTO user_has_match(user_id, match_id) VALUES('54A442AA-19D5-48B4-1088-0D732BAFF92B','8FC8B7B1-7CB8-A6CE-DE94-58BB614F9694');
INSERT INTO user_has_match(user_id, match_id) VALUES('54A442AA-19D5-48B4-1088-0D732BAFF92B','41B6D10A-88A5-73E9-D827-0C67DBEC37ED');
INSERT INTO user_has_match(user_id, match_id) VALUES('54A442AA-19D5-48B4-1088-0D732BAFF92B','1D243645-7389-EE02-F6A4-3E26A59D5EBA');
INSERT INTO user_has_match(user_id, match_id) VALUES('54A442AA-19D5-48B4-1088-0D732BAFF92B','2C583EDD-CA4C-E651-CFDA-2BD7F1CF96DA');
INSERT INTO user_has_match(user_id, match_id) VALUES('54A442AA-19D5-48B4-1088-0D732BAFF92B','34ACA953-B1B2-8D43-BAE1-620ACDD07F6B');
INSERT INTO user_has_match(user_id, match_id) VALUES('677D915E-474A-5DCF-90E1-73097BCC9F7C','869DA182-E156-9A17-28AC-5A3BA0506053');
INSERT INTO user_has_match(user_id, match_id) VALUES('677D915E-474A-5DCF-90E1-73097BCC9F7C','77D84217-D5AB-7AC3-C504-6F25C2D2C028');
INSERT INTO user_has_match(user_id, match_id) VALUES('677D915E-474A-5DCF-90E1-73097BCC9F7C','8086E73E-72E0-B972-711F-64CEC9529616');
INSERT INTO user_has_match(user_id, match_id) VALUES('677D915E-474A-5DCF-90E1-73097BCC9F7C','8FCD6F17-4806-2696-6E87-53E6B67F767E');
INSERT INTO user_has_match(user_id, match_id) VALUES('677D915E-474A-5DCF-90E1-73097BCC9F7C','6E9E79A6-9819-D429-D7EB-83FD63E90156');
INSERT INTO user_has_match(user_id, match_id) VALUES('677D915E-474A-5DCF-90E1-73097BCC9F7C','7DAA7077-1751-6371-5C6B-D226A3A5D79C');
INSERT INTO user_has_match(user_id, match_id) VALUES('677D915E-474A-5DCF-90E1-73097BCC9F7C','3D85A187-95A5-3CC6-9C57-717A532AE17F');
INSERT INTO user_has_match(user_id, match_id) VALUES('677D915E-474A-5DCF-90E1-73097BCC9F7C','E6773BB7-DCD6-C456-5E64-D12BBF2C0EA5');
INSERT INTO user_has_match(user_id, match_id) VALUES('677D915E-474A-5DCF-90E1-73097BCC9F7C','3073ED2D-DFDC-3C94-FEB4-3AE6AAB36492');
INSERT INTO user_has_match(user_id, match_id) VALUES('677D915E-474A-5DCF-90E1-73097BCC9F7C','A32E3FE5-16A4-5FD5-27E3-A7C7D3B83D66');
INSERT INTO user_has_match(user_id, match_id) VALUES('677D915E-474A-5DCF-90E1-73097BCC9F7C','FBA48738-1351-3C72-A511-D18269936BA0');
INSERT INTO user_has_match(user_id, match_id) VALUES('677D915E-474A-5DCF-90E1-73097BCC9F7C','479BEA82-68F5-4021-8BB0-F392D34638C4');
INSERT INTO user_has_match(user_id, match_id) VALUES('677D915E-474A-5DCF-90E1-73097BCC9F7C','34ACA953-B1B2-8D43-BAE1-620ACDD07F6B');
INSERT INTO user_has_match(user_id, match_id) VALUES('677D915E-474A-5DCF-90E1-73097BCC9F7C','FF8AEC9A-99D5-E92A-36C5-E739AC170D50');
INSERT INTO user_has_match(user_id, match_id) VALUES('DF47270C-CA5F-5F32-6102-B879B91191A0','88C9BB41-BA61-AFB5-F0A6-39286D7B8C73');
INSERT INTO user_has_match(user_id, match_id) VALUES('DF47270C-CA5F-5F32-6102-B879B91191A0','C2528B6B-F85F-ABB9-639A-CF4C4735BCAC');
INSERT INTO user_has_match(user_id, match_id) VALUES('DF47270C-CA5F-5F32-6102-B879B91191A0','5AC8CD36-1B33-F793-25D5-638FB273AD22');
INSERT INTO user_has_match(user_id, match_id) VALUES('DF47270C-CA5F-5F32-6102-B879B91191A0','41B6D10A-88A5-73E9-D827-0C67DBEC37ED');
INSERT INTO user_has_match(user_id, match_id) VALUES('DF47270C-CA5F-5F32-6102-B879B91191A0','0E29D9F7-CE39-7DA6-D5BD-63CCB8B3864F');
INSERT INTO user_has_match(user_id, match_id) VALUES('DF47270C-CA5F-5F32-6102-B879B91191A0','D869C4DA-34CD-A380-263E-97263AF93A2C');
INSERT INTO user_has_match(user_id, match_id) VALUES('DF47270C-CA5F-5F32-6102-B879B91191A0','68A32A2E-5B29-B990-193F-CC609241E528');
INSERT INTO user_has_match(user_id, match_id) VALUES('DF47270C-CA5F-5F32-6102-B879B91191A0','BB6DEEDA-6ACB-D77F-253D-79010DF1AA08');
INSERT INTO user_has_match(user_id, match_id) VALUES('DF47270C-CA5F-5F32-6102-B879B91191A0','6E9E79A6-9819-D429-D7EB-83FD63E90156');
INSERT INTO user_has_match(user_id, match_id) VALUES('DF47270C-CA5F-5F32-6102-B879B91191A0','2C583EDD-CA4C-E651-CFDA-2BD7F1CF96DA');
INSERT INTO user_has_match(user_id, match_id) VALUES('DF47270C-CA5F-5F32-6102-B879B91191A0','E6773BB7-DCD6-C456-5E64-D12BBF2C0EA5');
INSERT INTO user_has_match(user_id, match_id) VALUES('DF47270C-CA5F-5F32-6102-B879B91191A0','30D1C267-A22E-F8BA-6DFC-981737E05973');
INSERT INTO user_has_match(user_id, match_id) VALUES('DF47270C-CA5F-5F32-6102-B879B91191A0','470C8517-7950-4873-E449-697F5C3E119C');
INSERT INTO user_has_match(user_id, match_id) VALUES('DF47270C-CA5F-5F32-6102-B879B91191A0','FBA48738-1351-3C72-A511-D18269936BA0');
INSERT INTO user_has_match(user_id, match_id) VALUES('B6FC8C63-1BBC-F6AA-774E-C2DEDFB585B3','5AC8CD36-1B33-F793-25D5-638FB273AD22');
INSERT INTO user_has_match(user_id, match_id) VALUES('B6FC8C63-1BBC-F6AA-774E-C2DEDFB585B3','3B3DD1C2-2468-C6BD-7C0D-839658FD91E4');
INSERT INTO user_has_match(user_id, match_id) VALUES('B6FC8C63-1BBC-F6AA-774E-C2DEDFB585B3','77D84217-D5AB-7AC3-C504-6F25C2D2C028');
INSERT INTO user_has_match(user_id, match_id) VALUES('B6FC8C63-1BBC-F6AA-774E-C2DEDFB585B3','D869C4DA-34CD-A380-263E-97263AF93A2C');
INSERT INTO user_has_match(user_id, match_id) VALUES('B6FC8C63-1BBC-F6AA-774E-C2DEDFB585B3','8FCD6F17-4806-2696-6E87-53E6B67F767E');
INSERT INTO user_has_match(user_id, match_id) VALUES('B6FC8C63-1BBC-F6AA-774E-C2DEDFB585B3','353C4C5A-C48E-27A2-C7C6-337895F9427A');
INSERT INTO user_has_match(user_id, match_id) VALUES('B6FC8C63-1BBC-F6AA-774E-C2DEDFB585B3','34ACA953-B1B2-8D43-BAE1-620ACDD07F6B');
INSERT INTO user_has_match(user_id, match_id) VALUES('80B0E4FA-66EB-7592-D6AA-2C80CE69C58F','C2528B6B-F85F-ABB9-639A-CF4C4735BCAC');
INSERT INTO user_has_match(user_id, match_id) VALUES('80B0E4FA-66EB-7592-D6AA-2C80CE69C58F','340A2128-3B92-2AEE-FDB8-A5DB6C7D4A65');
INSERT INTO user_has_match(user_id, match_id) VALUES('80B0E4FA-66EB-7592-D6AA-2C80CE69C58F','869DA182-E156-9A17-28AC-5A3BA0506053');
INSERT INTO user_has_match(user_id, match_id) VALUES('80B0E4FA-66EB-7592-D6AA-2C80CE69C58F','6E9E79A6-9819-D429-D7EB-83FD63E90156');
INSERT INTO user_has_match(user_id, match_id) VALUES('80B0E4FA-66EB-7592-D6AA-2C80CE69C58F','7DAA7077-1751-6371-5C6B-D226A3A5D79C');
INSERT INTO user_has_match(user_id, match_id) VALUES('80B0E4FA-66EB-7592-D6AA-2C80CE69C58F','A32E3FE5-16A4-5FD5-27E3-A7C7D3B83D66');
INSERT INTO user_has_match(user_id, match_id) VALUES('80B0E4FA-66EB-7592-D6AA-2C80CE69C58F','08188BC8-CF40-1039-4549-9AEB6F9EAB8D');
INSERT INTO user_has_match(user_id, match_id) VALUES('80B0E4FA-66EB-7592-D6AA-2C80CE69C58F','FF8AEC9A-99D5-E92A-36C5-E739AC170D50');
INSERT INTO user_has_match(user_id, match_id) VALUES('3BD33655-326E-C265-145B-1E65AD2BF1EE','3B3DD1C2-2468-C6BD-7C0D-839658FD91E4');
INSERT INTO user_has_match(user_id, match_id) VALUES('3BD33655-326E-C265-145B-1E65AD2BF1EE','2376F855-273E-8814-EFEC-2AFDB1654EBC');
INSERT INTO user_has_match(user_id, match_id) VALUES('3BD33655-326E-C265-145B-1E65AD2BF1EE','869DA182-E156-9A17-28AC-5A3BA0506053');
INSERT INTO user_has_match(user_id, match_id) VALUES('3BD33655-326E-C265-145B-1E65AD2BF1EE','7DAA7077-1751-6371-5C6B-D226A3A5D79C');
INSERT INTO user_has_match(user_id, match_id) VALUES('3BD33655-326E-C265-145B-1E65AD2BF1EE','3073ED2D-DFDC-3C94-FEB4-3AE6AAB36492');
INSERT INTO user_has_match(user_id, match_id) VALUES('3BD33655-326E-C265-145B-1E65AD2BF1EE','470C8517-7950-4873-E449-697F5C3E119C');
INSERT INTO user_has_match(user_id, match_id) VALUES('3BD33655-326E-C265-145B-1E65AD2BF1EE','BBCAA949-A1F2-6F20-D625-50632BE870F9');
INSERT INTO user_has_match(user_id, match_id) VALUES('3BD33655-326E-C265-145B-1E65AD2BF1EE','FF8AEC9A-99D5-E92A-36C5-E739AC170D50');
INSERT INTO user_has_match(user_id, match_id) VALUES('AE56558E-214D-935D-EC6F-592D8FE2AF3E','22B0CA13-AE72-BA2B-9452-9D7A004A37EF');
INSERT INTO user_has_match(user_id, match_id) VALUES('AE56558E-214D-935D-EC6F-592D8FE2AF3E','65FC6F5A-DA69-C5AF-D6AC-E00DD9D449A1');
INSERT INTO user_has_match(user_id, match_id) VALUES('AE56558E-214D-935D-EC6F-592D8FE2AF3E','8FC8B7B1-7CB8-A6CE-DE94-58BB614F9694');
INSERT INTO user_has_match(user_id, match_id) VALUES('AE56558E-214D-935D-EC6F-592D8FE2AF3E','77D84217-D5AB-7AC3-C504-6F25C2D2C028');
INSERT INTO user_has_match(user_id, match_id) VALUES('AE56558E-214D-935D-EC6F-592D8FE2AF3E','D75D7C30-C7E9-7614-7044-BE43D769DDAA');
INSERT INTO user_has_match(user_id, match_id) VALUES('AE56558E-214D-935D-EC6F-592D8FE2AF3E','8086E73E-72E0-B972-711F-64CEC9529616');
INSERT INTO user_has_match(user_id, match_id) VALUES('AE56558E-214D-935D-EC6F-592D8FE2AF3E','8FCD6F17-4806-2696-6E87-53E6B67F767E');
INSERT INTO user_has_match(user_id, match_id) VALUES('AE56558E-214D-935D-EC6F-592D8FE2AF3E','17098E33-533B-D7D1-D850-58637128FC72');
INSERT INTO user_has_match(user_id, match_id) VALUES('AE56558E-214D-935D-EC6F-592D8FE2AF3E','6E9E79A6-9819-D429-D7EB-83FD63E90156');
INSERT INTO user_has_match(user_id, match_id) VALUES('AE56558E-214D-935D-EC6F-592D8FE2AF3E','3D85A187-95A5-3CC6-9C57-717A532AE17F');
INSERT INTO user_has_match(user_id, match_id) VALUES('AE56558E-214D-935D-EC6F-592D8FE2AF3E','E6773BB7-DCD6-C456-5E64-D12BBF2C0EA5');
INSERT INTO user_has_match(user_id, match_id) VALUES('AE56558E-214D-935D-EC6F-592D8FE2AF3E','3073ED2D-DFDC-3C94-FEB4-3AE6AAB36492');
INSERT INTO user_has_match(user_id, match_id) VALUES('AE56558E-214D-935D-EC6F-592D8FE2AF3E','627999F3-4389-C13A-65BD-BE2BC982460E');
INSERT INTO user_has_match(user_id, match_id) VALUES('AE56558E-214D-935D-EC6F-592D8FE2AF3E','479BEA82-68F5-4021-8BB0-F392D34638C4');
INSERT INTO user_has_match(user_id, match_id) VALUES('AE56558E-214D-935D-EC6F-592D8FE2AF3E','FF8AEC9A-99D5-E92A-36C5-E739AC170D50');
INSERT INTO user_has_match(user_id, match_id) VALUES('2C0D1805-A61C-53C8-B1A5-0198EAE187A4','0EA0AE36-454E-5847-8547-D3A19CA5E78F');
INSERT INTO user_has_match(user_id, match_id) VALUES('2C0D1805-A61C-53C8-B1A5-0198EAE187A4','B117C27A-25BE-794A-DB6C-26B022DCE9F8');
INSERT INTO user_has_match(user_id, match_id) VALUES('2C0D1805-A61C-53C8-B1A5-0198EAE187A4','5AC8CD36-1B33-F793-25D5-638FB273AD22');
INSERT INTO user_has_match(user_id, match_id) VALUES('2C0D1805-A61C-53C8-B1A5-0198EAE187A4','41B6D10A-88A5-73E9-D827-0C67DBEC37ED');
INSERT INTO user_has_match(user_id, match_id) VALUES('2C0D1805-A61C-53C8-B1A5-0198EAE187A4','B3B2F513-6441-70DC-667B-B34A7ED843AE');
INSERT INTO user_has_match(user_id, match_id) VALUES('2C0D1805-A61C-53C8-B1A5-0198EAE187A4','6E9E79A6-9819-D429-D7EB-83FD63E90156');
INSERT INTO user_has_match(user_id, match_id) VALUES('2C0D1805-A61C-53C8-B1A5-0198EAE187A4','470C8517-7950-4873-E449-697F5C3E119C');
INSERT INTO user_has_match(user_id, match_id) VALUES('2C0D1805-A61C-53C8-B1A5-0198EAE187A4','08188BC8-CF40-1039-4549-9AEB6F9EAB8D');
INSERT INTO user_has_match(user_id, match_id) VALUES('01470D00-B899-B82C-6888-C2ABFAA4DB7C','B117C27A-25BE-794A-DB6C-26B022DCE9F8');
INSERT INTO user_has_match(user_id, match_id) VALUES('01470D00-B899-B82C-6888-C2ABFAA4DB7C','41764A98-A260-D783-519F-D202ED3D387D');
INSERT INTO user_has_match(user_id, match_id) VALUES('01470D00-B899-B82C-6888-C2ABFAA4DB7C','22B0CA13-AE72-BA2B-9452-9D7A004A37EF');
INSERT INTO user_has_match(user_id, match_id) VALUES('01470D00-B899-B82C-6888-C2ABFAA4DB7C','65FC6F5A-DA69-C5AF-D6AC-E00DD9D449A1');
INSERT INTO user_has_match(user_id, match_id) VALUES('01470D00-B899-B82C-6888-C2ABFAA4DB7C','1D243645-7389-EE02-F6A4-3E26A59D5EBA');
INSERT INTO user_has_match(user_id, match_id) VALUES('01470D00-B899-B82C-6888-C2ABFAA4DB7C','353C4C5A-C48E-27A2-C7C6-337895F9427A');
INSERT INTO user_has_match(user_id, match_id) VALUES('01470D00-B899-B82C-6888-C2ABFAA4DB7C','627999F3-4389-C13A-65BD-BE2BC982460E');
INSERT INTO user_has_match(user_id, match_id) VALUES('05D7805C-9E52-5736-9C28-ABF34B4020B7','65FC6F5A-DA69-C5AF-D6AC-E00DD9D449A1');
INSERT INTO user_has_match(user_id, match_id) VALUES('05D7805C-9E52-5736-9C28-ABF34B4020B7','41B6D10A-88A5-73E9-D827-0C67DBEC37ED');
INSERT INTO user_has_match(user_id, match_id) VALUES('05D7805C-9E52-5736-9C28-ABF34B4020B7','D75D7C30-C7E9-7614-7044-BE43D769DDAA');
INSERT INTO user_has_match(user_id, match_id) VALUES('05D7805C-9E52-5736-9C28-ABF34B4020B7','8FCD6F17-4806-2696-6E87-53E6B67F767E');
INSERT INTO user_has_match(user_id, match_id) VALUES('05D7805C-9E52-5736-9C28-ABF34B4020B7','2C583EDD-CA4C-E651-CFDA-2BD7F1CF96DA');
INSERT INTO user_has_match(user_id, match_id) VALUES('05D7805C-9E52-5736-9C28-ABF34B4020B7','3073ED2D-DFDC-3C94-FEB4-3AE6AAB36492');
INSERT INTO user_has_match(user_id, match_id) VALUES('EA9AB53E-C0D1-5CBD-8E49-927E1D4EF7E5','88C9BB41-BA61-AFB5-F0A6-39286D7B8C73');
INSERT INTO user_has_match(user_id, match_id) VALUES('EA9AB53E-C0D1-5CBD-8E49-927E1D4EF7E5','340A2128-3B92-2AEE-FDB8-A5DB6C7D4A65');
INSERT INTO user_has_match(user_id, match_id) VALUES('EA9AB53E-C0D1-5CBD-8E49-927E1D4EF7E5','FC4AE12B-D0D5-DD1E-D30E-00880F411C4C');
INSERT INTO user_has_match(user_id, match_id) VALUES('EA9AB53E-C0D1-5CBD-8E49-927E1D4EF7E5','2376F855-273E-8814-EFEC-2AFDB1654EBC');
INSERT INTO user_has_match(user_id, match_id) VALUES('EA9AB53E-C0D1-5CBD-8E49-927E1D4EF7E5','41B6D10A-88A5-73E9-D827-0C67DBEC37ED');
INSERT INTO user_has_match(user_id, match_id) VALUES('EA9AB53E-C0D1-5CBD-8E49-927E1D4EF7E5','D869C4DA-34CD-A380-263E-97263AF93A2C');
INSERT INTO user_has_match(user_id, match_id) VALUES('EA9AB53E-C0D1-5CBD-8E49-927E1D4EF7E5','BB6DEEDA-6ACB-D77F-253D-79010DF1AA08');
INSERT INTO user_has_match(user_id, match_id) VALUES('EA9AB53E-C0D1-5CBD-8E49-927E1D4EF7E5','8086E73E-72E0-B972-711F-64CEC9529616');
INSERT INTO user_has_match(user_id, match_id) VALUES('EA9AB53E-C0D1-5CBD-8E49-927E1D4EF7E5','17098E33-533B-D7D1-D850-58637128FC72');
INSERT INTO user_has_match(user_id, match_id) VALUES('EA9AB53E-C0D1-5CBD-8E49-927E1D4EF7E5','A32E3FE5-16A4-5FD5-27E3-A7C7D3B83D66');
INSERT INTO user_has_match(user_id, match_id) VALUES('EA9AB53E-C0D1-5CBD-8E49-927E1D4EF7E5','34ACA953-B1B2-8D43-BAE1-620ACDD07F6B');
INSERT INTO user_has_match(user_id, match_id) VALUES('EA9AB53E-C0D1-5CBD-8E49-927E1D4EF7E5','677070B3-5848-E8A3-3205-A077FB8BB7AC');
INSERT INTO user_has_match(user_id, match_id) VALUES('A079E047-C4D4-0FCD-E30B-B1247128480F','A145454E-EEDB-31D1-2115-D93AA9F6C87E');
INSERT INTO user_has_match(user_id, match_id) VALUES('A079E047-C4D4-0FCD-E30B-B1247128480F','41B6D10A-88A5-73E9-D827-0C67DBEC37ED');
INSERT INTO user_has_match(user_id, match_id) VALUES('A079E047-C4D4-0FCD-E30B-B1247128480F','4F9808B9-DF74-A8D9-0B83-B80F61AFC561');
INSERT INTO user_has_match(user_id, match_id) VALUES('A079E047-C4D4-0FCD-E30B-B1247128480F','353C4C5A-C48E-27A2-C7C6-337895F9427A');
INSERT INTO user_has_match(user_id, match_id) VALUES('A079E047-C4D4-0FCD-E30B-B1247128480F','3D85A187-95A5-3CC6-9C57-717A532AE17F');
INSERT INTO user_has_match(user_id, match_id) VALUES('A079E047-C4D4-0FCD-E30B-B1247128480F','470C8517-7950-4873-E449-697F5C3E119C');
INSERT INTO user_has_match(user_id, match_id) VALUES('A079E047-C4D4-0FCD-E30B-B1247128480F','479BEA82-68F5-4021-8BB0-F392D34638C4');
INSERT INTO user_has_match(user_id, match_id) VALUES('A079E047-C4D4-0FCD-E30B-B1247128480F','85D32BA8-2D9C-8E76-3128-7825A43C34E3');
INSERT INTO user_has_match(user_id, match_id) VALUES('825D0DD6-2947-C9A7-FC23-41E4487E81EC','88C9BB41-BA61-AFB5-F0A6-39286D7B8C73');
INSERT INTO user_has_match(user_id, match_id) VALUES('825D0DD6-2947-C9A7-FC23-41E4487E81EC','C2528B6B-F85F-ABB9-639A-CF4C4735BCAC');
INSERT INTO user_has_match(user_id, match_id) VALUES('825D0DD6-2947-C9A7-FC23-41E4487E81EC','0EA0AE36-454E-5847-8547-D3A19CA5E78F');
INSERT INTO user_has_match(user_id, match_id) VALUES('825D0DD6-2947-C9A7-FC23-41E4487E81EC','22B0CA13-AE72-BA2B-9452-9D7A004A37EF');
INSERT INTO user_has_match(user_id, match_id) VALUES('825D0DD6-2947-C9A7-FC23-41E4487E81EC','68A32A2E-5B29-B990-193F-CC609241E528');
INSERT INTO user_has_match(user_id, match_id) VALUES('825D0DD6-2947-C9A7-FC23-41E4487E81EC','BB6DEEDA-6ACB-D77F-253D-79010DF1AA08');
INSERT INTO user_has_match(user_id, match_id) VALUES('825D0DD6-2947-C9A7-FC23-41E4487E81EC','8FCD6F17-4806-2696-6E87-53E6B67F767E');
INSERT INTO user_has_match(user_id, match_id) VALUES('825D0DD6-2947-C9A7-FC23-41E4487E81EC','6E9E79A6-9819-D429-D7EB-83FD63E90156');
INSERT INTO user_has_match(user_id, match_id) VALUES('825D0DD6-2947-C9A7-FC23-41E4487E81EC','E6773BB7-DCD6-C456-5E64-D12BBF2C0EA5');
INSERT INTO user_has_match(user_id, match_id) VALUES('ACC151BC-D197-EBE3-0679-D5DD51FF7C3E','FC4AE12B-D0D5-DD1E-D30E-00880F411C4C');
INSERT INTO user_has_match(user_id, match_id) VALUES('ACC151BC-D197-EBE3-0679-D5DD51FF7C3E','D869C4DA-34CD-A380-263E-97263AF93A2C');
INSERT INTO user_has_match(user_id, match_id) VALUES('ACC151BC-D197-EBE3-0679-D5DD51FF7C3E','A755C9EF-10CD-874D-7689-CEAB4151DB35');
INSERT INTO user_has_match(user_id, match_id) VALUES('ACC151BC-D197-EBE3-0679-D5DD51FF7C3E','1D243645-7389-EE02-F6A4-3E26A59D5EBA');
INSERT INTO user_has_match(user_id, match_id) VALUES('ACC151BC-D197-EBE3-0679-D5DD51FF7C3E','8FCD6F17-4806-2696-6E87-53E6B67F767E');
INSERT INTO user_has_match(user_id, match_id) VALUES('ACC151BC-D197-EBE3-0679-D5DD51FF7C3E','17098E33-533B-D7D1-D850-58637128FC72');
INSERT INTO user_has_match(user_id, match_id) VALUES('ACC151BC-D197-EBE3-0679-D5DD51FF7C3E','6E9E79A6-9819-D429-D7EB-83FD63E90156');
INSERT INTO user_has_match(user_id, match_id) VALUES('ACC151BC-D197-EBE3-0679-D5DD51FF7C3E','353C4C5A-C48E-27A2-C7C6-337895F9427A');
INSERT INTO user_has_match(user_id, match_id) VALUES('ACC151BC-D197-EBE3-0679-D5DD51FF7C3E','E6773BB7-DCD6-C456-5E64-D12BBF2C0EA5');
INSERT INTO user_has_match(user_id, match_id) VALUES('ACC151BC-D197-EBE3-0679-D5DD51FF7C3E','34ACA953-B1B2-8D43-BAE1-620ACDD07F6B');
INSERT INTO user_has_match(user_id, match_id) VALUES('F88361D5-E525-F60C-95E3-21662F706559','0EA0AE36-454E-5847-8547-D3A19CA5E78F');
INSERT INTO user_has_match(user_id, match_id) VALUES('F88361D5-E525-F60C-95E3-21662F706559','340A2128-3B92-2AEE-FDB8-A5DB6C7D4A65');
INSERT INTO user_has_match(user_id, match_id) VALUES('F88361D5-E525-F60C-95E3-21662F706559','22B0CA13-AE72-BA2B-9452-9D7A004A37EF');
INSERT INTO user_has_match(user_id, match_id) VALUES('F88361D5-E525-F60C-95E3-21662F706559','869DA182-E156-9A17-28AC-5A3BA0506053');
INSERT INTO user_has_match(user_id, match_id) VALUES('F88361D5-E525-F60C-95E3-21662F706559','A145454E-EEDB-31D1-2115-D93AA9F6C87E');
INSERT INTO user_has_match(user_id, match_id) VALUES('F88361D5-E525-F60C-95E3-21662F706559','8FC8B7B1-7CB8-A6CE-DE94-58BB614F9694');
INSERT INTO user_has_match(user_id, match_id) VALUES('F88361D5-E525-F60C-95E3-21662F706559','353C4C5A-C48E-27A2-C7C6-337895F9427A');
INSERT INTO user_has_match(user_id, match_id) VALUES('F88361D5-E525-F60C-95E3-21662F706559','3073ED2D-DFDC-3C94-FEB4-3AE6AAB36492');
INSERT INTO user_has_match(user_id, match_id) VALUES('F88361D5-E525-F60C-95E3-21662F706559','470C8517-7950-4873-E449-697F5C3E119C');
INSERT INTO user_has_match(user_id, match_id) VALUES('F88361D5-E525-F60C-95E3-21662F706559','BBCAA949-A1F2-6F20-D625-50632BE870F9');
INSERT INTO user_has_match(user_id, match_id) VALUES('F88361D5-E525-F60C-95E3-21662F706559','677070B3-5848-E8A3-3205-A077FB8BB7AC');
INSERT INTO user_has_match(user_id, match_id) VALUES('CFD8286A-2AF6-4BE7-0286-901BD4B32747','88C9BB41-BA61-AFB5-F0A6-39286D7B8C73');
INSERT INTO user_has_match(user_id, match_id) VALUES('CFD8286A-2AF6-4BE7-0286-901BD4B32747','5AC8CD36-1B33-F793-25D5-638FB273AD22');
INSERT INTO user_has_match(user_id, match_id) VALUES('CFD8286A-2AF6-4BE7-0286-901BD4B32747','22B0CA13-AE72-BA2B-9452-9D7A004A37EF');
INSERT INTO user_has_match(user_id, match_id) VALUES('CFD8286A-2AF6-4BE7-0286-901BD4B32747','869DA182-E156-9A17-28AC-5A3BA0506053');
INSERT INTO user_has_match(user_id, match_id) VALUES('CFD8286A-2AF6-4BE7-0286-901BD4B32747','77D84217-D5AB-7AC3-C504-6F25C2D2C028');
INSERT INTO user_has_match(user_id, match_id) VALUES('CFD8286A-2AF6-4BE7-0286-901BD4B32747','0E29D9F7-CE39-7DA6-D5BD-63CCB8B3864F');
INSERT INTO user_has_match(user_id, match_id) VALUES('CFD8286A-2AF6-4BE7-0286-901BD4B32747','D869C4DA-34CD-A380-263E-97263AF93A2C');
INSERT INTO user_has_match(user_id, match_id) VALUES('CFD8286A-2AF6-4BE7-0286-901BD4B32747','68A32A2E-5B29-B990-193F-CC609241E528');
INSERT INTO user_has_match(user_id, match_id) VALUES('CFD8286A-2AF6-4BE7-0286-901BD4B32747','B3B2F513-6441-70DC-667B-B34A7ED843AE');
INSERT INTO user_has_match(user_id, match_id) VALUES('CFD8286A-2AF6-4BE7-0286-901BD4B32747','8086E73E-72E0-B972-711F-64CEC9529616');
INSERT INTO user_has_match(user_id, match_id) VALUES('CFD8286A-2AF6-4BE7-0286-901BD4B32747','4F9808B9-DF74-A8D9-0B83-B80F61AFC561');
INSERT INTO user_has_match(user_id, match_id) VALUES('CFD8286A-2AF6-4BE7-0286-901BD4B32747','FBA48738-1351-3C72-A511-D18269936BA0');
INSERT INTO user_has_match(user_id, match_id) VALUES('CFD8286A-2AF6-4BE7-0286-901BD4B32747','BBCAA949-A1F2-6F20-D625-50632BE870F9');
INSERT INTO user_has_match(user_id, match_id) VALUES('34AEFF3D-16C0-D4E3-A39B-5AD720B35481','41764A98-A260-D783-519F-D202ED3D387D');
INSERT INTO user_has_match(user_id, match_id) VALUES('34AEFF3D-16C0-D4E3-A39B-5AD720B35481','3B3DD1C2-2468-C6BD-7C0D-839658FD91E4');
INSERT INTO user_has_match(user_id, match_id) VALUES('34AEFF3D-16C0-D4E3-A39B-5AD720B35481','22B0CA13-AE72-BA2B-9452-9D7A004A37EF');
INSERT INTO user_has_match(user_id, match_id) VALUES('34AEFF3D-16C0-D4E3-A39B-5AD720B35481','17098E33-533B-D7D1-D850-58637128FC72');
INSERT INTO user_has_match(user_id, match_id) VALUES('34AEFF3D-16C0-D4E3-A39B-5AD720B35481','627999F3-4389-C13A-65BD-BE2BC982460E');
INSERT INTO user_has_match(user_id, match_id) VALUES('34AEFF3D-16C0-D4E3-A39B-5AD720B35481','08188BC8-CF40-1039-4549-9AEB6F9EAB8D');
INSERT INTO user_has_match(user_id, match_id) VALUES('6DFF963B-C24A-7BDD-891D-3CAEC7DC0EE5','C2528B6B-F85F-ABB9-639A-CF4C4735BCAC');
INSERT INTO user_has_match(user_id, match_id) VALUES('6DFF963B-C24A-7BDD-891D-3CAEC7DC0EE5','5AC8CD36-1B33-F793-25D5-638FB273AD22');
INSERT INTO user_has_match(user_id, match_id) VALUES('6DFF963B-C24A-7BDD-891D-3CAEC7DC0EE5','22B0CA13-AE72-BA2B-9452-9D7A004A37EF');
INSERT INTO user_has_match(user_id, match_id) VALUES('6DFF963B-C24A-7BDD-891D-3CAEC7DC0EE5','A145454E-EEDB-31D1-2115-D93AA9F6C87E');
INSERT INTO user_has_match(user_id, match_id) VALUES('6DFF963B-C24A-7BDD-891D-3CAEC7DC0EE5','0E29D9F7-CE39-7DA6-D5BD-63CCB8B3864F');
INSERT INTO user_has_match(user_id, match_id) VALUES('6DFF963B-C24A-7BDD-891D-3CAEC7DC0EE5','68A32A2E-5B29-B990-193F-CC609241E528');
INSERT INTO user_has_match(user_id, match_id) VALUES('6DFF963B-C24A-7BDD-891D-3CAEC7DC0EE5','B3B2F513-6441-70DC-667B-B34A7ED843AE');
INSERT INTO user_has_match(user_id, match_id) VALUES('6DFF963B-C24A-7BDD-891D-3CAEC7DC0EE5','7DAA7077-1751-6371-5C6B-D226A3A5D79C');
INSERT INTO user_has_match(user_id, match_id) VALUES('6DFF963B-C24A-7BDD-891D-3CAEC7DC0EE5','30D1C267-A22E-F8BA-6DFC-981737E05973');
INSERT INTO user_has_match(user_id, match_id) VALUES('6DFF963B-C24A-7BDD-891D-3CAEC7DC0EE5','479BEA82-68F5-4021-8BB0-F392D34638C4');
INSERT INTO user_has_match(user_id, match_id) VALUES('CA448B71-6D6A-9E92-27C4-4B439C49E67C','2376F855-273E-8814-EFEC-2AFDB1654EBC');
INSERT INTO user_has_match(user_id, match_id) VALUES('CA448B71-6D6A-9E92-27C4-4B439C49E67C','22B0CA13-AE72-BA2B-9452-9D7A004A37EF');
INSERT INTO user_has_match(user_id, match_id) VALUES('CA448B71-6D6A-9E92-27C4-4B439C49E67C','A145454E-EEDB-31D1-2115-D93AA9F6C87E');
INSERT INTO user_has_match(user_id, match_id) VALUES('CA448B71-6D6A-9E92-27C4-4B439C49E67C','BB6DEEDA-6ACB-D77F-253D-79010DF1AA08');
INSERT INTO user_has_match(user_id, match_id) VALUES('CA448B71-6D6A-9E92-27C4-4B439C49E67C','8FCD6F17-4806-2696-6E87-53E6B67F767E');
INSERT INTO user_has_match(user_id, match_id) VALUES('CA448B71-6D6A-9E92-27C4-4B439C49E67C','7DAA7077-1751-6371-5C6B-D226A3A5D79C');
INSERT INTO user_has_match(user_id, match_id) VALUES('CA448B71-6D6A-9E92-27C4-4B439C49E67C','353C4C5A-C48E-27A2-C7C6-337895F9427A');
INSERT INTO user_has_match(user_id, match_id) VALUES('CA448B71-6D6A-9E92-27C4-4B439C49E67C','BBCAA949-A1F2-6F20-D625-50632BE870F9');
INSERT INTO user_has_match(user_id, match_id) VALUES('CA448B71-6D6A-9E92-27C4-4B439C49E67C','85D32BA8-2D9C-8E76-3128-7825A43C34E3');
INSERT INTO user_has_match(user_id, match_id) VALUES('CA448B71-6D6A-9E92-27C4-4B439C49E67C','08188BC8-CF40-1039-4549-9AEB6F9EAB8D');
INSERT INTO user_has_match(user_id, match_id) VALUES('11C757E0-845F-3678-C600-21759EE60046','5AC8CD36-1B33-F793-25D5-638FB273AD22');
INSERT INTO user_has_match(user_id, match_id) VALUES('11C757E0-845F-3678-C600-21759EE60046','41764A98-A260-D783-519F-D202ED3D387D');
INSERT INTO user_has_match(user_id, match_id) VALUES('11C757E0-845F-3678-C600-21759EE60046','68A32A2E-5B29-B990-193F-CC609241E528');
INSERT INTO user_has_match(user_id, match_id) VALUES('11C757E0-845F-3678-C600-21759EE60046','A755C9EF-10CD-874D-7689-CEAB4151DB35');
INSERT INTO user_has_match(user_id, match_id) VALUES('11C757E0-845F-3678-C600-21759EE60046','4F9808B9-DF74-A8D9-0B83-B80F61AFC561');
INSERT INTO user_has_match(user_id, match_id) VALUES('11C757E0-845F-3678-C600-21759EE60046','30D1C267-A22E-F8BA-6DFC-981737E05973');
INSERT INTO user_has_match(user_id, match_id) VALUES('5C12270B-DB3B-29A4-97E0-6C18EF59EE82','88C9BB41-BA61-AFB5-F0A6-39286D7B8C73');
INSERT INTO user_has_match(user_id, match_id) VALUES('5C12270B-DB3B-29A4-97E0-6C18EF59EE82','C2528B6B-F85F-ABB9-639A-CF4C4735BCAC');
INSERT INTO user_has_match(user_id, match_id) VALUES('5C12270B-DB3B-29A4-97E0-6C18EF59EE82','340A2128-3B92-2AEE-FDB8-A5DB6C7D4A65');
INSERT INTO user_has_match(user_id, match_id) VALUES('5C12270B-DB3B-29A4-97E0-6C18EF59EE82','BB6DEEDA-6ACB-D77F-253D-79010DF1AA08');
INSERT INTO user_has_match(user_id, match_id) VALUES('5C12270B-DB3B-29A4-97E0-6C18EF59EE82','A755C9EF-10CD-874D-7689-CEAB4151DB35');
INSERT INTO user_has_match(user_id, match_id) VALUES('5C12270B-DB3B-29A4-97E0-6C18EF59EE82','B3B2F513-6441-70DC-667B-B34A7ED843AE');
INSERT INTO user_has_match(user_id, match_id) VALUES('5C12270B-DB3B-29A4-97E0-6C18EF59EE82','1D243645-7389-EE02-F6A4-3E26A59D5EBA');
INSERT INTO user_has_match(user_id, match_id) VALUES('5C12270B-DB3B-29A4-97E0-6C18EF59EE82','8086E73E-72E0-B972-711F-64CEC9529616');
INSERT INTO user_has_match(user_id, match_id) VALUES('5C12270B-DB3B-29A4-97E0-6C18EF59EE82','4F9808B9-DF74-A8D9-0B83-B80F61AFC561');
INSERT INTO user_has_match(user_id, match_id) VALUES('5C12270B-DB3B-29A4-97E0-6C18EF59EE82','7DAA7077-1751-6371-5C6B-D226A3A5D79C');
INSERT INTO user_has_match(user_id, match_id) VALUES('5C12270B-DB3B-29A4-97E0-6C18EF59EE82','3D85A187-95A5-3CC6-9C57-717A532AE17F');
INSERT INTO user_has_match(user_id, match_id) VALUES('5C12270B-DB3B-29A4-97E0-6C18EF59EE82','E6773BB7-DCD6-C456-5E64-D12BBF2C0EA5');
INSERT INTO user_has_match(user_id, match_id) VALUES('5C12270B-DB3B-29A4-97E0-6C18EF59EE82','30D1C267-A22E-F8BA-6DFC-981737E05973');
INSERT INTO user_has_match(user_id, match_id) VALUES('5C12270B-DB3B-29A4-97E0-6C18EF59EE82','627999F3-4389-C13A-65BD-BE2BC982460E');
INSERT INTO user_has_match(user_id, match_id) VALUES('5C12270B-DB3B-29A4-97E0-6C18EF59EE82','A32E3FE5-16A4-5FD5-27E3-A7C7D3B83D66');
INSERT INTO user_has_match(user_id, match_id) VALUES('83DB2C63-2408-B298-63F8-4992861A9395','340A2128-3B92-2AEE-FDB8-A5DB6C7D4A65');
INSERT INTO user_has_match(user_id, match_id) VALUES('83DB2C63-2408-B298-63F8-4992861A9395','65FC6F5A-DA69-C5AF-D6AC-E00DD9D449A1');
INSERT INTO user_has_match(user_id, match_id) VALUES('83DB2C63-2408-B298-63F8-4992861A9395','41B6D10A-88A5-73E9-D827-0C67DBEC37ED');
INSERT INTO user_has_match(user_id, match_id) VALUES('83DB2C63-2408-B298-63F8-4992861A9395','D869C4DA-34CD-A380-263E-97263AF93A2C');
INSERT INTO user_has_match(user_id, match_id) VALUES('83DB2C63-2408-B298-63F8-4992861A9395','BB6DEEDA-6ACB-D77F-253D-79010DF1AA08');
INSERT INTO user_has_match(user_id, match_id) VALUES('83DB2C63-2408-B298-63F8-4992861A9395','3073ED2D-DFDC-3C94-FEB4-3AE6AAB36492');
INSERT INTO user_has_match(user_id, match_id) VALUES('7B39756B-59F8-FA75-7DB0-35F07A3D3A59','C2528B6B-F85F-ABB9-639A-CF4C4735BCAC');
INSERT INTO user_has_match(user_id, match_id) VALUES('7B39756B-59F8-FA75-7DB0-35F07A3D3A59','340A2128-3B92-2AEE-FDB8-A5DB6C7D4A65');
INSERT INTO user_has_match(user_id, match_id) VALUES('7B39756B-59F8-FA75-7DB0-35F07A3D3A59','FC4AE12B-D0D5-DD1E-D30E-00880F411C4C');
INSERT INTO user_has_match(user_id, match_id) VALUES('7B39756B-59F8-FA75-7DB0-35F07A3D3A59','3B3DD1C2-2468-C6BD-7C0D-839658FD91E4');
INSERT INTO user_has_match(user_id, match_id) VALUES('7B39756B-59F8-FA75-7DB0-35F07A3D3A59','D869C4DA-34CD-A380-263E-97263AF93A2C');
INSERT INTO user_has_match(user_id, match_id) VALUES('7B39756B-59F8-FA75-7DB0-35F07A3D3A59','A755C9EF-10CD-874D-7689-CEAB4151DB35');
INSERT INTO user_has_match(user_id, match_id) VALUES('7B39756B-59F8-FA75-7DB0-35F07A3D3A59','470C8517-7950-4873-E449-697F5C3E119C');
INSERT INTO user_has_match(user_id, match_id) VALUES('7B39756B-59F8-FA75-7DB0-35F07A3D3A59','FBA48738-1351-3C72-A511-D18269936BA0');
INSERT INTO user_has_match(user_id, match_id) VALUES('ACDCA258-1B7D-9AA5-1B7B-6C1472EC0CCC','88C9BB41-BA61-AFB5-F0A6-39286D7B8C73');
INSERT INTO user_has_match(user_id, match_id) VALUES('ACDCA258-1B7D-9AA5-1B7B-6C1472EC0CCC','C2528B6B-F85F-ABB9-639A-CF4C4735BCAC');
INSERT INTO user_has_match(user_id, match_id) VALUES('ACDCA258-1B7D-9AA5-1B7B-6C1472EC0CCC','0EA0AE36-454E-5847-8547-D3A19CA5E78F');
INSERT INTO user_has_match(user_id, match_id) VALUES('ACDCA258-1B7D-9AA5-1B7B-6C1472EC0CCC','B117C27A-25BE-794A-DB6C-26B022DCE9F8');
INSERT INTO user_has_match(user_id, match_id) VALUES('ACDCA258-1B7D-9AA5-1B7B-6C1472EC0CCC','FC4AE12B-D0D5-DD1E-D30E-00880F411C4C');
INSERT INTO user_has_match(user_id, match_id) VALUES('ACDCA258-1B7D-9AA5-1B7B-6C1472EC0CCC','41764A98-A260-D783-519F-D202ED3D387D');
INSERT INTO user_has_match(user_id, match_id) VALUES('ACDCA258-1B7D-9AA5-1B7B-6C1472EC0CCC','22B0CA13-AE72-BA2B-9452-9D7A004A37EF');
INSERT INTO user_has_match(user_id, match_id) VALUES('ACDCA258-1B7D-9AA5-1B7B-6C1472EC0CCC','65FC6F5A-DA69-C5AF-D6AC-E00DD9D449A1');
INSERT INTO user_has_match(user_id, match_id) VALUES('ACDCA258-1B7D-9AA5-1B7B-6C1472EC0CCC','D869C4DA-34CD-A380-263E-97263AF93A2C');
INSERT INTO user_has_match(user_id, match_id) VALUES('ACDCA258-1B7D-9AA5-1B7B-6C1472EC0CCC','BB6DEEDA-6ACB-D77F-253D-79010DF1AA08');
INSERT INTO user_has_match(user_id, match_id) VALUES('ACDCA258-1B7D-9AA5-1B7B-6C1472EC0CCC','3D85A187-95A5-3CC6-9C57-717A532AE17F');
INSERT INTO user_has_match(user_id, match_id) VALUES('ACDCA258-1B7D-9AA5-1B7B-6C1472EC0CCC','E6773BB7-DCD6-C456-5E64-D12BBF2C0EA5');
INSERT INTO user_has_match(user_id, match_id) VALUES('ACDCA258-1B7D-9AA5-1B7B-6C1472EC0CCC','FBA48738-1351-3C72-A511-D18269936BA0');
INSERT INTO user_has_match(user_id, match_id) VALUES('ACDCA258-1B7D-9AA5-1B7B-6C1472EC0CCC','479BEA82-68F5-4021-8BB0-F392D34638C4');
INSERT INTO user_has_match(user_id, match_id) VALUES('ACDCA258-1B7D-9AA5-1B7B-6C1472EC0CCC','85D32BA8-2D9C-8E76-3128-7825A43C34E3');
INSERT INTO user_has_match(user_id, match_id) VALUES('9B68BF9B-C17B-9763-708D-1668BE3BDB71','FC4AE12B-D0D5-DD1E-D30E-00880F411C4C');
INSERT INTO user_has_match(user_id, match_id) VALUES('9B68BF9B-C17B-9763-708D-1668BE3BDB71','869DA182-E156-9A17-28AC-5A3BA0506053');
INSERT INTO user_has_match(user_id, match_id) VALUES('9B68BF9B-C17B-9763-708D-1668BE3BDB71','B3B2F513-6441-70DC-667B-B34A7ED843AE');
INSERT INTO user_has_match(user_id, match_id) VALUES('9B68BF9B-C17B-9763-708D-1668BE3BDB71','3D85A187-95A5-3CC6-9C57-717A532AE17F');
INSERT INTO user_has_match(user_id, match_id) VALUES('9B68BF9B-C17B-9763-708D-1668BE3BDB71','34ACA953-B1B2-8D43-BAE1-620ACDD07F6B');
INSERT INTO user_has_match(user_id, match_id) VALUES('9B68BF9B-C17B-9763-708D-1668BE3BDB71','08188BC8-CF40-1039-4549-9AEB6F9EAB8D');
INSERT INTO user_has_match(user_id, match_id) VALUES('2EFCD39B-2C95-E7CE-7CD0-B8C33828F97B','22B0CA13-AE72-BA2B-9452-9D7A004A37EF');
INSERT INTO user_has_match(user_id, match_id) VALUES('2EFCD39B-2C95-E7CE-7CD0-B8C33828F97B','A755C9EF-10CD-874D-7689-CEAB4151DB35');
INSERT INTO user_has_match(user_id, match_id) VALUES('2EFCD39B-2C95-E7CE-7CD0-B8C33828F97B','8086E73E-72E0-B972-711F-64CEC9529616');
INSERT INTO user_has_match(user_id, match_id) VALUES('2EFCD39B-2C95-E7CE-7CD0-B8C33828F97B','2C583EDD-CA4C-E651-CFDA-2BD7F1CF96DA');
INSERT INTO user_has_match(user_id, match_id) VALUES('2EFCD39B-2C95-E7CE-7CD0-B8C33828F97B','3D85A187-95A5-3CC6-9C57-717A532AE17F');
INSERT INTO user_has_match(user_id, match_id) VALUES('2EFCD39B-2C95-E7CE-7CD0-B8C33828F97B','627999F3-4389-C13A-65BD-BE2BC982460E');
INSERT INTO user_has_match(user_id, match_id) VALUES('2EFCD39B-2C95-E7CE-7CD0-B8C33828F97B','470C8517-7950-4873-E449-697F5C3E119C');
INSERT INTO user_has_match(user_id, match_id) VALUES('2EFCD39B-2C95-E7CE-7CD0-B8C33828F97B','BBCAA949-A1F2-6F20-D625-50632BE870F9');
INSERT INTO user_has_match(user_id, match_id) VALUES('2EFCD39B-2C95-E7CE-7CD0-B8C33828F97B','677070B3-5848-E8A3-3205-A077FB8BB7AC');
INSERT INTO user_has_match(user_id, match_id) VALUES('88B0A16F-DEC6-BFF4-78A8-FF56836D1AF2','8FC8B7B1-7CB8-A6CE-DE94-58BB614F9694');
INSERT INTO user_has_match(user_id, match_id) VALUES('88B0A16F-DEC6-BFF4-78A8-FF56836D1AF2','A755C9EF-10CD-874D-7689-CEAB4151DB35');
INSERT INTO user_has_match(user_id, match_id) VALUES('88B0A16F-DEC6-BFF4-78A8-FF56836D1AF2','E6773BB7-DCD6-C456-5E64-D12BBF2C0EA5');
INSERT INTO user_has_match(user_id, match_id) VALUES('88B0A16F-DEC6-BFF4-78A8-FF56836D1AF2','FBA48738-1351-3C72-A511-D18269936BA0');
INSERT INTO user_has_match(user_id, match_id) VALUES('88B0A16F-DEC6-BFF4-78A8-FF56836D1AF2','677070B3-5848-E8A3-3205-A077FB8BB7AC');
INSERT INTO user_has_match(user_id, match_id) VALUES('11935803-75A8-DBB6-448C-FE46C2D92207','5AC8CD36-1B33-F793-25D5-638FB273AD22');
INSERT INTO user_has_match(user_id, match_id) VALUES('11935803-75A8-DBB6-448C-FE46C2D92207','869DA182-E156-9A17-28AC-5A3BA0506053');
INSERT INTO user_has_match(user_id, match_id) VALUES('11935803-75A8-DBB6-448C-FE46C2D92207','D869C4DA-34CD-A380-263E-97263AF93A2C');
INSERT INTO user_has_match(user_id, match_id) VALUES('11935803-75A8-DBB6-448C-FE46C2D92207','68A32A2E-5B29-B990-193F-CC609241E528');
INSERT INTO user_has_match(user_id, match_id) VALUES('11935803-75A8-DBB6-448C-FE46C2D92207','D75D7C30-C7E9-7614-7044-BE43D769DDAA');
INSERT INTO user_has_match(user_id, match_id) VALUES('11935803-75A8-DBB6-448C-FE46C2D92207','3D85A187-95A5-3CC6-9C57-717A532AE17F');
INSERT INTO user_has_match(user_id, match_id) VALUES('11935803-75A8-DBB6-448C-FE46C2D92207','470C8517-7950-4873-E449-697F5C3E119C');
INSERT INTO user_has_match(user_id, match_id) VALUES('11935803-75A8-DBB6-448C-FE46C2D92207','85D32BA8-2D9C-8E76-3128-7825A43C34E3');
INSERT INTO user_has_match(user_id, match_id) VALUES('E271CFD5-BF18-816B-F590-2C05477F4895','0E29D9F7-CE39-7DA6-D5BD-63CCB8B3864F');
INSERT INTO user_has_match(user_id, match_id) VALUES('E271CFD5-BF18-816B-F590-2C05477F4895','D869C4DA-34CD-A380-263E-97263AF93A2C');
INSERT INTO user_has_match(user_id, match_id) VALUES('E271CFD5-BF18-816B-F590-2C05477F4895','BB6DEEDA-6ACB-D77F-253D-79010DF1AA08');
INSERT INTO user_has_match(user_id, match_id) VALUES('E271CFD5-BF18-816B-F590-2C05477F4895','8FCD6F17-4806-2696-6E87-53E6B67F767E');
INSERT INTO user_has_match(user_id, match_id) VALUES('E271CFD5-BF18-816B-F590-2C05477F4895','17098E33-533B-D7D1-D850-58637128FC72');
INSERT INTO user_has_match(user_id, match_id) VALUES('E271CFD5-BF18-816B-F590-2C05477F4895','7DAA7077-1751-6371-5C6B-D226A3A5D79C');
INSERT INTO user_has_match(user_id, match_id) VALUES('E0F3D500-45FA-B20E-200A-B840952AC9E1','340A2128-3B92-2AEE-FDB8-A5DB6C7D4A65');
INSERT INTO user_has_match(user_id, match_id) VALUES('E0F3D500-45FA-B20E-200A-B840952AC9E1','B117C27A-25BE-794A-DB6C-26B022DCE9F8');
INSERT INTO user_has_match(user_id, match_id) VALUES('E0F3D500-45FA-B20E-200A-B840952AC9E1','5AC8CD36-1B33-F793-25D5-638FB273AD22');
INSERT INTO user_has_match(user_id, match_id) VALUES('E0F3D500-45FA-B20E-200A-B840952AC9E1','3B3DD1C2-2468-C6BD-7C0D-839658FD91E4');
INSERT INTO user_has_match(user_id, match_id) VALUES('E0F3D500-45FA-B20E-200A-B840952AC9E1','8FC8B7B1-7CB8-A6CE-DE94-58BB614F9694');
INSERT INTO user_has_match(user_id, match_id) VALUES('E0F3D500-45FA-B20E-200A-B840952AC9E1','D869C4DA-34CD-A380-263E-97263AF93A2C');
INSERT INTO user_has_match(user_id, match_id) VALUES('E0F3D500-45FA-B20E-200A-B840952AC9E1','D75D7C30-C7E9-7614-7044-BE43D769DDAA');
INSERT INTO user_has_match(user_id, match_id) VALUES('E0F3D500-45FA-B20E-200A-B840952AC9E1','8086E73E-72E0-B972-711F-64CEC9529616');
INSERT INTO user_has_match(user_id, match_id) VALUES('E0F3D500-45FA-B20E-200A-B840952AC9E1','8FCD6F17-4806-2696-6E87-53E6B67F767E');
INSERT INTO user_has_match(user_id, match_id) VALUES('E0F3D500-45FA-B20E-200A-B840952AC9E1','6E9E79A6-9819-D429-D7EB-83FD63E90156');
INSERT INTO user_has_match(user_id, match_id) VALUES('E0F3D500-45FA-B20E-200A-B840952AC9E1','2C583EDD-CA4C-E651-CFDA-2BD7F1CF96DA');
INSERT INTO user_has_match(user_id, match_id) VALUES('E0F3D500-45FA-B20E-200A-B840952AC9E1','627999F3-4389-C13A-65BD-BE2BC982460E');
INSERT INTO user_has_match(user_id, match_id) VALUES('E0F3D500-45FA-B20E-200A-B840952AC9E1','BBCAA949-A1F2-6F20-D625-50632BE870F9');
INSERT INTO user_has_match(user_id, match_id) VALUES('E0F3D500-45FA-B20E-200A-B840952AC9E1','08188BC8-CF40-1039-4549-9AEB6F9EAB8D');
INSERT INTO user_has_match(user_id, match_id) VALUES('E0F3D500-45FA-B20E-200A-B840952AC9E1','FF8AEC9A-99D5-E92A-36C5-E739AC170D50');
INSERT INTO user_has_match(user_id, match_id) VALUES('DF469050-3474-773C-0CC5-8B8477DEC454','88C9BB41-BA61-AFB5-F0A6-39286D7B8C73');
INSERT INTO user_has_match(user_id, match_id) VALUES('DF469050-3474-773C-0CC5-8B8477DEC454','869DA182-E156-9A17-28AC-5A3BA0506053');
INSERT INTO user_has_match(user_id, match_id) VALUES('DF469050-3474-773C-0CC5-8B8477DEC454','8FC8B7B1-7CB8-A6CE-DE94-58BB614F9694');
INSERT INTO user_has_match(user_id, match_id) VALUES('DF469050-3474-773C-0CC5-8B8477DEC454','68A32A2E-5B29-B990-193F-CC609241E528');
INSERT INTO user_has_match(user_id, match_id) VALUES('DF469050-3474-773C-0CC5-8B8477DEC454','D75D7C30-C7E9-7614-7044-BE43D769DDAA');
INSERT INTO user_has_match(user_id, match_id) VALUES('DF469050-3474-773C-0CC5-8B8477DEC454','17098E33-533B-D7D1-D850-58637128FC72');
INSERT INTO user_has_match(user_id, match_id) VALUES('DF469050-3474-773C-0CC5-8B8477DEC454','2C583EDD-CA4C-E651-CFDA-2BD7F1CF96DA');
INSERT INTO user_has_match(user_id, match_id) VALUES('DF469050-3474-773C-0CC5-8B8477DEC454','353C4C5A-C48E-27A2-C7C6-337895F9427A');
INSERT INTO user_has_match(user_id, match_id) VALUES('DF469050-3474-773C-0CC5-8B8477DEC454','E6773BB7-DCD6-C456-5E64-D12BBF2C0EA5');
INSERT INTO user_has_match(user_id, match_id) VALUES('DF469050-3474-773C-0CC5-8B8477DEC454','470C8517-7950-4873-E449-697F5C3E119C');
INSERT INTO user_has_match(user_id, match_id) VALUES('2F78F12D-392E-E282-FBD8-8EDC45358075','C2528B6B-F85F-ABB9-639A-CF4C4735BCAC');
INSERT INTO user_has_match(user_id, match_id) VALUES('2F78F12D-392E-E282-FBD8-8EDC45358075','B117C27A-25BE-794A-DB6C-26B022DCE9F8');
INSERT INTO user_has_match(user_id, match_id) VALUES('2F78F12D-392E-E282-FBD8-8EDC45358075','3B3DD1C2-2468-C6BD-7C0D-839658FD91E4');
INSERT INTO user_has_match(user_id, match_id) VALUES('2F78F12D-392E-E282-FBD8-8EDC45358075','2376F855-273E-8814-EFEC-2AFDB1654EBC');
INSERT INTO user_has_match(user_id, match_id) VALUES('2F78F12D-392E-E282-FBD8-8EDC45358075','A145454E-EEDB-31D1-2115-D93AA9F6C87E');
INSERT INTO user_has_match(user_id, match_id) VALUES('2F78F12D-392E-E282-FBD8-8EDC45358075','41B6D10A-88A5-73E9-D827-0C67DBEC37ED');
INSERT INTO user_has_match(user_id, match_id) VALUES('2F78F12D-392E-E282-FBD8-8EDC45358075','BB6DEEDA-6ACB-D77F-253D-79010DF1AA08');
INSERT INTO user_has_match(user_id, match_id) VALUES('2F78F12D-392E-E282-FBD8-8EDC45358075','A755C9EF-10CD-874D-7689-CEAB4151DB35');
INSERT INTO user_has_match(user_id, match_id) VALUES('2F78F12D-392E-E282-FBD8-8EDC45358075','D75D7C30-C7E9-7614-7044-BE43D769DDAA');
INSERT INTO user_has_match(user_id, match_id) VALUES('2F78F12D-392E-E282-FBD8-8EDC45358075','1D243645-7389-EE02-F6A4-3E26A59D5EBA');
INSERT INTO user_has_match(user_id, match_id) VALUES('2F78F12D-392E-E282-FBD8-8EDC45358075','17098E33-533B-D7D1-D850-58637128FC72');
INSERT INTO user_has_match(user_id, match_id) VALUES('2F78F12D-392E-E282-FBD8-8EDC45358075','627999F3-4389-C13A-65BD-BE2BC982460E');
INSERT INTO user_has_match(user_id, match_id) VALUES('2F78F12D-392E-E282-FBD8-8EDC45358075','A32E3FE5-16A4-5FD5-27E3-A7C7D3B83D66');
INSERT INTO user_has_match(user_id, match_id) VALUES('2F78F12D-392E-E282-FBD8-8EDC45358075','470C8517-7950-4873-E449-697F5C3E119C');
INSERT INTO user_has_match(user_id, match_id) VALUES('2F78F12D-392E-E282-FBD8-8EDC45358075','FF8AEC9A-99D5-E92A-36C5-E739AC170D50');
INSERT INTO user_has_match(user_id, match_id) VALUES('820D6FB4-E970-9C37-92A1-EF5525BA4C69','88C9BB41-BA61-AFB5-F0A6-39286D7B8C73');
INSERT INTO user_has_match(user_id, match_id) VALUES('820D6FB4-E970-9C37-92A1-EF5525BA4C69','C2528B6B-F85F-ABB9-639A-CF4C4735BCAC');
INSERT INTO user_has_match(user_id, match_id) VALUES('820D6FB4-E970-9C37-92A1-EF5525BA4C69','B117C27A-25BE-794A-DB6C-26B022DCE9F8');
INSERT INTO user_has_match(user_id, match_id) VALUES('820D6FB4-E970-9C37-92A1-EF5525BA4C69','FC4AE12B-D0D5-DD1E-D30E-00880F411C4C');
INSERT INTO user_has_match(user_id, match_id) VALUES('820D6FB4-E970-9C37-92A1-EF5525BA4C69','77D84217-D5AB-7AC3-C504-6F25C2D2C028');
INSERT INTO user_has_match(user_id, match_id) VALUES('820D6FB4-E970-9C37-92A1-EF5525BA4C69','B3B2F513-6441-70DC-667B-B34A7ED843AE');
INSERT INTO user_has_match(user_id, match_id) VALUES('820D6FB4-E970-9C37-92A1-EF5525BA4C69','7DAA7077-1751-6371-5C6B-D226A3A5D79C');
INSERT INTO user_has_match(user_id, match_id) VALUES('820D6FB4-E970-9C37-92A1-EF5525BA4C69','E6773BB7-DCD6-C456-5E64-D12BBF2C0EA5');
INSERT INTO user_has_match(user_id, match_id) VALUES('820D6FB4-E970-9C37-92A1-EF5525BA4C69','30D1C267-A22E-F8BA-6DFC-981737E05973');
INSERT INTO user_has_match(user_id, match_id) VALUES('820D6FB4-E970-9C37-92A1-EF5525BA4C69','479BEA82-68F5-4021-8BB0-F392D34638C4');
INSERT INTO user_has_match(user_id, match_id) VALUES('820D6FB4-E970-9C37-92A1-EF5525BA4C69','BBCAA949-A1F2-6F20-D625-50632BE870F9');
INSERT INTO user_has_match(user_id, match_id) VALUES('820D6FB4-E970-9C37-92A1-EF5525BA4C69','677070B3-5848-E8A3-3205-A077FB8BB7AC');
INSERT INTO user_has_match(user_id, match_id) VALUES('585C0703-BBFC-FCD7-97C9-03846622DC1D','0EA0AE36-454E-5847-8547-D3A19CA5E78F');
INSERT INTO user_has_match(user_id, match_id) VALUES('585C0703-BBFC-FCD7-97C9-03846622DC1D','B117C27A-25BE-794A-DB6C-26B022DCE9F8');
INSERT INTO user_has_match(user_id, match_id) VALUES('585C0703-BBFC-FCD7-97C9-03846622DC1D','65FC6F5A-DA69-C5AF-D6AC-E00DD9D449A1');
INSERT INTO user_has_match(user_id, match_id) VALUES('585C0703-BBFC-FCD7-97C9-03846622DC1D','B3B2F513-6441-70DC-667B-B34A7ED843AE');
INSERT INTO user_has_match(user_id, match_id) VALUES('585C0703-BBFC-FCD7-97C9-03846622DC1D','7DAA7077-1751-6371-5C6B-D226A3A5D79C');
INSERT INTO user_has_match(user_id, match_id) VALUES('585C0703-BBFC-FCD7-97C9-03846622DC1D','34ACA953-B1B2-8D43-BAE1-620ACDD07F6B');
INSERT INTO user_has_match(user_id, match_id) VALUES('585C0703-BBFC-FCD7-97C9-03846622DC1D','08188BC8-CF40-1039-4549-9AEB6F9EAB8D');
INSERT INTO user_has_match(user_id, match_id) VALUES('EC436334-CD65-71DA-6E77-F3D58107986C','0EA0AE36-454E-5847-8547-D3A19CA5E78F');
INSERT INTO user_has_match(user_id, match_id) VALUES('EC436334-CD65-71DA-6E77-F3D58107986C','5AC8CD36-1B33-F793-25D5-638FB273AD22');
INSERT INTO user_has_match(user_id, match_id) VALUES('EC436334-CD65-71DA-6E77-F3D58107986C','65FC6F5A-DA69-C5AF-D6AC-E00DD9D449A1');
INSERT INTO user_has_match(user_id, match_id) VALUES('EC436334-CD65-71DA-6E77-F3D58107986C','D75D7C30-C7E9-7614-7044-BE43D769DDAA');
INSERT INTO user_has_match(user_id, match_id) VALUES('EC436334-CD65-71DA-6E77-F3D58107986C','17098E33-533B-D7D1-D850-58637128FC72');
INSERT INTO user_has_match(user_id, match_id) VALUES('EC436334-CD65-71DA-6E77-F3D58107986C','2C583EDD-CA4C-E651-CFDA-2BD7F1CF96DA');
INSERT INTO user_has_match(user_id, match_id) VALUES('EC436334-CD65-71DA-6E77-F3D58107986C','3073ED2D-DFDC-3C94-FEB4-3AE6AAB36492');
INSERT INTO user_has_match(user_id, match_id) VALUES('EC436334-CD65-71DA-6E77-F3D58107986C','627999F3-4389-C13A-65BD-BE2BC982460E');
INSERT INTO user_has_match(user_id, match_id) VALUES('EC436334-CD65-71DA-6E77-F3D58107986C','A32E3FE5-16A4-5FD5-27E3-A7C7D3B83D66');
INSERT INTO user_has_match(user_id, match_id) VALUES('EC436334-CD65-71DA-6E77-F3D58107986C','BBCAA949-A1F2-6F20-D625-50632BE870F9');
INSERT INTO user_has_match(user_id, match_id) VALUES('EC436334-CD65-71DA-6E77-F3D58107986C','34ACA953-B1B2-8D43-BAE1-620ACDD07F6B');
INSERT INTO user_has_match(user_id, match_id) VALUES('EC436334-CD65-71DA-6E77-F3D58107986C','85D32BA8-2D9C-8E76-3128-7825A43C34E3');
INSERT INTO user_has_match(user_id, match_id) VALUES('EC436334-CD65-71DA-6E77-F3D58107986C','FF8AEC9A-99D5-E92A-36C5-E739AC170D50');
INSERT INTO user_has_match(user_id, match_id) VALUES('AB3019DB-DE8E-8015-8FFB-5E804BA724F3','340A2128-3B92-2AEE-FDB8-A5DB6C7D4A65');
INSERT INTO user_has_match(user_id, match_id) VALUES('AB3019DB-DE8E-8015-8FFB-5E804BA724F3','FC4AE12B-D0D5-DD1E-D30E-00880F411C4C');
INSERT INTO user_has_match(user_id, match_id) VALUES('AB3019DB-DE8E-8015-8FFB-5E804BA724F3','41764A98-A260-D783-519F-D202ED3D387D');
INSERT INTO user_has_match(user_id, match_id) VALUES('AB3019DB-DE8E-8015-8FFB-5E804BA724F3','22B0CA13-AE72-BA2B-9452-9D7A004A37EF');
INSERT INTO user_has_match(user_id, match_id) VALUES('AB3019DB-DE8E-8015-8FFB-5E804BA724F3','869DA182-E156-9A17-28AC-5A3BA0506053');
INSERT INTO user_has_match(user_id, match_id) VALUES('AB3019DB-DE8E-8015-8FFB-5E804BA724F3','65FC6F5A-DA69-C5AF-D6AC-E00DD9D449A1');
INSERT INTO user_has_match(user_id, match_id) VALUES('AB3019DB-DE8E-8015-8FFB-5E804BA724F3','77D84217-D5AB-7AC3-C504-6F25C2D2C028');
INSERT INTO user_has_match(user_id, match_id) VALUES('AB3019DB-DE8E-8015-8FFB-5E804BA724F3','D869C4DA-34CD-A380-263E-97263AF93A2C');
INSERT INTO user_has_match(user_id, match_id) VALUES('AB3019DB-DE8E-8015-8FFB-5E804BA724F3','BB6DEEDA-6ACB-D77F-253D-79010DF1AA08');
INSERT INTO user_has_match(user_id, match_id) VALUES('AB3019DB-DE8E-8015-8FFB-5E804BA724F3','B3B2F513-6441-70DC-667B-B34A7ED843AE');
INSERT INTO user_has_match(user_id, match_id) VALUES('AB3019DB-DE8E-8015-8FFB-5E804BA724F3','2C583EDD-CA4C-E651-CFDA-2BD7F1CF96DA');
INSERT INTO user_has_match(user_id, match_id) VALUES('AB3019DB-DE8E-8015-8FFB-5E804BA724F3','353C4C5A-C48E-27A2-C7C6-337895F9427A');
INSERT INTO user_has_match(user_id, match_id) VALUES('AB3019DB-DE8E-8015-8FFB-5E804BA724F3','3D85A187-95A5-3CC6-9C57-717A532AE17F');
INSERT INTO user_has_match(user_id, match_id) VALUES('AB3019DB-DE8E-8015-8FFB-5E804BA724F3','3073ED2D-DFDC-3C94-FEB4-3AE6AAB36492');
INSERT INTO user_has_match(user_id, match_id) VALUES('AB3019DB-DE8E-8015-8FFB-5E804BA724F3','85D32BA8-2D9C-8E76-3128-7825A43C34E3');
INSERT INTO user_has_match(user_id, match_id) VALUES('4901C588-8FC8-4A5F-6E62-CBF4EE1E11CA','C2528B6B-F85F-ABB9-639A-CF4C4735BCAC');
INSERT INTO user_has_match(user_id, match_id) VALUES('4901C588-8FC8-4A5F-6E62-CBF4EE1E11CA','A145454E-EEDB-31D1-2115-D93AA9F6C87E');
INSERT INTO user_has_match(user_id, match_id) VALUES('4901C588-8FC8-4A5F-6E62-CBF4EE1E11CA','8FC8B7B1-7CB8-A6CE-DE94-58BB614F9694');
INSERT INTO user_has_match(user_id, match_id) VALUES('4901C588-8FC8-4A5F-6E62-CBF4EE1E11CA','68A32A2E-5B29-B990-193F-CC609241E528');
INSERT INTO user_has_match(user_id, match_id) VALUES('4901C588-8FC8-4A5F-6E62-CBF4EE1E11CA','6E9E79A6-9819-D429-D7EB-83FD63E90156');
INSERT INTO user_has_match(user_id, match_id) VALUES('4901C588-8FC8-4A5F-6E62-CBF4EE1E11CA','2C583EDD-CA4C-E651-CFDA-2BD7F1CF96DA');
INSERT INTO user_has_match(user_id, match_id) VALUES('4901C588-8FC8-4A5F-6E62-CBF4EE1E11CA','353C4C5A-C48E-27A2-C7C6-337895F9427A');
INSERT INTO user_has_match(user_id, match_id) VALUES('4901C588-8FC8-4A5F-6E62-CBF4EE1E11CA','E6773BB7-DCD6-C456-5E64-D12BBF2C0EA5');
INSERT INTO user_has_match(user_id, match_id) VALUES('4901C588-8FC8-4A5F-6E62-CBF4EE1E11CA','30D1C267-A22E-F8BA-6DFC-981737E05973');
INSERT INTO user_has_match(user_id, match_id) VALUES('07714E18-8BFC-B7F4-E6AE-CD87616372D2','0EA0AE36-454E-5847-8547-D3A19CA5E78F');
INSERT INTO user_has_match(user_id, match_id) VALUES('07714E18-8BFC-B7F4-E6AE-CD87616372D2','340A2128-3B92-2AEE-FDB8-A5DB6C7D4A65');
INSERT INTO user_has_match(user_id, match_id) VALUES('07714E18-8BFC-B7F4-E6AE-CD87616372D2','FC4AE12B-D0D5-DD1E-D30E-00880F411C4C');
INSERT INTO user_has_match(user_id, match_id) VALUES('07714E18-8BFC-B7F4-E6AE-CD87616372D2','3B3DD1C2-2468-C6BD-7C0D-839658FD91E4');
INSERT INTO user_has_match(user_id, match_id) VALUES('07714E18-8BFC-B7F4-E6AE-CD87616372D2','A145454E-EEDB-31D1-2115-D93AA9F6C87E');
INSERT INTO user_has_match(user_id, match_id) VALUES('07714E18-8BFC-B7F4-E6AE-CD87616372D2','8FC8B7B1-7CB8-A6CE-DE94-58BB614F9694');
INSERT INTO user_has_match(user_id, match_id) VALUES('07714E18-8BFC-B7F4-E6AE-CD87616372D2','41B6D10A-88A5-73E9-D827-0C67DBEC37ED');
INSERT INTO user_has_match(user_id, match_id) VALUES('07714E18-8BFC-B7F4-E6AE-CD87616372D2','D75D7C30-C7E9-7614-7044-BE43D769DDAA');
INSERT INTO user_has_match(user_id, match_id) VALUES('07714E18-8BFC-B7F4-E6AE-CD87616372D2','B3B2F513-6441-70DC-667B-B34A7ED843AE');
INSERT INTO user_has_match(user_id, match_id) VALUES('07714E18-8BFC-B7F4-E6AE-CD87616372D2','30D1C267-A22E-F8BA-6DFC-981737E05973');
INSERT INTO user_has_match(user_id, match_id) VALUES('07714E18-8BFC-B7F4-E6AE-CD87616372D2','FF8AEC9A-99D5-E92A-36C5-E739AC170D50');
INSERT INTO user_has_match(user_id, match_id) VALUES('07714E18-8BFC-B7F4-E6AE-CD87616372D2','677070B3-5848-E8A3-3205-A077FB8BB7AC');
INSERT INTO user_has_match(user_id, match_id) VALUES('BA6BC6B1-13D9-DFB7-2866-5D75C9F7A370','340A2128-3B92-2AEE-FDB8-A5DB6C7D4A65');
INSERT INTO user_has_match(user_id, match_id) VALUES('BA6BC6B1-13D9-DFB7-2866-5D75C9F7A370','41764A98-A260-D783-519F-D202ED3D387D');
INSERT INTO user_has_match(user_id, match_id) VALUES('BA6BC6B1-13D9-DFB7-2866-5D75C9F7A370','3B3DD1C2-2468-C6BD-7C0D-839658FD91E4');
INSERT INTO user_has_match(user_id, match_id) VALUES('BA6BC6B1-13D9-DFB7-2866-5D75C9F7A370','2376F855-273E-8814-EFEC-2AFDB1654EBC');
INSERT INTO user_has_match(user_id, match_id) VALUES('BA6BC6B1-13D9-DFB7-2866-5D75C9F7A370','41B6D10A-88A5-73E9-D827-0C67DBEC37ED');
INSERT INTO user_has_match(user_id, match_id) VALUES('BA6BC6B1-13D9-DFB7-2866-5D75C9F7A370','B3B2F513-6441-70DC-667B-B34A7ED843AE');
INSERT INTO user_has_match(user_id, match_id) VALUES('BA6BC6B1-13D9-DFB7-2866-5D75C9F7A370','4F9808B9-DF74-A8D9-0B83-B80F61AFC561');
INSERT INTO user_has_match(user_id, match_id) VALUES('BA6BC6B1-13D9-DFB7-2866-5D75C9F7A370','17098E33-533B-D7D1-D850-58637128FC72');
INSERT INTO user_has_match(user_id, match_id) VALUES('BA6BC6B1-13D9-DFB7-2866-5D75C9F7A370','7DAA7077-1751-6371-5C6B-D226A3A5D79C');
INSERT INTO user_has_match(user_id, match_id) VALUES('BA6BC6B1-13D9-DFB7-2866-5D75C9F7A370','30D1C267-A22E-F8BA-6DFC-981737E05973');
INSERT INTO user_has_match(user_id, match_id) VALUES('BA6BC6B1-13D9-DFB7-2866-5D75C9F7A370','A32E3FE5-16A4-5FD5-27E3-A7C7D3B83D66');
INSERT INTO user_has_match(user_id, match_id) VALUES('BA6BC6B1-13D9-DFB7-2866-5D75C9F7A370','BBCAA949-A1F2-6F20-D625-50632BE870F9');
INSERT INTO user_has_match(user_id, match_id) VALUES('BA6BC6B1-13D9-DFB7-2866-5D75C9F7A370','34ACA953-B1B2-8D43-BAE1-620ACDD07F6B');
INSERT INTO user_has_match(user_id, match_id) VALUES('BA6BC6B1-13D9-DFB7-2866-5D75C9F7A370','85D32BA8-2D9C-8E76-3128-7825A43C34E3');
INSERT INTO user_has_match(user_id, match_id) VALUES('D139564C-7CCC-71D9-4F4A-12F9757CC493','0EA0AE36-454E-5847-8547-D3A19CA5E78F');
INSERT INTO user_has_match(user_id, match_id) VALUES('D139564C-7CCC-71D9-4F4A-12F9757CC493','3B3DD1C2-2468-C6BD-7C0D-839658FD91E4');
INSERT INTO user_has_match(user_id, match_id) VALUES('D139564C-7CCC-71D9-4F4A-12F9757CC493','A145454E-EEDB-31D1-2115-D93AA9F6C87E');
INSERT INTO user_has_match(user_id, match_id) VALUES('D139564C-7CCC-71D9-4F4A-12F9757CC493','65FC6F5A-DA69-C5AF-D6AC-E00DD9D449A1');
INSERT INTO user_has_match(user_id, match_id) VALUES('D139564C-7CCC-71D9-4F4A-12F9757CC493','17098E33-533B-D7D1-D850-58637128FC72');
INSERT INTO user_has_match(user_id, match_id) VALUES('D139564C-7CCC-71D9-4F4A-12F9757CC493','6E9E79A6-9819-D429-D7EB-83FD63E90156');
INSERT INTO user_has_match(user_id, match_id) VALUES('50EEFCEA-5E75-B95A-EBAC-129489ABEC3E','88C9BB41-BA61-AFB5-F0A6-39286D7B8C73');
INSERT INTO user_has_match(user_id, match_id) VALUES('50EEFCEA-5E75-B95A-EBAC-129489ABEC3E','0EA0AE36-454E-5847-8547-D3A19CA5E78F');
INSERT INTO user_has_match(user_id, match_id) VALUES('50EEFCEA-5E75-B95A-EBAC-129489ABEC3E','5AC8CD36-1B33-F793-25D5-638FB273AD22');
INSERT INTO user_has_match(user_id, match_id) VALUES('50EEFCEA-5E75-B95A-EBAC-129489ABEC3E','3B3DD1C2-2468-C6BD-7C0D-839658FD91E4');
INSERT INTO user_has_match(user_id, match_id) VALUES('50EEFCEA-5E75-B95A-EBAC-129489ABEC3E','22B0CA13-AE72-BA2B-9452-9D7A004A37EF');
INSERT INTO user_has_match(user_id, match_id) VALUES('50EEFCEA-5E75-B95A-EBAC-129489ABEC3E','65FC6F5A-DA69-C5AF-D6AC-E00DD9D449A1');
INSERT INTO user_has_match(user_id, match_id) VALUES('50EEFCEA-5E75-B95A-EBAC-129489ABEC3E','BB6DEEDA-6ACB-D77F-253D-79010DF1AA08');
INSERT INTO user_has_match(user_id, match_id) VALUES('50EEFCEA-5E75-B95A-EBAC-129489ABEC3E','B3B2F513-6441-70DC-667B-B34A7ED843AE');
INSERT INTO user_has_match(user_id, match_id) VALUES('50EEFCEA-5E75-B95A-EBAC-129489ABEC3E','4F9808B9-DF74-A8D9-0B83-B80F61AFC561');
INSERT INTO user_has_match(user_id, match_id) VALUES('50EEFCEA-5E75-B95A-EBAC-129489ABEC3E','7DAA7077-1751-6371-5C6B-D226A3A5D79C');
INSERT INTO user_has_match(user_id, match_id) VALUES('50EEFCEA-5E75-B95A-EBAC-129489ABEC3E','353C4C5A-C48E-27A2-C7C6-337895F9427A');
INSERT INTO user_has_match(user_id, match_id) VALUES('50EEFCEA-5E75-B95A-EBAC-129489ABEC3E','3D85A187-95A5-3CC6-9C57-717A532AE17F');
INSERT INTO user_has_match(user_id, match_id) VALUES('50EEFCEA-5E75-B95A-EBAC-129489ABEC3E','627999F3-4389-C13A-65BD-BE2BC982460E');
INSERT INTO user_has_match(user_id, match_id) VALUES('50EEFCEA-5E75-B95A-EBAC-129489ABEC3E','BBCAA949-A1F2-6F20-D625-50632BE870F9');
INSERT INTO user_has_match(user_id, match_id) VALUES('50EEFCEA-5E75-B95A-EBAC-129489ABEC3E','677070B3-5848-E8A3-3205-A077FB8BB7AC');
INSERT INTO user_has_match(user_id, match_id) VALUES('0390833E-70F0-2B10-EEFE-6C1307D18C5D','C2528B6B-F85F-ABB9-639A-CF4C4735BCAC');
INSERT INTO user_has_match(user_id, match_id) VALUES('0390833E-70F0-2B10-EEFE-6C1307D18C5D','0EA0AE36-454E-5847-8547-D3A19CA5E78F');
INSERT INTO user_has_match(user_id, match_id) VALUES('0390833E-70F0-2B10-EEFE-6C1307D18C5D','3B3DD1C2-2468-C6BD-7C0D-839658FD91E4');
INSERT INTO user_has_match(user_id, match_id) VALUES('0390833E-70F0-2B10-EEFE-6C1307D18C5D','869DA182-E156-9A17-28AC-5A3BA0506053');
INSERT INTO user_has_match(user_id, match_id) VALUES('0390833E-70F0-2B10-EEFE-6C1307D18C5D','77D84217-D5AB-7AC3-C504-6F25C2D2C028');
INSERT INTO user_has_match(user_id, match_id) VALUES('0390833E-70F0-2B10-EEFE-6C1307D18C5D','0E29D9F7-CE39-7DA6-D5BD-63CCB8B3864F');
INSERT INTO user_has_match(user_id, match_id) VALUES('0390833E-70F0-2B10-EEFE-6C1307D18C5D','68A32A2E-5B29-B990-193F-CC609241E528');
INSERT INTO user_has_match(user_id, match_id) VALUES('0390833E-70F0-2B10-EEFE-6C1307D18C5D','B3B2F513-6441-70DC-667B-B34A7ED843AE');
INSERT INTO user_has_match(user_id, match_id) VALUES('0390833E-70F0-2B10-EEFE-6C1307D18C5D','6E9E79A6-9819-D429-D7EB-83FD63E90156');
INSERT INTO user_has_match(user_id, match_id) VALUES('0390833E-70F0-2B10-EEFE-6C1307D18C5D','30D1C267-A22E-F8BA-6DFC-981737E05973');
INSERT INTO user_has_match(user_id, match_id) VALUES('0390833E-70F0-2B10-EEFE-6C1307D18C5D','3073ED2D-DFDC-3C94-FEB4-3AE6AAB36492');
INSERT INTO user_has_match(user_id, match_id) VALUES('0390833E-70F0-2B10-EEFE-6C1307D18C5D','470C8517-7950-4873-E449-697F5C3E119C');
INSERT INTO user_has_match(user_id, match_id) VALUES('0390833E-70F0-2B10-EEFE-6C1307D18C5D','FBA48738-1351-3C72-A511-D18269936BA0');
INSERT INTO user_has_match(user_id, match_id) VALUES('69E2F5E1-3F15-40FF-CE65-9038D04C595E','0EA0AE36-454E-5847-8547-D3A19CA5E78F');
INSERT INTO user_has_match(user_id, match_id) VALUES('69E2F5E1-3F15-40FF-CE65-9038D04C595E','B117C27A-25BE-794A-DB6C-26B022DCE9F8');
INSERT INTO user_has_match(user_id, match_id) VALUES('69E2F5E1-3F15-40FF-CE65-9038D04C595E','5AC8CD36-1B33-F793-25D5-638FB273AD22');
INSERT INTO user_has_match(user_id, match_id) VALUES('69E2F5E1-3F15-40FF-CE65-9038D04C595E','3B3DD1C2-2468-C6BD-7C0D-839658FD91E4');
INSERT INTO user_has_match(user_id, match_id) VALUES('69E2F5E1-3F15-40FF-CE65-9038D04C595E','65FC6F5A-DA69-C5AF-D6AC-E00DD9D449A1');
INSERT INTO user_has_match(user_id, match_id) VALUES('69E2F5E1-3F15-40FF-CE65-9038D04C595E','77D84217-D5AB-7AC3-C504-6F25C2D2C028');
INSERT INTO user_has_match(user_id, match_id) VALUES('69E2F5E1-3F15-40FF-CE65-9038D04C595E','41B6D10A-88A5-73E9-D827-0C67DBEC37ED');
INSERT INTO user_has_match(user_id, match_id) VALUES('69E2F5E1-3F15-40FF-CE65-9038D04C595E','1D243645-7389-EE02-F6A4-3E26A59D5EBA');
INSERT INTO user_has_match(user_id, match_id) VALUES('69E2F5E1-3F15-40FF-CE65-9038D04C595E','A32E3FE5-16A4-5FD5-27E3-A7C7D3B83D66');
INSERT INTO user_has_match(user_id, match_id) VALUES('69E2F5E1-3F15-40FF-CE65-9038D04C595E','34ACA953-B1B2-8D43-BAE1-620ACDD07F6B');
INSERT INTO user_has_match(user_id, match_id) VALUES('69E2F5E1-3F15-40FF-CE65-9038D04C595E','FF8AEC9A-99D5-E92A-36C5-E739AC170D50');
INSERT INTO user_has_match(user_id, match_id) VALUES('AAC5206E-0D7A-EE6C-F725-97DC92093EA3','869DA182-E156-9A17-28AC-5A3BA0506053');
INSERT INTO user_has_match(user_id, match_id) VALUES('AAC5206E-0D7A-EE6C-F725-97DC92093EA3','A145454E-EEDB-31D1-2115-D93AA9F6C87E');
INSERT INTO user_has_match(user_id, match_id) VALUES('AAC5206E-0D7A-EE6C-F725-97DC92093EA3','8FC8B7B1-7CB8-A6CE-DE94-58BB614F9694');
INSERT INTO user_has_match(user_id, match_id) VALUES('AAC5206E-0D7A-EE6C-F725-97DC92093EA3','41B6D10A-88A5-73E9-D827-0C67DBEC37ED');
INSERT INTO user_has_match(user_id, match_id) VALUES('AAC5206E-0D7A-EE6C-F725-97DC92093EA3','D869C4DA-34CD-A380-263E-97263AF93A2C');
INSERT INTO user_has_match(user_id, match_id) VALUES('AAC5206E-0D7A-EE6C-F725-97DC92093EA3','BB6DEEDA-6ACB-D77F-253D-79010DF1AA08');
INSERT INTO user_has_match(user_id, match_id) VALUES('AAC5206E-0D7A-EE6C-F725-97DC92093EA3','8FCD6F17-4806-2696-6E87-53E6B67F767E');
INSERT INTO user_has_match(user_id, match_id) VALUES('AAC5206E-0D7A-EE6C-F725-97DC92093EA3','353C4C5A-C48E-27A2-C7C6-337895F9427A');
INSERT INTO user_has_match(user_id, match_id) VALUES('AAC5206E-0D7A-EE6C-F725-97DC92093EA3','3D85A187-95A5-3CC6-9C57-717A532AE17F');
INSERT INTO user_has_match(user_id, match_id) VALUES('AAC5206E-0D7A-EE6C-F725-97DC92093EA3','3073ED2D-DFDC-3C94-FEB4-3AE6AAB36492');
INSERT INTO user_has_match(user_id, match_id) VALUES('AAC5206E-0D7A-EE6C-F725-97DC92093EA3','FF8AEC9A-99D5-E92A-36C5-E739AC170D50');
INSERT INTO user_has_match(user_id, match_id) VALUES('D3F86B6D-082D-BE03-0124-A3A9CF95E65E','869DA182-E156-9A17-28AC-5A3BA0506053');
INSERT INTO user_has_match(user_id, match_id) VALUES('D3F86B6D-082D-BE03-0124-A3A9CF95E65E','77D84217-D5AB-7AC3-C504-6F25C2D2C028');
INSERT INTO user_has_match(user_id, match_id) VALUES('D3F86B6D-082D-BE03-0124-A3A9CF95E65E','0E29D9F7-CE39-7DA6-D5BD-63CCB8B3864F');
INSERT INTO user_has_match(user_id, match_id) VALUES('D3F86B6D-082D-BE03-0124-A3A9CF95E65E','A755C9EF-10CD-874D-7689-CEAB4151DB35');
INSERT INTO user_has_match(user_id, match_id) VALUES('D3F86B6D-082D-BE03-0124-A3A9CF95E65E','D75D7C30-C7E9-7614-7044-BE43D769DDAA');
INSERT INTO user_has_match(user_id, match_id) VALUES('D3F86B6D-082D-BE03-0124-A3A9CF95E65E','B3B2F513-6441-70DC-667B-B34A7ED843AE');
INSERT INTO user_has_match(user_id, match_id) VALUES('D3F86B6D-082D-BE03-0124-A3A9CF95E65E','4F9808B9-DF74-A8D9-0B83-B80F61AFC561');
INSERT INTO user_has_match(user_id, match_id) VALUES('D3F86B6D-082D-BE03-0124-A3A9CF95E65E','17098E33-533B-D7D1-D850-58637128FC72');
INSERT INTO user_has_match(user_id, match_id) VALUES('D3F86B6D-082D-BE03-0124-A3A9CF95E65E','627999F3-4389-C13A-65BD-BE2BC982460E');
INSERT INTO user_has_match(user_id, match_id) VALUES('D3F86B6D-082D-BE03-0124-A3A9CF95E65E','A32E3FE5-16A4-5FD5-27E3-A7C7D3B83D66');
INSERT INTO user_has_match(user_id, match_id) VALUES('D3F86B6D-082D-BE03-0124-A3A9CF95E65E','677070B3-5848-E8A3-3205-A077FB8BB7AC');
INSERT INTO user_has_match(user_id, match_id) VALUES('E094682D-6CE2-D50F-8B71-30643E4C5275','0EA0AE36-454E-5847-8547-D3A19CA5E78F');
INSERT INTO user_has_match(user_id, match_id) VALUES('E094682D-6CE2-D50F-8B71-30643E4C5275','B117C27A-25BE-794A-DB6C-26B022DCE9F8');
INSERT INTO user_has_match(user_id, match_id) VALUES('E094682D-6CE2-D50F-8B71-30643E4C5275','3B3DD1C2-2468-C6BD-7C0D-839658FD91E4');
INSERT INTO user_has_match(user_id, match_id) VALUES('E094682D-6CE2-D50F-8B71-30643E4C5275','8FC8B7B1-7CB8-A6CE-DE94-58BB614F9694');
INSERT INTO user_has_match(user_id, match_id) VALUES('E094682D-6CE2-D50F-8B71-30643E4C5275','41B6D10A-88A5-73E9-D827-0C67DBEC37ED');
INSERT INTO user_has_match(user_id, match_id) VALUES('E094682D-6CE2-D50F-8B71-30643E4C5275','8FCD6F17-4806-2696-6E87-53E6B67F767E');
INSERT INTO user_has_match(user_id, match_id) VALUES('E094682D-6CE2-D50F-8B71-30643E4C5275','4F9808B9-DF74-A8D9-0B83-B80F61AFC561');
INSERT INTO user_has_match(user_id, match_id) VALUES('E094682D-6CE2-D50F-8B71-30643E4C5275','353C4C5A-C48E-27A2-C7C6-337895F9427A');
INSERT INTO user_has_match(user_id, match_id) VALUES('E094682D-6CE2-D50F-8B71-30643E4C5275','3073ED2D-DFDC-3C94-FEB4-3AE6AAB36492');
INSERT INTO user_has_match(user_id, match_id) VALUES('E094682D-6CE2-D50F-8B71-30643E4C5275','85D32BA8-2D9C-8E76-3128-7825A43C34E3');
INSERT INTO user_has_match(user_id, match_id) VALUES('54529E47-F0C4-7B85-7C1D-D517D006D641','88C9BB41-BA61-AFB5-F0A6-39286D7B8C73');
INSERT INTO user_has_match(user_id, match_id) VALUES('54529E47-F0C4-7B85-7C1D-D517D006D641','5AC8CD36-1B33-F793-25D5-638FB273AD22');
INSERT INTO user_has_match(user_id, match_id) VALUES('54529E47-F0C4-7B85-7C1D-D517D006D641','65FC6F5A-DA69-C5AF-D6AC-E00DD9D449A1');
INSERT INTO user_has_match(user_id, match_id) VALUES('54529E47-F0C4-7B85-7C1D-D517D006D641','8FC8B7B1-7CB8-A6CE-DE94-58BB614F9694');
INSERT INTO user_has_match(user_id, match_id) VALUES('54529E47-F0C4-7B85-7C1D-D517D006D641','77D84217-D5AB-7AC3-C504-6F25C2D2C028');
INSERT INTO user_has_match(user_id, match_id) VALUES('54529E47-F0C4-7B85-7C1D-D517D006D641','D869C4DA-34CD-A380-263E-97263AF93A2C');
INSERT INTO user_has_match(user_id, match_id) VALUES('54529E47-F0C4-7B85-7C1D-D517D006D641','A755C9EF-10CD-874D-7689-CEAB4151DB35');
INSERT INTO user_has_match(user_id, match_id) VALUES('54529E47-F0C4-7B85-7C1D-D517D006D641','D75D7C30-C7E9-7614-7044-BE43D769DDAA');
INSERT INTO user_has_match(user_id, match_id) VALUES('54529E47-F0C4-7B85-7C1D-D517D006D641','4F9808B9-DF74-A8D9-0B83-B80F61AFC561');
INSERT INTO user_has_match(user_id, match_id) VALUES('54529E47-F0C4-7B85-7C1D-D517D006D641','2C583EDD-CA4C-E651-CFDA-2BD7F1CF96DA');
INSERT INTO user_has_match(user_id, match_id) VALUES('54529E47-F0C4-7B85-7C1D-D517D006D641','470C8517-7950-4873-E449-697F5C3E119C');
INSERT INTO user_has_match(user_id, match_id) VALUES('54529E47-F0C4-7B85-7C1D-D517D006D641','BBCAA949-A1F2-6F20-D625-50632BE870F9');
INSERT INTO user_has_match(user_id, match_id) VALUES('54529E47-F0C4-7B85-7C1D-D517D006D641','677070B3-5848-E8A3-3205-A077FB8BB7AC');
INSERT INTO user_has_match(user_id, match_id) VALUES('510DFF0B-0DAD-FBEB-2F07-CD283A4B9487','FC4AE12B-D0D5-DD1E-D30E-00880F411C4C');
INSERT INTO user_has_match(user_id, match_id) VALUES('510DFF0B-0DAD-FBEB-2F07-CD283A4B9487','3B3DD1C2-2468-C6BD-7C0D-839658FD91E4');
INSERT INTO user_has_match(user_id, match_id) VALUES('510DFF0B-0DAD-FBEB-2F07-CD283A4B9487','A145454E-EEDB-31D1-2115-D93AA9F6C87E');
INSERT INTO user_has_match(user_id, match_id) VALUES('510DFF0B-0DAD-FBEB-2F07-CD283A4B9487','68A32A2E-5B29-B990-193F-CC609241E528');
INSERT INTO user_has_match(user_id, match_id) VALUES('510DFF0B-0DAD-FBEB-2F07-CD283A4B9487','A755C9EF-10CD-874D-7689-CEAB4151DB35');
INSERT INTO user_has_match(user_id, match_id) VALUES('510DFF0B-0DAD-FBEB-2F07-CD283A4B9487','D75D7C30-C7E9-7614-7044-BE43D769DDAA');
INSERT INTO user_has_match(user_id, match_id) VALUES('510DFF0B-0DAD-FBEB-2F07-CD283A4B9487','17098E33-533B-D7D1-D850-58637128FC72');
INSERT INTO user_has_match(user_id, match_id) VALUES('510DFF0B-0DAD-FBEB-2F07-CD283A4B9487','6E9E79A6-9819-D429-D7EB-83FD63E90156');
INSERT INTO user_has_match(user_id, match_id) VALUES('510DFF0B-0DAD-FBEB-2F07-CD283A4B9487','A32E3FE5-16A4-5FD5-27E3-A7C7D3B83D66');
INSERT INTO user_has_match(user_id, match_id) VALUES('510DFF0B-0DAD-FBEB-2F07-CD283A4B9487','FBA48738-1351-3C72-A511-D18269936BA0');
INSERT INTO user_has_match(user_id, match_id) VALUES('510DFF0B-0DAD-FBEB-2F07-CD283A4B9487','BBCAA949-A1F2-6F20-D625-50632BE870F9');
INSERT INTO user_has_match(user_id, match_id) VALUES('510DFF0B-0DAD-FBEB-2F07-CD283A4B9487','85D32BA8-2D9C-8E76-3128-7825A43C34E3');
INSERT INTO user_has_match(user_id, match_id) VALUES('510DFF0B-0DAD-FBEB-2F07-CD283A4B9487','677070B3-5848-E8A3-3205-A077FB8BB7AC');
INSERT INTO user_has_match(user_id, match_id) VALUES('4A4ABFC9-19AD-B67B-DECA-5930168CD46B','0EA0AE36-454E-5847-8547-D3A19CA5E78F');
INSERT INTO user_has_match(user_id, match_id) VALUES('4A4ABFC9-19AD-B67B-DECA-5930168CD46B','340A2128-3B92-2AEE-FDB8-A5DB6C7D4A65');
INSERT INTO user_has_match(user_id, match_id) VALUES('4A4ABFC9-19AD-B67B-DECA-5930168CD46B','41764A98-A260-D783-519F-D202ED3D387D');
INSERT INTO user_has_match(user_id, match_id) VALUES('4A4ABFC9-19AD-B67B-DECA-5930168CD46B','3B3DD1C2-2468-C6BD-7C0D-839658FD91E4');
INSERT INTO user_has_match(user_id, match_id) VALUES('4A4ABFC9-19AD-B67B-DECA-5930168CD46B','22B0CA13-AE72-BA2B-9452-9D7A004A37EF');
INSERT INTO user_has_match(user_id, match_id) VALUES('4A4ABFC9-19AD-B67B-DECA-5930168CD46B','8FC8B7B1-7CB8-A6CE-DE94-58BB614F9694');
INSERT INTO user_has_match(user_id, match_id) VALUES('4A4ABFC9-19AD-B67B-DECA-5930168CD46B','8086E73E-72E0-B972-711F-64CEC9529616');
INSERT INTO user_has_match(user_id, match_id) VALUES('4A4ABFC9-19AD-B67B-DECA-5930168CD46B','17098E33-533B-D7D1-D850-58637128FC72');
INSERT INTO user_has_match(user_id, match_id) VALUES('4A4ABFC9-19AD-B67B-DECA-5930168CD46B','30D1C267-A22E-F8BA-6DFC-981737E05973');
INSERT INTO user_has_match(user_id, match_id) VALUES('4A4ABFC9-19AD-B67B-DECA-5930168CD46B','3073ED2D-DFDC-3C94-FEB4-3AE6AAB36492');
INSERT INTO user_has_match(user_id, match_id) VALUES('4A4ABFC9-19AD-B67B-DECA-5930168CD46B','470C8517-7950-4873-E449-697F5C3E119C');
INSERT INTO user_has_match(user_id, match_id) VALUES('8758F7B4-A07E-BF8A-0B94-90DEF7BCD750','340A2128-3B92-2AEE-FDB8-A5DB6C7D4A65');
INSERT INTO user_has_match(user_id, match_id) VALUES('8758F7B4-A07E-BF8A-0B94-90DEF7BCD750','5AC8CD36-1B33-F793-25D5-638FB273AD22');
INSERT INTO user_has_match(user_id, match_id) VALUES('8758F7B4-A07E-BF8A-0B94-90DEF7BCD750','41764A98-A260-D783-519F-D202ED3D387D');
INSERT INTO user_has_match(user_id, match_id) VALUES('8758F7B4-A07E-BF8A-0B94-90DEF7BCD750','A145454E-EEDB-31D1-2115-D93AA9F6C87E');
INSERT INTO user_has_match(user_id, match_id) VALUES('8758F7B4-A07E-BF8A-0B94-90DEF7BCD750','77D84217-D5AB-7AC3-C504-6F25C2D2C028');
INSERT INTO user_has_match(user_id, match_id) VALUES('8758F7B4-A07E-BF8A-0B94-90DEF7BCD750','1D243645-7389-EE02-F6A4-3E26A59D5EBA');
INSERT INTO user_has_match(user_id, match_id) VALUES('8758F7B4-A07E-BF8A-0B94-90DEF7BCD750','8086E73E-72E0-B972-711F-64CEC9529616');
INSERT INTO user_has_match(user_id, match_id) VALUES('8758F7B4-A07E-BF8A-0B94-90DEF7BCD750','17098E33-533B-D7D1-D850-58637128FC72');
INSERT INTO user_has_match(user_id, match_id) VALUES('8758F7B4-A07E-BF8A-0B94-90DEF7BCD750','353C4C5A-C48E-27A2-C7C6-337895F9427A');
INSERT INTO user_has_match(user_id, match_id) VALUES('8758F7B4-A07E-BF8A-0B94-90DEF7BCD750','BBCAA949-A1F2-6F20-D625-50632BE870F9');
INSERT INTO user_has_match(user_id, match_id) VALUES('8758F7B4-A07E-BF8A-0B94-90DEF7BCD750','85D32BA8-2D9C-8E76-3128-7825A43C34E3');
INSERT INTO user_has_match(user_id, match_id) VALUES('8758F7B4-A07E-BF8A-0B94-90DEF7BCD750','FF8AEC9A-99D5-E92A-36C5-E739AC170D50');
INSERT INTO user_has_match(user_id, match_id) VALUES('BE1B7CD4-49E7-062B-D692-6D838C72B170','88C9BB41-BA61-AFB5-F0A6-39286D7B8C73');
INSERT INTO user_has_match(user_id, match_id) VALUES('BE1B7CD4-49E7-062B-D692-6D838C72B170','2376F855-273E-8814-EFEC-2AFDB1654EBC');
INSERT INTO user_has_match(user_id, match_id) VALUES('BE1B7CD4-49E7-062B-D692-6D838C72B170','A145454E-EEDB-31D1-2115-D93AA9F6C87E');
INSERT INTO user_has_match(user_id, match_id) VALUES('BE1B7CD4-49E7-062B-D692-6D838C72B170','77D84217-D5AB-7AC3-C504-6F25C2D2C028');
INSERT INTO user_has_match(user_id, match_id) VALUES('BE1B7CD4-49E7-062B-D692-6D838C72B170','68A32A2E-5B29-B990-193F-CC609241E528');
INSERT INTO user_has_match(user_id, match_id) VALUES('BE1B7CD4-49E7-062B-D692-6D838C72B170','BB6DEEDA-6ACB-D77F-253D-79010DF1AA08');
INSERT INTO user_has_match(user_id, match_id) VALUES('BE1B7CD4-49E7-062B-D692-6D838C72B170','B3B2F513-6441-70DC-667B-B34A7ED843AE');
INSERT INTO user_has_match(user_id, match_id) VALUES('BE1B7CD4-49E7-062B-D692-6D838C72B170','2C583EDD-CA4C-E651-CFDA-2BD7F1CF96DA');
INSERT INTO user_has_match(user_id, match_id) VALUES('BE1B7CD4-49E7-062B-D692-6D838C72B170','3D85A187-95A5-3CC6-9C57-717A532AE17F');
INSERT INTO user_has_match(user_id, match_id) VALUES('BE1B7CD4-49E7-062B-D692-6D838C72B170','30D1C267-A22E-F8BA-6DFC-981737E05973');
INSERT INTO user_has_match(user_id, match_id) VALUES('BE1B7CD4-49E7-062B-D692-6D838C72B170','627999F3-4389-C13A-65BD-BE2BC982460E');
INSERT INTO user_has_match(user_id, match_id) VALUES('BE1B7CD4-49E7-062B-D692-6D838C72B170','FBA48738-1351-3C72-A511-D18269936BA0');
INSERT INTO user_has_match(user_id, match_id) VALUES('BE1B7CD4-49E7-062B-D692-6D838C72B170','34ACA953-B1B2-8D43-BAE1-620ACDD07F6B');
INSERT INTO user_has_match(user_id, match_id) VALUES('BE1B7CD4-49E7-062B-D692-6D838C72B170','85D32BA8-2D9C-8E76-3128-7825A43C34E3');
INSERT INTO user_has_match(user_id, match_id) VALUES('75BD8332-6B39-E791-E7EC-B159AFEF79F3','0EA0AE36-454E-5847-8547-D3A19CA5E78F');
INSERT INTO user_has_match(user_id, match_id) VALUES('75BD8332-6B39-E791-E7EC-B159AFEF79F3','A145454E-EEDB-31D1-2115-D93AA9F6C87E');
INSERT INTO user_has_match(user_id, match_id) VALUES('75BD8332-6B39-E791-E7EC-B159AFEF79F3','77D84217-D5AB-7AC3-C504-6F25C2D2C028');
INSERT INTO user_has_match(user_id, match_id) VALUES('75BD8332-6B39-E791-E7EC-B159AFEF79F3','D869C4DA-34CD-A380-263E-97263AF93A2C');
INSERT INTO user_has_match(user_id, match_id) VALUES('75BD8332-6B39-E791-E7EC-B159AFEF79F3','7DAA7077-1751-6371-5C6B-D226A3A5D79C');
INSERT INTO user_has_match(user_id, match_id) VALUES('75BD8332-6B39-E791-E7EC-B159AFEF79F3','627999F3-4389-C13A-65BD-BE2BC982460E');
INSERT INTO user_has_match(user_id, match_id) VALUES('75BD8332-6B39-E791-E7EC-B159AFEF79F3','470C8517-7950-4873-E449-697F5C3E119C');
INSERT INTO user_has_match(user_id, match_id) VALUES('75BD8332-6B39-E791-E7EC-B159AFEF79F3','85D32BA8-2D9C-8E76-3128-7825A43C34E3');
INSERT INTO user_has_match(user_id, match_id) VALUES('75BD8332-6B39-E791-E7EC-B159AFEF79F3','677070B3-5848-E8A3-3205-A077FB8BB7AC');
INSERT INTO user_has_match(user_id, match_id) VALUES('C51619D4-F8E4-A961-CE40-150F2C3BCADB','5AC8CD36-1B33-F793-25D5-638FB273AD22');
INSERT INTO user_has_match(user_id, match_id) VALUES('C51619D4-F8E4-A961-CE40-150F2C3BCADB','A145454E-EEDB-31D1-2115-D93AA9F6C87E');
INSERT INTO user_has_match(user_id, match_id) VALUES('C51619D4-F8E4-A961-CE40-150F2C3BCADB','D869C4DA-34CD-A380-263E-97263AF93A2C');
INSERT INTO user_has_match(user_id, match_id) VALUES('C51619D4-F8E4-A961-CE40-150F2C3BCADB','A755C9EF-10CD-874D-7689-CEAB4151DB35');
INSERT INTO user_has_match(user_id, match_id) VALUES('C51619D4-F8E4-A961-CE40-150F2C3BCADB','8FCD6F17-4806-2696-6E87-53E6B67F767E');
INSERT INTO user_has_match(user_id, match_id) VALUES('C51619D4-F8E4-A961-CE40-150F2C3BCADB','2C583EDD-CA4C-E651-CFDA-2BD7F1CF96DA');
INSERT INTO user_has_match(user_id, match_id) VALUES('C51619D4-F8E4-A961-CE40-150F2C3BCADB','3D85A187-95A5-3CC6-9C57-717A532AE17F');
INSERT INTO user_has_match(user_id, match_id) VALUES('C51619D4-F8E4-A961-CE40-150F2C3BCADB','30D1C267-A22E-F8BA-6DFC-981737E05973');
INSERT INTO user_has_match(user_id, match_id) VALUES('C51619D4-F8E4-A961-CE40-150F2C3BCADB','479BEA82-68F5-4021-8BB0-F392D34638C4');
INSERT INTO user_has_match(user_id, match_id) VALUES('C51619D4-F8E4-A961-CE40-150F2C3BCADB','FF8AEC9A-99D5-E92A-36C5-E739AC170D50');
INSERT INTO user_has_match(user_id, match_id) VALUES('BFF2FD42-BE75-D679-720A-2AD2326E97CA','FC4AE12B-D0D5-DD1E-D30E-00880F411C4C');
INSERT INTO user_has_match(user_id, match_id) VALUES('BFF2FD42-BE75-D679-720A-2AD2326E97CA','41764A98-A260-D783-519F-D202ED3D387D');
INSERT INTO user_has_match(user_id, match_id) VALUES('BFF2FD42-BE75-D679-720A-2AD2326E97CA','A145454E-EEDB-31D1-2115-D93AA9F6C87E');
INSERT INTO user_has_match(user_id, match_id) VALUES('BFF2FD42-BE75-D679-720A-2AD2326E97CA','353C4C5A-C48E-27A2-C7C6-337895F9427A');
INSERT INTO user_has_match(user_id, match_id) VALUES('BFF2FD42-BE75-D679-720A-2AD2326E97CA','E6773BB7-DCD6-C456-5E64-D12BBF2C0EA5');
INSERT INTO user_has_match(user_id, match_id) VALUES('BFF2FD42-BE75-D679-720A-2AD2326E97CA','479BEA82-68F5-4021-8BB0-F392D34638C4');
INSERT INTO user_has_match(user_id, match_id) VALUES('8149B8E5-C040-2F86-6AA4-0370988BBCFD','C2528B6B-F85F-ABB9-639A-CF4C4735BCAC');
INSERT INTO user_has_match(user_id, match_id) VALUES('8149B8E5-C040-2F86-6AA4-0370988BBCFD','340A2128-3B92-2AEE-FDB8-A5DB6C7D4A65');
INSERT INTO user_has_match(user_id, match_id) VALUES('8149B8E5-C040-2F86-6AA4-0370988BBCFD','FC4AE12B-D0D5-DD1E-D30E-00880F411C4C');
INSERT INTO user_has_match(user_id, match_id) VALUES('8149B8E5-C040-2F86-6AA4-0370988BBCFD','869DA182-E156-9A17-28AC-5A3BA0506053');
INSERT INTO user_has_match(user_id, match_id) VALUES('8149B8E5-C040-2F86-6AA4-0370988BBCFD','77D84217-D5AB-7AC3-C504-6F25C2D2C028');
INSERT INTO user_has_match(user_id, match_id) VALUES('8149B8E5-C040-2F86-6AA4-0370988BBCFD','41B6D10A-88A5-73E9-D827-0C67DBEC37ED');
INSERT INTO user_has_match(user_id, match_id) VALUES('8149B8E5-C040-2F86-6AA4-0370988BBCFD','8FCD6F17-4806-2696-6E87-53E6B67F767E');
INSERT INTO user_has_match(user_id, match_id) VALUES('8149B8E5-C040-2F86-6AA4-0370988BBCFD','17098E33-533B-D7D1-D850-58637128FC72');
INSERT INTO user_has_match(user_id, match_id) VALUES('8149B8E5-C040-2F86-6AA4-0370988BBCFD','6E9E79A6-9819-D429-D7EB-83FD63E90156');
INSERT INTO user_has_match(user_id, match_id) VALUES('8149B8E5-C040-2F86-6AA4-0370988BBCFD','30D1C267-A22E-F8BA-6DFC-981737E05973');
INSERT INTO user_has_match(user_id, match_id) VALUES('8149B8E5-C040-2F86-6AA4-0370988BBCFD','A32E3FE5-16A4-5FD5-27E3-A7C7D3B83D66');
INSERT INTO user_has_match(user_id, match_id) VALUES('8149B8E5-C040-2F86-6AA4-0370988BBCFD','470C8517-7950-4873-E449-697F5C3E119C');
INSERT INTO user_has_match(user_id, match_id) VALUES('8149B8E5-C040-2F86-6AA4-0370988BBCFD','BBCAA949-A1F2-6F20-D625-50632BE870F9');
INSERT INTO user_has_match(user_id, match_id) VALUES('8149B8E5-C040-2F86-6AA4-0370988BBCFD','08188BC8-CF40-1039-4549-9AEB6F9EAB8D');
INSERT INTO user_has_match(user_id, match_id) VALUES('8149B8E5-C040-2F86-6AA4-0370988BBCFD','677070B3-5848-E8A3-3205-A077FB8BB7AC');
INSERT INTO user_has_match(user_id, match_id) VALUES('C099C601-394A-3827-56CF-84DB97145C6D','0EA0AE36-454E-5847-8547-D3A19CA5E78F');
INSERT INTO user_has_match(user_id, match_id) VALUES('C099C601-394A-3827-56CF-84DB97145C6D','41764A98-A260-D783-519F-D202ED3D387D');
INSERT INTO user_has_match(user_id, match_id) VALUES('C099C601-394A-3827-56CF-84DB97145C6D','8FC8B7B1-7CB8-A6CE-DE94-58BB614F9694');
INSERT INTO user_has_match(user_id, match_id) VALUES('C099C601-394A-3827-56CF-84DB97145C6D','77D84217-D5AB-7AC3-C504-6F25C2D2C028');
INSERT INTO user_has_match(user_id, match_id) VALUES('C099C601-394A-3827-56CF-84DB97145C6D','FF8AEC9A-99D5-E92A-36C5-E739AC170D50');
INSERT INTO user_has_match(user_id, match_id) VALUES('6EF42EB2-D77E-E4B1-9415-0434D66EE403','0EA0AE36-454E-5847-8547-D3A19CA5E78F');
INSERT INTO user_has_match(user_id, match_id) VALUES('6EF42EB2-D77E-E4B1-9415-0434D66EE403','869DA182-E156-9A17-28AC-5A3BA0506053');
INSERT INTO user_has_match(user_id, match_id) VALUES('6EF42EB2-D77E-E4B1-9415-0434D66EE403','65FC6F5A-DA69-C5AF-D6AC-E00DD9D449A1');
INSERT INTO user_has_match(user_id, match_id) VALUES('6EF42EB2-D77E-E4B1-9415-0434D66EE403','77D84217-D5AB-7AC3-C504-6F25C2D2C028');
INSERT INTO user_has_match(user_id, match_id) VALUES('6EF42EB2-D77E-E4B1-9415-0434D66EE403','0E29D9F7-CE39-7DA6-D5BD-63CCB8B3864F');
INSERT INTO user_has_match(user_id, match_id) VALUES('6EF42EB2-D77E-E4B1-9415-0434D66EE403','A755C9EF-10CD-874D-7689-CEAB4151DB35');
INSERT INTO user_has_match(user_id, match_id) VALUES('6EF42EB2-D77E-E4B1-9415-0434D66EE403','B3B2F513-6441-70DC-667B-B34A7ED843AE');
INSERT INTO user_has_match(user_id, match_id) VALUES('6EF42EB2-D77E-E4B1-9415-0434D66EE403','1D243645-7389-EE02-F6A4-3E26A59D5EBA');
INSERT INTO user_has_match(user_id, match_id) VALUES('6EF42EB2-D77E-E4B1-9415-0434D66EE403','E6773BB7-DCD6-C456-5E64-D12BBF2C0EA5');
INSERT INTO user_has_match(user_id, match_id) VALUES('6EF42EB2-D77E-E4B1-9415-0434D66EE403','A32E3FE5-16A4-5FD5-27E3-A7C7D3B83D66');
INSERT INTO user_has_match(user_id, match_id) VALUES('6EF42EB2-D77E-E4B1-9415-0434D66EE403','677070B3-5848-E8A3-3205-A077FB8BB7AC');
INSERT INTO user_has_match(user_id, match_id) VALUES('F85ABFFD-7287-D926-53BF-97ABABFB77F0','C2528B6B-F85F-ABB9-639A-CF4C4735BCAC');
INSERT INTO user_has_match(user_id, match_id) VALUES('F85ABFFD-7287-D926-53BF-97ABABFB77F0','3B3DD1C2-2468-C6BD-7C0D-839658FD91E4');
INSERT INTO user_has_match(user_id, match_id) VALUES('F85ABFFD-7287-D926-53BF-97ABABFB77F0','68A32A2E-5B29-B990-193F-CC609241E528');
INSERT INTO user_has_match(user_id, match_id) VALUES('F85ABFFD-7287-D926-53BF-97ABABFB77F0','1D243645-7389-EE02-F6A4-3E26A59D5EBA');
INSERT INTO user_has_match(user_id, match_id) VALUES('F85ABFFD-7287-D926-53BF-97ABABFB77F0','17098E33-533B-D7D1-D850-58637128FC72');
INSERT INTO user_has_match(user_id, match_id) VALUES('F85ABFFD-7287-D926-53BF-97ABABFB77F0','7DAA7077-1751-6371-5C6B-D226A3A5D79C');
INSERT INTO user_has_match(user_id, match_id) VALUES('AC286A49-F1CE-0EA1-FFA1-D29104B0457C','22B0CA13-AE72-BA2B-9452-9D7A004A37EF');
INSERT INTO user_has_match(user_id, match_id) VALUES('AC286A49-F1CE-0EA1-FFA1-D29104B0457C','D75D7C30-C7E9-7614-7044-BE43D769DDAA');
INSERT INTO user_has_match(user_id, match_id) VALUES('AC286A49-F1CE-0EA1-FFA1-D29104B0457C','1D243645-7389-EE02-F6A4-3E26A59D5EBA');
INSERT INTO user_has_match(user_id, match_id) VALUES('AC286A49-F1CE-0EA1-FFA1-D29104B0457C','4F9808B9-DF74-A8D9-0B83-B80F61AFC561');
INSERT INTO user_has_match(user_id, match_id) VALUES('AC286A49-F1CE-0EA1-FFA1-D29104B0457C','353C4C5A-C48E-27A2-C7C6-337895F9427A');
INSERT INTO user_has_match(user_id, match_id) VALUES('AC286A49-F1CE-0EA1-FFA1-D29104B0457C','E6773BB7-DCD6-C456-5E64-D12BBF2C0EA5');
INSERT INTO user_has_match(user_id, match_id) VALUES('AC286A49-F1CE-0EA1-FFA1-D29104B0457C','627999F3-4389-C13A-65BD-BE2BC982460E');
INSERT INTO user_has_match(user_id, match_id) VALUES('AC286A49-F1CE-0EA1-FFA1-D29104B0457C','470C8517-7950-4873-E449-697F5C3E119C');
INSERT INTO user_has_match(user_id, match_id) VALUES('29023899-2BCA-4F37-28E9-93F5307EB9AD','340A2128-3B92-2AEE-FDB8-A5DB6C7D4A65');
INSERT INTO user_has_match(user_id, match_id) VALUES('29023899-2BCA-4F37-28E9-93F5307EB9AD','FC4AE12B-D0D5-DD1E-D30E-00880F411C4C');
INSERT INTO user_has_match(user_id, match_id) VALUES('29023899-2BCA-4F37-28E9-93F5307EB9AD','65FC6F5A-DA69-C5AF-D6AC-E00DD9D449A1');
INSERT INTO user_has_match(user_id, match_id) VALUES('29023899-2BCA-4F37-28E9-93F5307EB9AD','B3B2F513-6441-70DC-667B-B34A7ED843AE');
INSERT INTO user_has_match(user_id, match_id) VALUES('29023899-2BCA-4F37-28E9-93F5307EB9AD','8086E73E-72E0-B972-711F-64CEC9529616');
INSERT INTO user_has_match(user_id, match_id) VALUES('29023899-2BCA-4F37-28E9-93F5307EB9AD','353C4C5A-C48E-27A2-C7C6-337895F9427A');
INSERT INTO user_has_match(user_id, match_id) VALUES('29023899-2BCA-4F37-28E9-93F5307EB9AD','470C8517-7950-4873-E449-697F5C3E119C');
INSERT INTO user_has_match(user_id, match_id) VALUES('29023899-2BCA-4F37-28E9-93F5307EB9AD','34ACA953-B1B2-8D43-BAE1-620ACDD07F6B');
INSERT INTO user_has_match(user_id, match_id) VALUES('29023899-2BCA-4F37-28E9-93F5307EB9AD','677070B3-5848-E8A3-3205-A077FB8BB7AC');
INSERT INTO user_has_match(user_id, match_id) VALUES('A5CFF350-C056-C33F-2C06-C8A4B42A526A','340A2128-3B92-2AEE-FDB8-A5DB6C7D4A65');
INSERT INTO user_has_match(user_id, match_id) VALUES('A5CFF350-C056-C33F-2C06-C8A4B42A526A','3B3DD1C2-2468-C6BD-7C0D-839658FD91E4');
INSERT INTO user_has_match(user_id, match_id) VALUES('A5CFF350-C056-C33F-2C06-C8A4B42A526A','77D84217-D5AB-7AC3-C504-6F25C2D2C028');
INSERT INTO user_has_match(user_id, match_id) VALUES('A5CFF350-C056-C33F-2C06-C8A4B42A526A','A755C9EF-10CD-874D-7689-CEAB4151DB35');
INSERT INTO user_has_match(user_id, match_id) VALUES('A5CFF350-C056-C33F-2C06-C8A4B42A526A','D75D7C30-C7E9-7614-7044-BE43D769DDAA');
INSERT INTO user_has_match(user_id, match_id) VALUES('A5CFF350-C056-C33F-2C06-C8A4B42A526A','A32E3FE5-16A4-5FD5-27E3-A7C7D3B83D66');
INSERT INTO user_has_match(user_id, match_id) VALUES('A5CFF350-C056-C33F-2C06-C8A4B42A526A','BBCAA949-A1F2-6F20-D625-50632BE870F9');
INSERT INTO user_has_match(user_id, match_id) VALUES('A5CFF350-C056-C33F-2C06-C8A4B42A526A','34ACA953-B1B2-8D43-BAE1-620ACDD07F6B');
INSERT INTO user_has_match(user_id, match_id) VALUES('CEAAF76E-4D48-CDD1-C4D5-5516273E7E2C','88C9BB41-BA61-AFB5-F0A6-39286D7B8C73');
INSERT INTO user_has_match(user_id, match_id) VALUES('CEAAF76E-4D48-CDD1-C4D5-5516273E7E2C','C2528B6B-F85F-ABB9-639A-CF4C4735BCAC');
INSERT INTO user_has_match(user_id, match_id) VALUES('CEAAF76E-4D48-CDD1-C4D5-5516273E7E2C','0EA0AE36-454E-5847-8547-D3A19CA5E78F');
INSERT INTO user_has_match(user_id, match_id) VALUES('CEAAF76E-4D48-CDD1-C4D5-5516273E7E2C','B117C27A-25BE-794A-DB6C-26B022DCE9F8');
INSERT INTO user_has_match(user_id, match_id) VALUES('CEAAF76E-4D48-CDD1-C4D5-5516273E7E2C','FC4AE12B-D0D5-DD1E-D30E-00880F411C4C');
INSERT INTO user_has_match(user_id, match_id) VALUES('CEAAF76E-4D48-CDD1-C4D5-5516273E7E2C','41764A98-A260-D783-519F-D202ED3D387D');
INSERT INTO user_has_match(user_id, match_id) VALUES('CEAAF76E-4D48-CDD1-C4D5-5516273E7E2C','869DA182-E156-9A17-28AC-5A3BA0506053');
INSERT INTO user_has_match(user_id, match_id) VALUES('CEAAF76E-4D48-CDD1-C4D5-5516273E7E2C','A145454E-EEDB-31D1-2115-D93AA9F6C87E');
INSERT INTO user_has_match(user_id, match_id) VALUES('CEAAF76E-4D48-CDD1-C4D5-5516273E7E2C','65FC6F5A-DA69-C5AF-D6AC-E00DD9D449A1');
INSERT INTO user_has_match(user_id, match_id) VALUES('CEAAF76E-4D48-CDD1-C4D5-5516273E7E2C','8FC8B7B1-7CB8-A6CE-DE94-58BB614F9694');
INSERT INTO user_has_match(user_id, match_id) VALUES('CEAAF76E-4D48-CDD1-C4D5-5516273E7E2C','8FCD6F17-4806-2696-6E87-53E6B67F767E');
INSERT INTO user_has_match(user_id, match_id) VALUES('CEAAF76E-4D48-CDD1-C4D5-5516273E7E2C','4F9808B9-DF74-A8D9-0B83-B80F61AFC561');
INSERT INTO user_has_match(user_id, match_id) VALUES('CEAAF76E-4D48-CDD1-C4D5-5516273E7E2C','6E9E79A6-9819-D429-D7EB-83FD63E90156');
INSERT INTO user_has_match(user_id, match_id) VALUES('CEAAF76E-4D48-CDD1-C4D5-5516273E7E2C','7DAA7077-1751-6371-5C6B-D226A3A5D79C');
INSERT INTO user_has_match(user_id, match_id) VALUES('CEAAF76E-4D48-CDD1-C4D5-5516273E7E2C','2C583EDD-CA4C-E651-CFDA-2BD7F1CF96DA');
INSERT INTO user_has_match(user_id, match_id) VALUES('E0FAA3F6-C69B-A126-FE8E-C74A9A1059CD','88C9BB41-BA61-AFB5-F0A6-39286D7B8C73');
INSERT INTO user_has_match(user_id, match_id) VALUES('E0FAA3F6-C69B-A126-FE8E-C74A9A1059CD','340A2128-3B92-2AEE-FDB8-A5DB6C7D4A65');
INSERT INTO user_has_match(user_id, match_id) VALUES('E0FAA3F6-C69B-A126-FE8E-C74A9A1059CD','FC4AE12B-D0D5-DD1E-D30E-00880F411C4C');
INSERT INTO user_has_match(user_id, match_id) VALUES('E0FAA3F6-C69B-A126-FE8E-C74A9A1059CD','869DA182-E156-9A17-28AC-5A3BA0506053');
INSERT INTO user_has_match(user_id, match_id) VALUES('E0FAA3F6-C69B-A126-FE8E-C74A9A1059CD','A755C9EF-10CD-874D-7689-CEAB4151DB35');
INSERT INTO user_has_match(user_id, match_id) VALUES('E0FAA3F6-C69B-A126-FE8E-C74A9A1059CD','1D243645-7389-EE02-F6A4-3E26A59D5EBA');
INSERT INTO user_has_match(user_id, match_id) VALUES('E0FAA3F6-C69B-A126-FE8E-C74A9A1059CD','8086E73E-72E0-B972-711F-64CEC9529616');
INSERT INTO user_has_match(user_id, match_id) VALUES('E0FAA3F6-C69B-A126-FE8E-C74A9A1059CD','17098E33-533B-D7D1-D850-58637128FC72');
INSERT INTO user_has_match(user_id, match_id) VALUES('07455569-8213-A66B-323C-8886D7E69C92','FC4AE12B-D0D5-DD1E-D30E-00880F411C4C');
INSERT INTO user_has_match(user_id, match_id) VALUES('07455569-8213-A66B-323C-8886D7E69C92','2376F855-273E-8814-EFEC-2AFDB1654EBC');
INSERT INTO user_has_match(user_id, match_id) VALUES('07455569-8213-A66B-323C-8886D7E69C92','869DA182-E156-9A17-28AC-5A3BA0506053');
INSERT INTO user_has_match(user_id, match_id) VALUES('07455569-8213-A66B-323C-8886D7E69C92','A145454E-EEDB-31D1-2115-D93AA9F6C87E');
INSERT INTO user_has_match(user_id, match_id) VALUES('07455569-8213-A66B-323C-8886D7E69C92','0E29D9F7-CE39-7DA6-D5BD-63CCB8B3864F');
INSERT INTO user_has_match(user_id, match_id) VALUES('07455569-8213-A66B-323C-8886D7E69C92','4F9808B9-DF74-A8D9-0B83-B80F61AFC561');
INSERT INTO user_has_match(user_id, match_id) VALUES('07455569-8213-A66B-323C-8886D7E69C92','3073ED2D-DFDC-3C94-FEB4-3AE6AAB36492');
INSERT INTO user_has_match(user_id, match_id) VALUES('07455569-8213-A66B-323C-8886D7E69C92','627999F3-4389-C13A-65BD-BE2BC982460E');
INSERT INTO user_has_match(user_id, match_id) VALUES('07455569-8213-A66B-323C-8886D7E69C92','A32E3FE5-16A4-5FD5-27E3-A7C7D3B83D66');
INSERT INTO user_has_match(user_id, match_id) VALUES('2B63471D-43CC-7BFD-8113-BD82450D6E1E','88C9BB41-BA61-AFB5-F0A6-39286D7B8C73');
INSERT INTO user_has_match(user_id, match_id) VALUES('2B63471D-43CC-7BFD-8113-BD82450D6E1E','0EA0AE36-454E-5847-8547-D3A19CA5E78F');
INSERT INTO user_has_match(user_id, match_id) VALUES('2B63471D-43CC-7BFD-8113-BD82450D6E1E','340A2128-3B92-2AEE-FDB8-A5DB6C7D4A65');
INSERT INTO user_has_match(user_id, match_id) VALUES('2B63471D-43CC-7BFD-8113-BD82450D6E1E','B117C27A-25BE-794A-DB6C-26B022DCE9F8');
INSERT INTO user_has_match(user_id, match_id) VALUES('2B63471D-43CC-7BFD-8113-BD82450D6E1E','FC4AE12B-D0D5-DD1E-D30E-00880F411C4C');
INSERT INTO user_has_match(user_id, match_id) VALUES('2B63471D-43CC-7BFD-8113-BD82450D6E1E','65FC6F5A-DA69-C5AF-D6AC-E00DD9D449A1');
INSERT INTO user_has_match(user_id, match_id) VALUES('2B63471D-43CC-7BFD-8113-BD82450D6E1E','8FC8B7B1-7CB8-A6CE-DE94-58BB614F9694');
INSERT INTO user_has_match(user_id, match_id) VALUES('2B63471D-43CC-7BFD-8113-BD82450D6E1E','D75D7C30-C7E9-7614-7044-BE43D769DDAA');
INSERT INTO user_has_match(user_id, match_id) VALUES('2B63471D-43CC-7BFD-8113-BD82450D6E1E','8FCD6F17-4806-2696-6E87-53E6B67F767E');
INSERT INTO user_has_match(user_id, match_id) VALUES('2B63471D-43CC-7BFD-8113-BD82450D6E1E','4F9808B9-DF74-A8D9-0B83-B80F61AFC561');
INSERT INTO user_has_match(user_id, match_id) VALUES('2B63471D-43CC-7BFD-8113-BD82450D6E1E','17098E33-533B-D7D1-D850-58637128FC72');
INSERT INTO user_has_match(user_id, match_id) VALUES('2B63471D-43CC-7BFD-8113-BD82450D6E1E','2C583EDD-CA4C-E651-CFDA-2BD7F1CF96DA');
INSERT INTO user_has_match(user_id, match_id) VALUES('2B63471D-43CC-7BFD-8113-BD82450D6E1E','470C8517-7950-4873-E449-697F5C3E119C');
INSERT INTO user_has_match(user_id, match_id) VALUES('2B63471D-43CC-7BFD-8113-BD82450D6E1E','34ACA953-B1B2-8D43-BAE1-620ACDD07F6B');
INSERT INTO user_has_match(user_id, match_id) VALUES('85AC1C46-68F0-525B-0154-EF7CB675030E','88C9BB41-BA61-AFB5-F0A6-39286D7B8C73');
INSERT INTO user_has_match(user_id, match_id) VALUES('85AC1C46-68F0-525B-0154-EF7CB675030E','22B0CA13-AE72-BA2B-9452-9D7A004A37EF');
INSERT INTO user_has_match(user_id, match_id) VALUES('85AC1C46-68F0-525B-0154-EF7CB675030E','A145454E-EEDB-31D1-2115-D93AA9F6C87E');
INSERT INTO user_has_match(user_id, match_id) VALUES('85AC1C46-68F0-525B-0154-EF7CB675030E','41B6D10A-88A5-73E9-D827-0C67DBEC37ED');
INSERT INTO user_has_match(user_id, match_id) VALUES('85AC1C46-68F0-525B-0154-EF7CB675030E','7DAA7077-1751-6371-5C6B-D226A3A5D79C');
INSERT INTO user_has_match(user_id, match_id) VALUES('85AC1C46-68F0-525B-0154-EF7CB675030E','E6773BB7-DCD6-C456-5E64-D12BBF2C0EA5');
INSERT INTO user_has_match(user_id, match_id) VALUES('85AC1C46-68F0-525B-0154-EF7CB675030E','30D1C267-A22E-F8BA-6DFC-981737E05973');
INSERT INTO user_has_match(user_id, match_id) VALUES('85AC1C46-68F0-525B-0154-EF7CB675030E','470C8517-7950-4873-E449-697F5C3E119C');
INSERT INTO user_has_match(user_id, match_id) VALUES('85AC1C46-68F0-525B-0154-EF7CB675030E','34ACA953-B1B2-8D43-BAE1-620ACDD07F6B');
INSERT INTO user_has_match(user_id, match_id) VALUES('85AC1C46-68F0-525B-0154-EF7CB675030E','677070B3-5848-E8A3-3205-A077FB8BB7AC');
INSERT INTO user_has_match(user_id, match_id) VALUES('548C7906-444A-5389-873B-5E3C97F1F47D','5AC8CD36-1B33-F793-25D5-638FB273AD22');
INSERT INTO user_has_match(user_id, match_id) VALUES('548C7906-444A-5389-873B-5E3C97F1F47D','77D84217-D5AB-7AC3-C504-6F25C2D2C028');
INSERT INTO user_has_match(user_id, match_id) VALUES('548C7906-444A-5389-873B-5E3C97F1F47D','0E29D9F7-CE39-7DA6-D5BD-63CCB8B3864F');
INSERT INTO user_has_match(user_id, match_id) VALUES('548C7906-444A-5389-873B-5E3C97F1F47D','A755C9EF-10CD-874D-7689-CEAB4151DB35');
INSERT INTO user_has_match(user_id, match_id) VALUES('548C7906-444A-5389-873B-5E3C97F1F47D','3073ED2D-DFDC-3C94-FEB4-3AE6AAB36492');
INSERT INTO user_has_match(user_id, match_id) VALUES('508A26A4-76D8-8573-974B-041B5094BAF9','88C9BB41-BA61-AFB5-F0A6-39286D7B8C73');
INSERT INTO user_has_match(user_id, match_id) VALUES('508A26A4-76D8-8573-974B-041B5094BAF9','340A2128-3B92-2AEE-FDB8-A5DB6C7D4A65');
INSERT INTO user_has_match(user_id, match_id) VALUES('508A26A4-76D8-8573-974B-041B5094BAF9','5AC8CD36-1B33-F793-25D5-638FB273AD22');
INSERT INTO user_has_match(user_id, match_id) VALUES('508A26A4-76D8-8573-974B-041B5094BAF9','3B3DD1C2-2468-C6BD-7C0D-839658FD91E4');
INSERT INTO user_has_match(user_id, match_id) VALUES('508A26A4-76D8-8573-974B-041B5094BAF9','8FC8B7B1-7CB8-A6CE-DE94-58BB614F9694');
INSERT INTO user_has_match(user_id, match_id) VALUES('508A26A4-76D8-8573-974B-041B5094BAF9','8086E73E-72E0-B972-711F-64CEC9529616');
INSERT INTO user_has_match(user_id, match_id) VALUES('508A26A4-76D8-8573-974B-041B5094BAF9','353C4C5A-C48E-27A2-C7C6-337895F9427A');
INSERT INTO user_has_match(user_id, match_id) VALUES('508A26A4-76D8-8573-974B-041B5094BAF9','627999F3-4389-C13A-65BD-BE2BC982460E');
INSERT INTO user_has_match(user_id, match_id) VALUES('508A26A4-76D8-8573-974B-041B5094BAF9','479BEA82-68F5-4021-8BB0-F392D34638C4');
INSERT INTO user_has_match(user_id, match_id) VALUES('508A26A4-76D8-8573-974B-041B5094BAF9','FF8AEC9A-99D5-E92A-36C5-E739AC170D50');
INSERT INTO user_has_match(user_id, match_id) VALUES('A045F8E7-A117-E313-A433-2382DABDE0CF','88C9BB41-BA61-AFB5-F0A6-39286D7B8C73');
INSERT INTO user_has_match(user_id, match_id) VALUES('A045F8E7-A117-E313-A433-2382DABDE0CF','FC4AE12B-D0D5-DD1E-D30E-00880F411C4C');
INSERT INTO user_has_match(user_id, match_id) VALUES('A045F8E7-A117-E313-A433-2382DABDE0CF','869DA182-E156-9A17-28AC-5A3BA0506053');
INSERT INTO user_has_match(user_id, match_id) VALUES('A045F8E7-A117-E313-A433-2382DABDE0CF','A145454E-EEDB-31D1-2115-D93AA9F6C87E');
INSERT INTO user_has_match(user_id, match_id) VALUES('A045F8E7-A117-E313-A433-2382DABDE0CF','41B6D10A-88A5-73E9-D827-0C67DBEC37ED');
INSERT INTO user_has_match(user_id, match_id) VALUES('A045F8E7-A117-E313-A433-2382DABDE0CF','D869C4DA-34CD-A380-263E-97263AF93A2C');
INSERT INTO user_has_match(user_id, match_id) VALUES('A045F8E7-A117-E313-A433-2382DABDE0CF','D75D7C30-C7E9-7614-7044-BE43D769DDAA');
INSERT INTO user_has_match(user_id, match_id) VALUES('A045F8E7-A117-E313-A433-2382DABDE0CF','1D243645-7389-EE02-F6A4-3E26A59D5EBA');
INSERT INTO user_has_match(user_id, match_id) VALUES('A045F8E7-A117-E313-A433-2382DABDE0CF','7DAA7077-1751-6371-5C6B-D226A3A5D79C');
INSERT INTO user_has_match(user_id, match_id) VALUES('A045F8E7-A117-E313-A433-2382DABDE0CF','E6773BB7-DCD6-C456-5E64-D12BBF2C0EA5');
INSERT INTO user_has_match(user_id, match_id) VALUES('A045F8E7-A117-E313-A433-2382DABDE0CF','30D1C267-A22E-F8BA-6DFC-981737E05973');
INSERT INTO user_has_match(user_id, match_id) VALUES('A045F8E7-A117-E313-A433-2382DABDE0CF','470C8517-7950-4873-E449-697F5C3E119C');
INSERT INTO user_has_match(user_id, match_id) VALUES('A045F8E7-A117-E313-A433-2382DABDE0CF','FBA48738-1351-3C72-A511-D18269936BA0');
INSERT INTO user_has_match(user_id, match_id) VALUES('A045F8E7-A117-E313-A433-2382DABDE0CF','677070B3-5848-E8A3-3205-A077FB8BB7AC');
INSERT INTO user_has_match(user_id, match_id) VALUES('F52F2D7E-8635-A2BF-2348-72409DA2AD09','869DA182-E156-9A17-28AC-5A3BA0506053');
INSERT INTO user_has_match(user_id, match_id) VALUES('F52F2D7E-8635-A2BF-2348-72409DA2AD09','0E29D9F7-CE39-7DA6-D5BD-63CCB8B3864F');
INSERT INTO user_has_match(user_id, match_id) VALUES('F52F2D7E-8635-A2BF-2348-72409DA2AD09','BB6DEEDA-6ACB-D77F-253D-79010DF1AA08');
INSERT INTO user_has_match(user_id, match_id) VALUES('F52F2D7E-8635-A2BF-2348-72409DA2AD09','D75D7C30-C7E9-7614-7044-BE43D769DDAA');
INSERT INTO user_has_match(user_id, match_id) VALUES('F52F2D7E-8635-A2BF-2348-72409DA2AD09','7DAA7077-1751-6371-5C6B-D226A3A5D79C');
INSERT INTO user_has_match(user_id, match_id) VALUES('3C81C78E-5232-F855-DD44-1B542A2D109F','22B0CA13-AE72-BA2B-9452-9D7A004A37EF');
INSERT INTO user_has_match(user_id, match_id) VALUES('3C81C78E-5232-F855-DD44-1B542A2D109F','41B6D10A-88A5-73E9-D827-0C67DBEC37ED');
INSERT INTO user_has_match(user_id, match_id) VALUES('3C81C78E-5232-F855-DD44-1B542A2D109F','68A32A2E-5B29-B990-193F-CC609241E528');
INSERT INTO user_has_match(user_id, match_id) VALUES('3C81C78E-5232-F855-DD44-1B542A2D109F','7DAA7077-1751-6371-5C6B-D226A3A5D79C');
INSERT INTO user_has_match(user_id, match_id) VALUES('3C81C78E-5232-F855-DD44-1B542A2D109F','3D85A187-95A5-3CC6-9C57-717A532AE17F');
INSERT INTO user_has_match(user_id, match_id) VALUES('3C81C78E-5232-F855-DD44-1B542A2D109F','34ACA953-B1B2-8D43-BAE1-620ACDD07F6B');
INSERT INTO user_has_match(user_id, match_id) VALUES('1A24CCDA-6AEA-9457-57C5-7B48D39D2321','88C9BB41-BA61-AFB5-F0A6-39286D7B8C73');
INSERT INTO user_has_match(user_id, match_id) VALUES('1A24CCDA-6AEA-9457-57C5-7B48D39D2321','41764A98-A260-D783-519F-D202ED3D387D');
INSERT INTO user_has_match(user_id, match_id) VALUES('1A24CCDA-6AEA-9457-57C5-7B48D39D2321','2376F855-273E-8814-EFEC-2AFDB1654EBC');
INSERT INTO user_has_match(user_id, match_id) VALUES('1A24CCDA-6AEA-9457-57C5-7B48D39D2321','869DA182-E156-9A17-28AC-5A3BA0506053');
INSERT INTO user_has_match(user_id, match_id) VALUES('1A24CCDA-6AEA-9457-57C5-7B48D39D2321','41B6D10A-88A5-73E9-D827-0C67DBEC37ED');
INSERT INTO user_has_match(user_id, match_id) VALUES('1A24CCDA-6AEA-9457-57C5-7B48D39D2321','D869C4DA-34CD-A380-263E-97263AF93A2C');
INSERT INTO user_has_match(user_id, match_id) VALUES('1A24CCDA-6AEA-9457-57C5-7B48D39D2321','68A32A2E-5B29-B990-193F-CC609241E528');
INSERT INTO user_has_match(user_id, match_id) VALUES('1A24CCDA-6AEA-9457-57C5-7B48D39D2321','A755C9EF-10CD-874D-7689-CEAB4151DB35');
INSERT INTO user_has_match(user_id, match_id) VALUES('1A24CCDA-6AEA-9457-57C5-7B48D39D2321','1D243645-7389-EE02-F6A4-3E26A59D5EBA');
INSERT INTO user_has_match(user_id, match_id) VALUES('1A24CCDA-6AEA-9457-57C5-7B48D39D2321','2C583EDD-CA4C-E651-CFDA-2BD7F1CF96DA');
INSERT INTO user_has_match(user_id, match_id) VALUES('1A24CCDA-6AEA-9457-57C5-7B48D39D2321','353C4C5A-C48E-27A2-C7C6-337895F9427A');
INSERT INTO user_has_match(user_id, match_id) VALUES('1A24CCDA-6AEA-9457-57C5-7B48D39D2321','A32E3FE5-16A4-5FD5-27E3-A7C7D3B83D66');
INSERT INTO user_has_match(user_id, match_id) VALUES('1A24CCDA-6AEA-9457-57C5-7B48D39D2321','479BEA82-68F5-4021-8BB0-F392D34638C4');
INSERT INTO user_has_match(user_id, match_id) VALUES('1A24CCDA-6AEA-9457-57C5-7B48D39D2321','85D32BA8-2D9C-8E76-3128-7825A43C34E3');
INSERT INTO user_has_match(user_id, match_id) VALUES('10BB3D40-FB1B-49EA-EEC6-269509E1044F','C2528B6B-F85F-ABB9-639A-CF4C4735BCAC');
INSERT INTO user_has_match(user_id, match_id) VALUES('10BB3D40-FB1B-49EA-EEC6-269509E1044F','B117C27A-25BE-794A-DB6C-26B022DCE9F8');
INSERT INTO user_has_match(user_id, match_id) VALUES('10BB3D40-FB1B-49EA-EEC6-269509E1044F','D869C4DA-34CD-A380-263E-97263AF93A2C');
INSERT INTO user_has_match(user_id, match_id) VALUES('10BB3D40-FB1B-49EA-EEC6-269509E1044F','B3B2F513-6441-70DC-667B-B34A7ED843AE');
INSERT INTO user_has_match(user_id, match_id) VALUES('10BB3D40-FB1B-49EA-EEC6-269509E1044F','8086E73E-72E0-B972-711F-64CEC9529616');
INSERT INTO user_has_match(user_id, match_id) VALUES('10BB3D40-FB1B-49EA-EEC6-269509E1044F','FBA48738-1351-3C72-A511-D18269936BA0');
INSERT INTO user_has_match(user_id, match_id) VALUES('10BB3D40-FB1B-49EA-EEC6-269509E1044F','479BEA82-68F5-4021-8BB0-F392D34638C4');
INSERT INTO user_has_match(user_id, match_id) VALUES('05BD296C-D0C4-F0D4-8681-680817F77C85','340A2128-3B92-2AEE-FDB8-A5DB6C7D4A65');
INSERT INTO user_has_match(user_id, match_id) VALUES('05BD296C-D0C4-F0D4-8681-680817F77C85','B117C27A-25BE-794A-DB6C-26B022DCE9F8');
INSERT INTO user_has_match(user_id, match_id) VALUES('05BD296C-D0C4-F0D4-8681-680817F77C85','41B6D10A-88A5-73E9-D827-0C67DBEC37ED');
INSERT INTO user_has_match(user_id, match_id) VALUES('05BD296C-D0C4-F0D4-8681-680817F77C85','0E29D9F7-CE39-7DA6-D5BD-63CCB8B3864F');
INSERT INTO user_has_match(user_id, match_id) VALUES('05BD296C-D0C4-F0D4-8681-680817F77C85','D869C4DA-34CD-A380-263E-97263AF93A2C');
INSERT INTO user_has_match(user_id, match_id) VALUES('05BD296C-D0C4-F0D4-8681-680817F77C85','68A32A2E-5B29-B990-193F-CC609241E528');
INSERT INTO user_has_match(user_id, match_id) VALUES('05BD296C-D0C4-F0D4-8681-680817F77C85','8086E73E-72E0-B972-711F-64CEC9529616');
INSERT INTO user_has_match(user_id, match_id) VALUES('05BD296C-D0C4-F0D4-8681-680817F77C85','8FCD6F17-4806-2696-6E87-53E6B67F767E');
INSERT INTO user_has_match(user_id, match_id) VALUES('05BD296C-D0C4-F0D4-8681-680817F77C85','4F9808B9-DF74-A8D9-0B83-B80F61AFC561');
INSERT INTO user_has_match(user_id, match_id) VALUES('05BD296C-D0C4-F0D4-8681-680817F77C85','17098E33-533B-D7D1-D850-58637128FC72');
INSERT INTO user_has_match(user_id, match_id) VALUES('05BD296C-D0C4-F0D4-8681-680817F77C85','E6773BB7-DCD6-C456-5E64-D12BBF2C0EA5');
INSERT INTO user_has_match(user_id, match_id) VALUES('05BD296C-D0C4-F0D4-8681-680817F77C85','FBA48738-1351-3C72-A511-D18269936BA0');
INSERT INTO user_has_match(user_id, match_id) VALUES('05BD296C-D0C4-F0D4-8681-680817F77C85','479BEA82-68F5-4021-8BB0-F392D34638C4');
INSERT INTO user_has_match(user_id, match_id) VALUES('05BD296C-D0C4-F0D4-8681-680817F77C85','34ACA953-B1B2-8D43-BAE1-620ACDD07F6B');
INSERT INTO user_has_match(user_id, match_id) VALUES('7D87FCF1-8A5D-F63C-6E0E-8064CBB22C3E','0EA0AE36-454E-5847-8547-D3A19CA5E78F');
INSERT INTO user_has_match(user_id, match_id) VALUES('7D87FCF1-8A5D-F63C-6E0E-8064CBB22C3E','41764A98-A260-D783-519F-D202ED3D387D');
INSERT INTO user_has_match(user_id, match_id) VALUES('7D87FCF1-8A5D-F63C-6E0E-8064CBB22C3E','3B3DD1C2-2468-C6BD-7C0D-839658FD91E4');
INSERT INTO user_has_match(user_id, match_id) VALUES('7D87FCF1-8A5D-F63C-6E0E-8064CBB22C3E','A145454E-EEDB-31D1-2115-D93AA9F6C87E');
INSERT INTO user_has_match(user_id, match_id) VALUES('7D87FCF1-8A5D-F63C-6E0E-8064CBB22C3E','0E29D9F7-CE39-7DA6-D5BD-63CCB8B3864F');
INSERT INTO user_has_match(user_id, match_id) VALUES('7D87FCF1-8A5D-F63C-6E0E-8064CBB22C3E','68A32A2E-5B29-B990-193F-CC609241E528');
INSERT INTO user_has_match(user_id, match_id) VALUES('7D87FCF1-8A5D-F63C-6E0E-8064CBB22C3E','BB6DEEDA-6ACB-D77F-253D-79010DF1AA08');
INSERT INTO user_has_match(user_id, match_id) VALUES('7D87FCF1-8A5D-F63C-6E0E-8064CBB22C3E','4F9808B9-DF74-A8D9-0B83-B80F61AFC561');
INSERT INTO user_has_match(user_id, match_id) VALUES('7D87FCF1-8A5D-F63C-6E0E-8064CBB22C3E','17098E33-533B-D7D1-D850-58637128FC72');
INSERT INTO user_has_match(user_id, match_id) VALUES('7D87FCF1-8A5D-F63C-6E0E-8064CBB22C3E','7DAA7077-1751-6371-5C6B-D226A3A5D79C');
INSERT INTO user_has_match(user_id, match_id) VALUES('7D87FCF1-8A5D-F63C-6E0E-8064CBB22C3E','30D1C267-A22E-F8BA-6DFC-981737E05973');
INSERT INTO user_has_match(user_id, match_id) VALUES('7D87FCF1-8A5D-F63C-6E0E-8064CBB22C3E','A32E3FE5-16A4-5FD5-27E3-A7C7D3B83D66');
INSERT INTO user_has_match(user_id, match_id) VALUES('7D87FCF1-8A5D-F63C-6E0E-8064CBB22C3E','470C8517-7950-4873-E449-697F5C3E119C');
INSERT INTO user_has_match(user_id, match_id) VALUES('7D87FCF1-8A5D-F63C-6E0E-8064CBB22C3E','FF8AEC9A-99D5-E92A-36C5-E739AC170D50');
INSERT INTO user_has_match(user_id, match_id) VALUES('7D87FCF1-8A5D-F63C-6E0E-8064CBB22C3E','677070B3-5848-E8A3-3205-A077FB8BB7AC');
INSERT INTO user_has_match(user_id, match_id) VALUES('C34C767D-5CF5-F674-9A48-F2A202844230','5AC8CD36-1B33-F793-25D5-638FB273AD22');
INSERT INTO user_has_match(user_id, match_id) VALUES('C34C767D-5CF5-F674-9A48-F2A202844230','D869C4DA-34CD-A380-263E-97263AF93A2C');
INSERT INTO user_has_match(user_id, match_id) VALUES('C34C767D-5CF5-F674-9A48-F2A202844230','627999F3-4389-C13A-65BD-BE2BC982460E');
INSERT INTO user_has_match(user_id, match_id) VALUES('C34C767D-5CF5-F674-9A48-F2A202844230','470C8517-7950-4873-E449-697F5C3E119C');
INSERT INTO user_has_match(user_id, match_id) VALUES('C34C767D-5CF5-F674-9A48-F2A202844230','479BEA82-68F5-4021-8BB0-F392D34638C4');
INSERT INTO user_has_match(user_id, match_id) VALUES('C34C767D-5CF5-F674-9A48-F2A202844230','BBCAA949-A1F2-6F20-D625-50632BE870F9');
INSERT INTO user_has_match(user_id, match_id) VALUES('E6EB03E4-5BD7-F408-ED85-357B88AFBE77','C2528B6B-F85F-ABB9-639A-CF4C4735BCAC');
INSERT INTO user_has_match(user_id, match_id) VALUES('E6EB03E4-5BD7-F408-ED85-357B88AFBE77','5AC8CD36-1B33-F793-25D5-638FB273AD22');
INSERT INTO user_has_match(user_id, match_id) VALUES('E6EB03E4-5BD7-F408-ED85-357B88AFBE77','FC4AE12B-D0D5-DD1E-D30E-00880F411C4C');
INSERT INTO user_has_match(user_id, match_id) VALUES('E6EB03E4-5BD7-F408-ED85-357B88AFBE77','869DA182-E156-9A17-28AC-5A3BA0506053');
INSERT INTO user_has_match(user_id, match_id) VALUES('E6EB03E4-5BD7-F408-ED85-357B88AFBE77','8FCD6F17-4806-2696-6E87-53E6B67F767E');
INSERT INTO user_has_match(user_id, match_id) VALUES('E6EB03E4-5BD7-F408-ED85-357B88AFBE77','4F9808B9-DF74-A8D9-0B83-B80F61AFC561');
INSERT INTO user_has_match(user_id, match_id) VALUES('E6EB03E4-5BD7-F408-ED85-357B88AFBE77','17098E33-533B-D7D1-D850-58637128FC72');
INSERT INTO user_has_match(user_id, match_id) VALUES('E6EB03E4-5BD7-F408-ED85-357B88AFBE77','6E9E79A6-9819-D429-D7EB-83FD63E90156');
INSERT INTO user_has_match(user_id, match_id) VALUES('E6EB03E4-5BD7-F408-ED85-357B88AFBE77','7DAA7077-1751-6371-5C6B-D226A3A5D79C');
INSERT INTO user_has_match(user_id, match_id) VALUES('E6EB03E4-5BD7-F408-ED85-357B88AFBE77','3D85A187-95A5-3CC6-9C57-717A532AE17F');
INSERT INTO user_has_match(user_id, match_id) VALUES('E6EB03E4-5BD7-F408-ED85-357B88AFBE77','3073ED2D-DFDC-3C94-FEB4-3AE6AAB36492');
INSERT INTO user_has_match(user_id, match_id) VALUES('E6EB03E4-5BD7-F408-ED85-357B88AFBE77','85D32BA8-2D9C-8E76-3128-7825A43C34E3');
INSERT INTO user_has_match(user_id, match_id) VALUES('E6EB03E4-5BD7-F408-ED85-357B88AFBE77','FF8AEC9A-99D5-E92A-36C5-E739AC170D50');
INSERT INTO user_has_match(user_id, match_id) VALUES('0D495B9F-FA33-F473-B810-81668CDF345E','0EA0AE36-454E-5847-8547-D3A19CA5E78F');
INSERT INTO user_has_match(user_id, match_id) VALUES('0D495B9F-FA33-F473-B810-81668CDF345E','A145454E-EEDB-31D1-2115-D93AA9F6C87E');
INSERT INTO user_has_match(user_id, match_id) VALUES('0D495B9F-FA33-F473-B810-81668CDF345E','8FC8B7B1-7CB8-A6CE-DE94-58BB614F9694');
INSERT INTO user_has_match(user_id, match_id) VALUES('0D495B9F-FA33-F473-B810-81668CDF345E','D75D7C30-C7E9-7614-7044-BE43D769DDAA');
INSERT INTO user_has_match(user_id, match_id) VALUES('0D495B9F-FA33-F473-B810-81668CDF345E','8FCD6F17-4806-2696-6E87-53E6B67F767E');
INSERT INTO user_has_match(user_id, match_id) VALUES('0D495B9F-FA33-F473-B810-81668CDF345E','17098E33-533B-D7D1-D850-58637128FC72');
INSERT INTO user_has_match(user_id, match_id) VALUES('0D495B9F-FA33-F473-B810-81668CDF345E','353C4C5A-C48E-27A2-C7C6-337895F9427A');
INSERT INTO user_has_match(user_id, match_id) VALUES('0D495B9F-FA33-F473-B810-81668CDF345E','FBA48738-1351-3C72-A511-D18269936BA0');
INSERT INTO user_has_match(user_id, match_id) VALUES('0D495B9F-FA33-F473-B810-81668CDF345E','34ACA953-B1B2-8D43-BAE1-620ACDD07F6B');
INSERT INTO user_has_match(user_id, match_id) VALUES('EC1BE206-F025-9A28-B07E-C113B9B9185A','340A2128-3B92-2AEE-FDB8-A5DB6C7D4A65');
INSERT INTO user_has_match(user_id, match_id) VALUES('EC1BE206-F025-9A28-B07E-C113B9B9185A','B117C27A-25BE-794A-DB6C-26B022DCE9F8');
INSERT INTO user_has_match(user_id, match_id) VALUES('EC1BE206-F025-9A28-B07E-C113B9B9185A','22B0CA13-AE72-BA2B-9452-9D7A004A37EF');
INSERT INTO user_has_match(user_id, match_id) VALUES('EC1BE206-F025-9A28-B07E-C113B9B9185A','0E29D9F7-CE39-7DA6-D5BD-63CCB8B3864F');
INSERT INTO user_has_match(user_id, match_id) VALUES('EC1BE206-F025-9A28-B07E-C113B9B9185A','6E9E79A6-9819-D429-D7EB-83FD63E90156');
INSERT INTO user_has_match(user_id, match_id) VALUES('EC1BE206-F025-9A28-B07E-C113B9B9185A','E6773BB7-DCD6-C456-5E64-D12BBF2C0EA5');
INSERT INTO user_has_match(user_id, match_id) VALUES('EC1BE206-F025-9A28-B07E-C113B9B9185A','3073ED2D-DFDC-3C94-FEB4-3AE6AAB36492');
INSERT INTO user_has_match(user_id, match_id) VALUES('6D350F2C-5887-F332-387D-FEEDAA4119F8','88C9BB41-BA61-AFB5-F0A6-39286D7B8C73');
INSERT INTO user_has_match(user_id, match_id) VALUES('6D350F2C-5887-F332-387D-FEEDAA4119F8','0EA0AE36-454E-5847-8547-D3A19CA5E78F');
INSERT INTO user_has_match(user_id, match_id) VALUES('6D350F2C-5887-F332-387D-FEEDAA4119F8','FC4AE12B-D0D5-DD1E-D30E-00880F411C4C');
INSERT INTO user_has_match(user_id, match_id) VALUES('6D350F2C-5887-F332-387D-FEEDAA4119F8','65FC6F5A-DA69-C5AF-D6AC-E00DD9D449A1');
INSERT INTO user_has_match(user_id, match_id) VALUES('6D350F2C-5887-F332-387D-FEEDAA4119F8','8FC8B7B1-7CB8-A6CE-DE94-58BB614F9694');
INSERT INTO user_has_match(user_id, match_id) VALUES('6D350F2C-5887-F332-387D-FEEDAA4119F8','D869C4DA-34CD-A380-263E-97263AF93A2C');
INSERT INTO user_has_match(user_id, match_id) VALUES('6D350F2C-5887-F332-387D-FEEDAA4119F8','BB6DEEDA-6ACB-D77F-253D-79010DF1AA08');
INSERT INTO user_has_match(user_id, match_id) VALUES('6D350F2C-5887-F332-387D-FEEDAA4119F8','8FCD6F17-4806-2696-6E87-53E6B67F767E');
INSERT INTO user_has_match(user_id, match_id) VALUES('6D350F2C-5887-F332-387D-FEEDAA4119F8','6E9E79A6-9819-D429-D7EB-83FD63E90156');
INSERT INTO user_has_match(user_id, match_id) VALUES('6D350F2C-5887-F332-387D-FEEDAA4119F8','E6773BB7-DCD6-C456-5E64-D12BBF2C0EA5');
INSERT INTO user_has_match(user_id, match_id) VALUES('6D350F2C-5887-F332-387D-FEEDAA4119F8','3073ED2D-DFDC-3C94-FEB4-3AE6AAB36492');
INSERT INTO user_has_match(user_id, match_id) VALUES('6D350F2C-5887-F332-387D-FEEDAA4119F8','627999F3-4389-C13A-65BD-BE2BC982460E');
INSERT INTO user_has_match(user_id, match_id) VALUES('6D350F2C-5887-F332-387D-FEEDAA4119F8','A32E3FE5-16A4-5FD5-27E3-A7C7D3B83D66');
INSERT INTO user_has_match(user_id, match_id) VALUES('6D350F2C-5887-F332-387D-FEEDAA4119F8','08188BC8-CF40-1039-4549-9AEB6F9EAB8D');
INSERT INTO user_has_match(user_id, match_id) VALUES('6D350F2C-5887-F332-387D-FEEDAA4119F8','FF8AEC9A-99D5-E92A-36C5-E739AC170D50');
INSERT INTO user_has_match(user_id, match_id) VALUES('CF4A9F36-373A-C301-EA85-A0C34486BA9F','340A2128-3B92-2AEE-FDB8-A5DB6C7D4A65');
INSERT INTO user_has_match(user_id, match_id) VALUES('CF4A9F36-373A-C301-EA85-A0C34486BA9F','FC4AE12B-D0D5-DD1E-D30E-00880F411C4C');
INSERT INTO user_has_match(user_id, match_id) VALUES('CF4A9F36-373A-C301-EA85-A0C34486BA9F','41764A98-A260-D783-519F-D202ED3D387D');
INSERT INTO user_has_match(user_id, match_id) VALUES('CF4A9F36-373A-C301-EA85-A0C34486BA9F','3B3DD1C2-2468-C6BD-7C0D-839658FD91E4');
INSERT INTO user_has_match(user_id, match_id) VALUES('CF4A9F36-373A-C301-EA85-A0C34486BA9F','D869C4DA-34CD-A380-263E-97263AF93A2C');
INSERT INTO user_has_match(user_id, match_id) VALUES('CF4A9F36-373A-C301-EA85-A0C34486BA9F','7DAA7077-1751-6371-5C6B-D226A3A5D79C');
INSERT INTO user_has_match(user_id, match_id) VALUES('CF4A9F36-373A-C301-EA85-A0C34486BA9F','A32E3FE5-16A4-5FD5-27E3-A7C7D3B83D66');
INSERT INTO user_has_match(user_id, match_id) VALUES('CF4A9F36-373A-C301-EA85-A0C34486BA9F','470C8517-7950-4873-E449-697F5C3E119C');
INSERT INTO user_has_match(user_id, match_id) VALUES('CF4A9F36-373A-C301-EA85-A0C34486BA9F','FBA48738-1351-3C72-A511-D18269936BA0');
INSERT INTO user_has_match(user_id, match_id) VALUES('CF4A9F36-373A-C301-EA85-A0C34486BA9F','FF8AEC9A-99D5-E92A-36C5-E739AC170D50');
INSERT INTO user_has_match(user_id, match_id) VALUES('CF4A9F36-373A-C301-EA85-A0C34486BA9F','677070B3-5848-E8A3-3205-A077FB8BB7AC');
INSERT INTO user_has_match(user_id, match_id) VALUES('361DB271-EB36-2F8F-3D58-A4721F928925','0EA0AE36-454E-5847-8547-D3A19CA5E78F');
INSERT INTO user_has_match(user_id, match_id) VALUES('361DB271-EB36-2F8F-3D58-A4721F928925','340A2128-3B92-2AEE-FDB8-A5DB6C7D4A65');
INSERT INTO user_has_match(user_id, match_id) VALUES('361DB271-EB36-2F8F-3D58-A4721F928925','FC4AE12B-D0D5-DD1E-D30E-00880F411C4C');
INSERT INTO user_has_match(user_id, match_id) VALUES('361DB271-EB36-2F8F-3D58-A4721F928925','8FC8B7B1-7CB8-A6CE-DE94-58BB614F9694');
INSERT INTO user_has_match(user_id, match_id) VALUES('361DB271-EB36-2F8F-3D58-A4721F928925','41B6D10A-88A5-73E9-D827-0C67DBEC37ED');
INSERT INTO user_has_match(user_id, match_id) VALUES('361DB271-EB36-2F8F-3D58-A4721F928925','68A32A2E-5B29-B990-193F-CC609241E528');
INSERT INTO user_has_match(user_id, match_id) VALUES('361DB271-EB36-2F8F-3D58-A4721F928925','4F9808B9-DF74-A8D9-0B83-B80F61AFC561');
INSERT INTO user_has_match(user_id, match_id) VALUES('361DB271-EB36-2F8F-3D58-A4721F928925','353C4C5A-C48E-27A2-C7C6-337895F9427A');
INSERT INTO user_has_match(user_id, match_id) VALUES('D8579FCC-BB44-C11A-7356-5F5D59199B67','C2528B6B-F85F-ABB9-639A-CF4C4735BCAC');
INSERT INTO user_has_match(user_id, match_id) VALUES('D8579FCC-BB44-C11A-7356-5F5D59199B67','0EA0AE36-454E-5847-8547-D3A19CA5E78F');
INSERT INTO user_has_match(user_id, match_id) VALUES('D8579FCC-BB44-C11A-7356-5F5D59199B67','5AC8CD36-1B33-F793-25D5-638FB273AD22');
INSERT INTO user_has_match(user_id, match_id) VALUES('D8579FCC-BB44-C11A-7356-5F5D59199B67','8FC8B7B1-7CB8-A6CE-DE94-58BB614F9694');
INSERT INTO user_has_match(user_id, match_id) VALUES('D8579FCC-BB44-C11A-7356-5F5D59199B67','0E29D9F7-CE39-7DA6-D5BD-63CCB8B3864F');
INSERT INTO user_has_match(user_id, match_id) VALUES('D8579FCC-BB44-C11A-7356-5F5D59199B67','8FCD6F17-4806-2696-6E87-53E6B67F767E');
INSERT INTO user_has_match(user_id, match_id) VALUES('D8579FCC-BB44-C11A-7356-5F5D59199B67','2C583EDD-CA4C-E651-CFDA-2BD7F1CF96DA');
INSERT INTO user_has_match(user_id, match_id) VALUES('D8579FCC-BB44-C11A-7356-5F5D59199B67','FBA48738-1351-3C72-A511-D18269936BA0');
INSERT INTO user_has_match(user_id, match_id) VALUES('D8579FCC-BB44-C11A-7356-5F5D59199B67','85D32BA8-2D9C-8E76-3128-7825A43C34E3');
INSERT INTO user_has_match(user_id, match_id) VALUES('D8579FCC-BB44-C11A-7356-5F5D59199B67','FF8AEC9A-99D5-E92A-36C5-E739AC170D50');
INSERT INTO user_has_match(user_id, match_id) VALUES('9DA3393D-A0EF-7600-0A52-FBA76571BE4C','5AC8CD36-1B33-F793-25D5-638FB273AD22');
INSERT INTO user_has_match(user_id, match_id) VALUES('9DA3393D-A0EF-7600-0A52-FBA76571BE4C','FC4AE12B-D0D5-DD1E-D30E-00880F411C4C');
INSERT INTO user_has_match(user_id, match_id) VALUES('9DA3393D-A0EF-7600-0A52-FBA76571BE4C','2376F855-273E-8814-EFEC-2AFDB1654EBC');
INSERT INTO user_has_match(user_id, match_id) VALUES('9DA3393D-A0EF-7600-0A52-FBA76571BE4C','22B0CA13-AE72-BA2B-9452-9D7A004A37EF');
INSERT INTO user_has_match(user_id, match_id) VALUES('9DA3393D-A0EF-7600-0A52-FBA76571BE4C','D869C4DA-34CD-A380-263E-97263AF93A2C');
INSERT INTO user_has_match(user_id, match_id) VALUES('9DA3393D-A0EF-7600-0A52-FBA76571BE4C','68A32A2E-5B29-B990-193F-CC609241E528');
INSERT INTO user_has_match(user_id, match_id) VALUES('9DA3393D-A0EF-7600-0A52-FBA76571BE4C','D75D7C30-C7E9-7614-7044-BE43D769DDAA');
INSERT INTO user_has_match(user_id, match_id) VALUES('9DA3393D-A0EF-7600-0A52-FBA76571BE4C','B3B2F513-6441-70DC-667B-B34A7ED843AE');
INSERT INTO user_has_match(user_id, match_id) VALUES('9DA3393D-A0EF-7600-0A52-FBA76571BE4C','17098E33-533B-D7D1-D850-58637128FC72');
INSERT INTO user_has_match(user_id, match_id) VALUES('9DA3393D-A0EF-7600-0A52-FBA76571BE4C','7DAA7077-1751-6371-5C6B-D226A3A5D79C');
INSERT INTO user_has_match(user_id, match_id) VALUES('9DA3393D-A0EF-7600-0A52-FBA76571BE4C','E6773BB7-DCD6-C456-5E64-D12BBF2C0EA5');
INSERT INTO user_has_match(user_id, match_id) VALUES('9DA3393D-A0EF-7600-0A52-FBA76571BE4C','627999F3-4389-C13A-65BD-BE2BC982460E');
INSERT INTO user_has_match(user_id, match_id) VALUES('9DA3393D-A0EF-7600-0A52-FBA76571BE4C','85D32BA8-2D9C-8E76-3128-7825A43C34E3');
INSERT INTO user_has_match(user_id, match_id) VALUES('611E0189-717E-2F4F-D749-A78DEF80D697','B117C27A-25BE-794A-DB6C-26B022DCE9F8');
INSERT INTO user_has_match(user_id, match_id) VALUES('611E0189-717E-2F4F-D749-A78DEF80D697','4F9808B9-DF74-A8D9-0B83-B80F61AFC561');
INSERT INTO user_has_match(user_id, match_id) VALUES('611E0189-717E-2F4F-D749-A78DEF80D697','2C583EDD-CA4C-E651-CFDA-2BD7F1CF96DA');
INSERT INTO user_has_match(user_id, match_id) VALUES('611E0189-717E-2F4F-D749-A78DEF80D697','E6773BB7-DCD6-C456-5E64-D12BBF2C0EA5');
INSERT INTO user_has_match(user_id, match_id) VALUES('611E0189-717E-2F4F-D749-A78DEF80D697','3073ED2D-DFDC-3C94-FEB4-3AE6AAB36492');
INSERT INTO user_has_match(user_id, match_id) VALUES('611E0189-717E-2F4F-D749-A78DEF80D697','627999F3-4389-C13A-65BD-BE2BC982460E');
INSERT INTO user_has_match(user_id, match_id) VALUES('611E0189-717E-2F4F-D749-A78DEF80D697','BBCAA949-A1F2-6F20-D625-50632BE870F9');
INSERT INTO user_has_match(user_id, match_id) VALUES('611E0189-717E-2F4F-D749-A78DEF80D697','677070B3-5848-E8A3-3205-A077FB8BB7AC');
INSERT INTO user_has_match(user_id, match_id) VALUES('AEEE80F3-E057-25DB-1EFB-F54D729B610B','88C9BB41-BA61-AFB5-F0A6-39286D7B8C73');
INSERT INTO user_has_match(user_id, match_id) VALUES('AEEE80F3-E057-25DB-1EFB-F54D729B610B','C2528B6B-F85F-ABB9-639A-CF4C4735BCAC');
INSERT INTO user_has_match(user_id, match_id) VALUES('AEEE80F3-E057-25DB-1EFB-F54D729B610B','22B0CA13-AE72-BA2B-9452-9D7A004A37EF');
INSERT INTO user_has_match(user_id, match_id) VALUES('AEEE80F3-E057-25DB-1EFB-F54D729B610B','A145454E-EEDB-31D1-2115-D93AA9F6C87E');
INSERT INTO user_has_match(user_id, match_id) VALUES('AEEE80F3-E057-25DB-1EFB-F54D729B610B','8FC8B7B1-7CB8-A6CE-DE94-58BB614F9694');
INSERT INTO user_has_match(user_id, match_id) VALUES('AEEE80F3-E057-25DB-1EFB-F54D729B610B','E6773BB7-DCD6-C456-5E64-D12BBF2C0EA5');
INSERT INTO user_has_match(user_id, match_id) VALUES('AEEE80F3-E057-25DB-1EFB-F54D729B610B','30D1C267-A22E-F8BA-6DFC-981737E05973');
INSERT INTO user_has_match(user_id, match_id) VALUES('AEEE80F3-E057-25DB-1EFB-F54D729B610B','470C8517-7950-4873-E449-697F5C3E119C');
INSERT INTO user_has_match(user_id, match_id) VALUES('AEEE80F3-E057-25DB-1EFB-F54D729B610B','FBA48738-1351-3C72-A511-D18269936BA0');
INSERT INTO user_has_match(user_id, match_id) VALUES('AEEE80F3-E057-25DB-1EFB-F54D729B610B','85D32BA8-2D9C-8E76-3128-7825A43C34E3');
INSERT INTO user_has_match(user_id, match_id) VALUES('AEEE80F3-E057-25DB-1EFB-F54D729B610B','FF8AEC9A-99D5-E92A-36C5-E739AC170D50');
INSERT INTO user_has_match(user_id, match_id) VALUES('D9BE7807-3C3C-A634-81BD-F64065FB680D','340A2128-3B92-2AEE-FDB8-A5DB6C7D4A65');
INSERT INTO user_has_match(user_id, match_id) VALUES('D9BE7807-3C3C-A634-81BD-F64065FB680D','3B3DD1C2-2468-C6BD-7C0D-839658FD91E4');
INSERT INTO user_has_match(user_id, match_id) VALUES('D9BE7807-3C3C-A634-81BD-F64065FB680D','2376F855-273E-8814-EFEC-2AFDB1654EBC');
INSERT INTO user_has_match(user_id, match_id) VALUES('D9BE7807-3C3C-A634-81BD-F64065FB680D','77D84217-D5AB-7AC3-C504-6F25C2D2C028');
INSERT INTO user_has_match(user_id, match_id) VALUES('D9BE7807-3C3C-A634-81BD-F64065FB680D','0E29D9F7-CE39-7DA6-D5BD-63CCB8B3864F');
INSERT INTO user_has_match(user_id, match_id) VALUES('D9BE7807-3C3C-A634-81BD-F64065FB680D','68A32A2E-5B29-B990-193F-CC609241E528');
INSERT INTO user_has_match(user_id, match_id) VALUES('D9BE7807-3C3C-A634-81BD-F64065FB680D','A755C9EF-10CD-874D-7689-CEAB4151DB35');
INSERT INTO user_has_match(user_id, match_id) VALUES('D9BE7807-3C3C-A634-81BD-F64065FB680D','B3B2F513-6441-70DC-667B-B34A7ED843AE');
INSERT INTO user_has_match(user_id, match_id) VALUES('D9BE7807-3C3C-A634-81BD-F64065FB680D','17098E33-533B-D7D1-D850-58637128FC72');
INSERT INTO user_has_match(user_id, match_id) VALUES('D9BE7807-3C3C-A634-81BD-F64065FB680D','470C8517-7950-4873-E449-697F5C3E119C');
INSERT INTO user_has_match(user_id, match_id) VALUES('D9BE7807-3C3C-A634-81BD-F64065FB680D','FF8AEC9A-99D5-E92A-36C5-E739AC170D50');
INSERT INTO user_has_match(user_id, match_id) VALUES('938E929F-8FAC-7104-1007-7291FDCF2BCE','5AC8CD36-1B33-F793-25D5-638FB273AD22');
INSERT INTO user_has_match(user_id, match_id) VALUES('938E929F-8FAC-7104-1007-7291FDCF2BCE','8FC8B7B1-7CB8-A6CE-DE94-58BB614F9694');
INSERT INTO user_has_match(user_id, match_id) VALUES('938E929F-8FAC-7104-1007-7291FDCF2BCE','77D84217-D5AB-7AC3-C504-6F25C2D2C028');
INSERT INTO user_has_match(user_id, match_id) VALUES('938E929F-8FAC-7104-1007-7291FDCF2BCE','0E29D9F7-CE39-7DA6-D5BD-63CCB8B3864F');
INSERT INTO user_has_match(user_id, match_id) VALUES('938E929F-8FAC-7104-1007-7291FDCF2BCE','BB6DEEDA-6ACB-D77F-253D-79010DF1AA08');
INSERT INTO user_has_match(user_id, match_id) VALUES('938E929F-8FAC-7104-1007-7291FDCF2BCE','17098E33-533B-D7D1-D850-58637128FC72');
INSERT INTO user_has_match(user_id, match_id) VALUES('938E929F-8FAC-7104-1007-7291FDCF2BCE','7DAA7077-1751-6371-5C6B-D226A3A5D79C');
INSERT INTO user_has_match(user_id, match_id) VALUES('938E929F-8FAC-7104-1007-7291FDCF2BCE','2C583EDD-CA4C-E651-CFDA-2BD7F1CF96DA');
INSERT INTO user_has_match(user_id, match_id) VALUES('938E929F-8FAC-7104-1007-7291FDCF2BCE','353C4C5A-C48E-27A2-C7C6-337895F9427A');
INSERT INTO user_has_match(user_id, match_id) VALUES('938E929F-8FAC-7104-1007-7291FDCF2BCE','30D1C267-A22E-F8BA-6DFC-981737E05973');
INSERT INTO user_has_match(user_id, match_id) VALUES('938E929F-8FAC-7104-1007-7291FDCF2BCE','3073ED2D-DFDC-3C94-FEB4-3AE6AAB36492');
INSERT INTO user_has_match(user_id, match_id) VALUES('938E929F-8FAC-7104-1007-7291FDCF2BCE','FBA48738-1351-3C72-A511-D18269936BA0');
INSERT INTO user_has_match(user_id, match_id) VALUES('938E929F-8FAC-7104-1007-7291FDCF2BCE','BBCAA949-A1F2-6F20-D625-50632BE870F9');
INSERT INTO user_has_match(user_id, match_id) VALUES('3E2E3065-6D5D-9E28-3C4F-5DB39D930E35','3B3DD1C2-2468-C6BD-7C0D-839658FD91E4');
INSERT INTO user_has_match(user_id, match_id) VALUES('3E2E3065-6D5D-9E28-3C4F-5DB39D930E35','22B0CA13-AE72-BA2B-9452-9D7A004A37EF');
INSERT INTO user_has_match(user_id, match_id) VALUES('3E2E3065-6D5D-9E28-3C4F-5DB39D930E35','869DA182-E156-9A17-28AC-5A3BA0506053');
INSERT INTO user_has_match(user_id, match_id) VALUES('3E2E3065-6D5D-9E28-3C4F-5DB39D930E35','A755C9EF-10CD-874D-7689-CEAB4151DB35');
INSERT INTO user_has_match(user_id, match_id) VALUES('3E2E3065-6D5D-9E28-3C4F-5DB39D930E35','8086E73E-72E0-B972-711F-64CEC9529616');
INSERT INTO user_has_match(user_id, match_id) VALUES('3E2E3065-6D5D-9E28-3C4F-5DB39D930E35','17098E33-533B-D7D1-D850-58637128FC72');
INSERT INTO user_has_match(user_id, match_id) VALUES('3E2E3065-6D5D-9E28-3C4F-5DB39D930E35','7DAA7077-1751-6371-5C6B-D226A3A5D79C');
INSERT INTO user_has_match(user_id, match_id) VALUES('3E2E3065-6D5D-9E28-3C4F-5DB39D930E35','FBA48738-1351-3C72-A511-D18269936BA0');
INSERT INTO user_has_match(user_id, match_id) VALUES('3E2E3065-6D5D-9E28-3C4F-5DB39D930E35','34ACA953-B1B2-8D43-BAE1-620ACDD07F6B');
INSERT INTO user_has_match(user_id, match_id) VALUES('897B13DE-96AE-45DD-7563-57DECFBA9BDC','3B3DD1C2-2468-C6BD-7C0D-839658FD91E4');
INSERT INTO user_has_match(user_id, match_id) VALUES('897B13DE-96AE-45DD-7563-57DECFBA9BDC','2376F855-273E-8814-EFEC-2AFDB1654EBC');
INSERT INTO user_has_match(user_id, match_id) VALUES('897B13DE-96AE-45DD-7563-57DECFBA9BDC','41B6D10A-88A5-73E9-D827-0C67DBEC37ED');
INSERT INTO user_has_match(user_id, match_id) VALUES('897B13DE-96AE-45DD-7563-57DECFBA9BDC','1D243645-7389-EE02-F6A4-3E26A59D5EBA');
INSERT INTO user_has_match(user_id, match_id) VALUES('897B13DE-96AE-45DD-7563-57DECFBA9BDC','8086E73E-72E0-B972-711F-64CEC9529616');
INSERT INTO user_has_match(user_id, match_id) VALUES('897B13DE-96AE-45DD-7563-57DECFBA9BDC','7DAA7077-1751-6371-5C6B-D226A3A5D79C');
INSERT INTO user_has_match(user_id, match_id) VALUES('897B13DE-96AE-45DD-7563-57DECFBA9BDC','353C4C5A-C48E-27A2-C7C6-337895F9427A');
INSERT INTO user_has_match(user_id, match_id) VALUES('897B13DE-96AE-45DD-7563-57DECFBA9BDC','3D85A187-95A5-3CC6-9C57-717A532AE17F');
INSERT INTO user_has_match(user_id, match_id) VALUES('897B13DE-96AE-45DD-7563-57DECFBA9BDC','34ACA953-B1B2-8D43-BAE1-620ACDD07F6B');
INSERT INTO user_has_match(user_id, match_id) VALUES('897B13DE-96AE-45DD-7563-57DECFBA9BDC','677070B3-5848-E8A3-3205-A077FB8BB7AC');
INSERT INTO user_has_match(user_id, match_id) VALUES('419C4810-B3A7-5B51-D502-1DE1ACA3D5F5','41B6D10A-88A5-73E9-D827-0C67DBEC37ED');
INSERT INTO user_has_match(user_id, match_id) VALUES('419C4810-B3A7-5B51-D502-1DE1ACA3D5F5','0E29D9F7-CE39-7DA6-D5BD-63CCB8B3864F');
INSERT INTO user_has_match(user_id, match_id) VALUES('419C4810-B3A7-5B51-D502-1DE1ACA3D5F5','A755C9EF-10CD-874D-7689-CEAB4151DB35');
INSERT INTO user_has_match(user_id, match_id) VALUES('419C4810-B3A7-5B51-D502-1DE1ACA3D5F5','B3B2F513-6441-70DC-667B-B34A7ED843AE');
INSERT INTO user_has_match(user_id, match_id) VALUES('419C4810-B3A7-5B51-D502-1DE1ACA3D5F5','1D243645-7389-EE02-F6A4-3E26A59D5EBA');
INSERT INTO user_has_match(user_id, match_id) VALUES('419C4810-B3A7-5B51-D502-1DE1ACA3D5F5','8FCD6F17-4806-2696-6E87-53E6B67F767E');
INSERT INTO user_has_match(user_id, match_id) VALUES('419C4810-B3A7-5B51-D502-1DE1ACA3D5F5','7DAA7077-1751-6371-5C6B-D226A3A5D79C');
INSERT INTO user_has_match(user_id, match_id) VALUES('419C4810-B3A7-5B51-D502-1DE1ACA3D5F5','2C583EDD-CA4C-E651-CFDA-2BD7F1CF96DA');
INSERT INTO user_has_match(user_id, match_id) VALUES('419C4810-B3A7-5B51-D502-1DE1ACA3D5F5','353C4C5A-C48E-27A2-C7C6-337895F9427A');
INSERT INTO user_has_match(user_id, match_id) VALUES('419C4810-B3A7-5B51-D502-1DE1ACA3D5F5','470C8517-7950-4873-E449-697F5C3E119C');
INSERT INTO user_has_match(user_id, match_id) VALUES('419C4810-B3A7-5B51-D502-1DE1ACA3D5F5','FBA48738-1351-3C72-A511-D18269936BA0');
INSERT INTO user_has_match(user_id, match_id) VALUES('419C4810-B3A7-5B51-D502-1DE1ACA3D5F5','479BEA82-68F5-4021-8BB0-F392D34638C4');
INSERT INTO user_has_match(user_id, match_id) VALUES('419C4810-B3A7-5B51-D502-1DE1ACA3D5F5','34ACA953-B1B2-8D43-BAE1-620ACDD07F6B');
INSERT INTO user_has_match(user_id, match_id) VALUES('419C4810-B3A7-5B51-D502-1DE1ACA3D5F5','08188BC8-CF40-1039-4549-9AEB6F9EAB8D');
INSERT INTO user_has_match(user_id, match_id) VALUES('3BD0921B-9C7E-E7D5-D762-57D0755692EE','4F9808B9-DF74-A8D9-0B83-B80F61AFC561');
INSERT INTO user_has_match(user_id, match_id) VALUES('3BD0921B-9C7E-E7D5-D762-57D0755692EE','17098E33-533B-D7D1-D850-58637128FC72');
INSERT INTO user_has_match(user_id, match_id) VALUES('3BD0921B-9C7E-E7D5-D762-57D0755692EE','627999F3-4389-C13A-65BD-BE2BC982460E');
INSERT INTO user_has_match(user_id, match_id) VALUES('3BD0921B-9C7E-E7D5-D762-57D0755692EE','A32E3FE5-16A4-5FD5-27E3-A7C7D3B83D66');
INSERT INTO user_has_match(user_id, match_id) VALUES('3BD0921B-9C7E-E7D5-D762-57D0755692EE','BBCAA949-A1F2-6F20-D625-50632BE870F9');
INSERT INTO user_has_match(user_id, match_id) VALUES('3BD0921B-9C7E-E7D5-D762-57D0755692EE','08188BC8-CF40-1039-4549-9AEB6F9EAB8D');
INSERT INTO user_has_match(user_id, match_id) VALUES('83AC0DF6-7043-DC24-08D9-2549BA3FFC80','41764A98-A260-D783-519F-D202ED3D387D');
INSERT INTO user_has_match(user_id, match_id) VALUES('83AC0DF6-7043-DC24-08D9-2549BA3FFC80','8FC8B7B1-7CB8-A6CE-DE94-58BB614F9694');
INSERT INTO user_has_match(user_id, match_id) VALUES('83AC0DF6-7043-DC24-08D9-2549BA3FFC80','0E29D9F7-CE39-7DA6-D5BD-63CCB8B3864F');
INSERT INTO user_has_match(user_id, match_id) VALUES('83AC0DF6-7043-DC24-08D9-2549BA3FFC80','D869C4DA-34CD-A380-263E-97263AF93A2C');
INSERT INTO user_has_match(user_id, match_id) VALUES('83AC0DF6-7043-DC24-08D9-2549BA3FFC80','1D243645-7389-EE02-F6A4-3E26A59D5EBA');
INSERT INTO user_has_match(user_id, match_id) VALUES('83AC0DF6-7043-DC24-08D9-2549BA3FFC80','17098E33-533B-D7D1-D850-58637128FC72');
INSERT INTO user_has_match(user_id, match_id) VALUES('83AC0DF6-7043-DC24-08D9-2549BA3FFC80','E6773BB7-DCD6-C456-5E64-D12BBF2C0EA5');
INSERT INTO user_has_match(user_id, match_id) VALUES('83AC0DF6-7043-DC24-08D9-2549BA3FFC80','30D1C267-A22E-F8BA-6DFC-981737E05973');
INSERT INTO user_has_match(user_id, match_id) VALUES('83AC0DF6-7043-DC24-08D9-2549BA3FFC80','BBCAA949-A1F2-6F20-D625-50632BE870F9');
INSERT INTO user_has_match(user_id, match_id) VALUES('83AC0DF6-7043-DC24-08D9-2549BA3FFC80','08188BC8-CF40-1039-4549-9AEB6F9EAB8D');
INSERT INTO user_has_match(user_id, match_id) VALUES('AF21F654-CE8E-19F6-69DF-71FFCE2B40D2','3B3DD1C2-2468-C6BD-7C0D-839658FD91E4');
INSERT INTO user_has_match(user_id, match_id) VALUES('AF21F654-CE8E-19F6-69DF-71FFCE2B40D2','1D243645-7389-EE02-F6A4-3E26A59D5EBA');
INSERT INTO user_has_match(user_id, match_id) VALUES('AF21F654-CE8E-19F6-69DF-71FFCE2B40D2','6E9E79A6-9819-D429-D7EB-83FD63E90156');
INSERT INTO user_has_match(user_id, match_id) VALUES('AF21F654-CE8E-19F6-69DF-71FFCE2B40D2','3D85A187-95A5-3CC6-9C57-717A532AE17F');
INSERT INTO user_has_match(user_id, match_id) VALUES('AF21F654-CE8E-19F6-69DF-71FFCE2B40D2','470C8517-7950-4873-E449-697F5C3E119C');
INSERT INTO user_has_match(user_id, match_id) VALUES('1C602BA2-33C7-51A8-3E4A-5C1D3E38D4A8','88C9BB41-BA61-AFB5-F0A6-39286D7B8C73');
INSERT INTO user_has_match(user_id, match_id) VALUES('1C602BA2-33C7-51A8-3E4A-5C1D3E38D4A8','B117C27A-25BE-794A-DB6C-26B022DCE9F8');
INSERT INTO user_has_match(user_id, match_id) VALUES('1C602BA2-33C7-51A8-3E4A-5C1D3E38D4A8','5AC8CD36-1B33-F793-25D5-638FB273AD22');
INSERT INTO user_has_match(user_id, match_id) VALUES('1C602BA2-33C7-51A8-3E4A-5C1D3E38D4A8','FC4AE12B-D0D5-DD1E-D30E-00880F411C4C');
INSERT INTO user_has_match(user_id, match_id) VALUES('1C602BA2-33C7-51A8-3E4A-5C1D3E38D4A8','869DA182-E156-9A17-28AC-5A3BA0506053');
INSERT INTO user_has_match(user_id, match_id) VALUES('1C602BA2-33C7-51A8-3E4A-5C1D3E38D4A8','0E29D9F7-CE39-7DA6-D5BD-63CCB8B3864F');
INSERT INTO user_has_match(user_id, match_id) VALUES('1C602BA2-33C7-51A8-3E4A-5C1D3E38D4A8','D869C4DA-34CD-A380-263E-97263AF93A2C');
INSERT INTO user_has_match(user_id, match_id) VALUES('1C602BA2-33C7-51A8-3E4A-5C1D3E38D4A8','4F9808B9-DF74-A8D9-0B83-B80F61AFC561');
INSERT INTO user_has_match(user_id, match_id) VALUES('1C602BA2-33C7-51A8-3E4A-5C1D3E38D4A8','E6773BB7-DCD6-C456-5E64-D12BBF2C0EA5');
INSERT INTO user_has_match(user_id, match_id) VALUES('1C602BA2-33C7-51A8-3E4A-5C1D3E38D4A8','627999F3-4389-C13A-65BD-BE2BC982460E');
INSERT INTO user_has_match(user_id, match_id) VALUES('1C602BA2-33C7-51A8-3E4A-5C1D3E38D4A8','470C8517-7950-4873-E449-697F5C3E119C');
INSERT INTO user_has_match(user_id, match_id) VALUES('1C602BA2-33C7-51A8-3E4A-5C1D3E38D4A8','FBA48738-1351-3C72-A511-D18269936BA0');
INSERT INTO user_has_match(user_id, match_id) VALUES('65FFB931-B691-E694-21F9-A354DF676AFD','65FC6F5A-DA69-C5AF-D6AC-E00DD9D449A1');
INSERT INTO user_has_match(user_id, match_id) VALUES('65FFB931-B691-E694-21F9-A354DF676AFD','A755C9EF-10CD-874D-7689-CEAB4151DB35');
INSERT INTO user_has_match(user_id, match_id) VALUES('65FFB931-B691-E694-21F9-A354DF676AFD','E6773BB7-DCD6-C456-5E64-D12BBF2C0EA5');
INSERT INTO user_has_match(user_id, match_id) VALUES('65FFB931-B691-E694-21F9-A354DF676AFD','A32E3FE5-16A4-5FD5-27E3-A7C7D3B83D66');
INSERT INTO user_has_match(user_id, match_id) VALUES('65FFB931-B691-E694-21F9-A354DF676AFD','677070B3-5848-E8A3-3205-A077FB8BB7AC');
INSERT INTO user_has_match(user_id, match_id) VALUES('1EEA3CC3-3944-EBF6-9146-307BD5234012','88C9BB41-BA61-AFB5-F0A6-39286D7B8C73');
INSERT INTO user_has_match(user_id, match_id) VALUES('1EEA3CC3-3944-EBF6-9146-307BD5234012','C2528B6B-F85F-ABB9-639A-CF4C4735BCAC');
INSERT INTO user_has_match(user_id, match_id) VALUES('1EEA3CC3-3944-EBF6-9146-307BD5234012','340A2128-3B92-2AEE-FDB8-A5DB6C7D4A65');
INSERT INTO user_has_match(user_id, match_id) VALUES('1EEA3CC3-3944-EBF6-9146-307BD5234012','5AC8CD36-1B33-F793-25D5-638FB273AD22');
INSERT INTO user_has_match(user_id, match_id) VALUES('1EEA3CC3-3944-EBF6-9146-307BD5234012','FC4AE12B-D0D5-DD1E-D30E-00880F411C4C');
INSERT INTO user_has_match(user_id, match_id) VALUES('1EEA3CC3-3944-EBF6-9146-307BD5234012','41764A98-A260-D783-519F-D202ED3D387D');
INSERT INTO user_has_match(user_id, match_id) VALUES('1EEA3CC3-3944-EBF6-9146-307BD5234012','65FC6F5A-DA69-C5AF-D6AC-E00DD9D449A1');
INSERT INTO user_has_match(user_id, match_id) VALUES('1EEA3CC3-3944-EBF6-9146-307BD5234012','68A32A2E-5B29-B990-193F-CC609241E528');
INSERT INTO user_has_match(user_id, match_id) VALUES('1EEA3CC3-3944-EBF6-9146-307BD5234012','D75D7C30-C7E9-7614-7044-BE43D769DDAA');
INSERT INTO user_has_match(user_id, match_id) VALUES('1EEA3CC3-3944-EBF6-9146-307BD5234012','8FCD6F17-4806-2696-6E87-53E6B67F767E');
INSERT INTO user_has_match(user_id, match_id) VALUES('1EEA3CC3-3944-EBF6-9146-307BD5234012','4F9808B9-DF74-A8D9-0B83-B80F61AFC561');
INSERT INTO user_has_match(user_id, match_id) VALUES('1EEA3CC3-3944-EBF6-9146-307BD5234012','6E9E79A6-9819-D429-D7EB-83FD63E90156');
INSERT INTO user_has_match(user_id, match_id) VALUES('1EEA3CC3-3944-EBF6-9146-307BD5234012','470C8517-7950-4873-E449-697F5C3E119C');
INSERT INTO user_has_match(user_id, match_id) VALUES('AFB755FC-10DB-15EB-EC9D-B4484CAD62F7','B117C27A-25BE-794A-DB6C-26B022DCE9F8');
INSERT INTO user_has_match(user_id, match_id) VALUES('AFB755FC-10DB-15EB-EC9D-B4484CAD62F7','41764A98-A260-D783-519F-D202ED3D387D');
INSERT INTO user_has_match(user_id, match_id) VALUES('AFB755FC-10DB-15EB-EC9D-B4484CAD62F7','65FC6F5A-DA69-C5AF-D6AC-E00DD9D449A1');
INSERT INTO user_has_match(user_id, match_id) VALUES('AFB755FC-10DB-15EB-EC9D-B4484CAD62F7','41B6D10A-88A5-73E9-D827-0C67DBEC37ED');
INSERT INTO user_has_match(user_id, match_id) VALUES('AFB755FC-10DB-15EB-EC9D-B4484CAD62F7','D869C4DA-34CD-A380-263E-97263AF93A2C');
INSERT INTO user_has_match(user_id, match_id) VALUES('AFB755FC-10DB-15EB-EC9D-B4484CAD62F7','7DAA7077-1751-6371-5C6B-D226A3A5D79C');
INSERT INTO user_has_match(user_id, match_id) VALUES('AFB755FC-10DB-15EB-EC9D-B4484CAD62F7','E6773BB7-DCD6-C456-5E64-D12BBF2C0EA5');
INSERT INTO user_has_match(user_id, match_id) VALUES('AFB755FC-10DB-15EB-EC9D-B4484CAD62F7','30D1C267-A22E-F8BA-6DFC-981737E05973');
INSERT INTO user_has_match(user_id, match_id) VALUES('AFB755FC-10DB-15EB-EC9D-B4484CAD62F7','627999F3-4389-C13A-65BD-BE2BC982460E');
INSERT INTO user_has_match(user_id, match_id) VALUES('AFB755FC-10DB-15EB-EC9D-B4484CAD62F7','A32E3FE5-16A4-5FD5-27E3-A7C7D3B83D66');
INSERT INTO user_has_match(user_id, match_id) VALUES('AFB755FC-10DB-15EB-EC9D-B4484CAD62F7','85D32BA8-2D9C-8E76-3128-7825A43C34E3');
INSERT INTO user_has_match(user_id, match_id) VALUES('AFB755FC-10DB-15EB-EC9D-B4484CAD62F7','08188BC8-CF40-1039-4549-9AEB6F9EAB8D');
INSERT INTO user_has_match(user_id, match_id) VALUES('AFB755FC-10DB-15EB-EC9D-B4484CAD62F7','FF8AEC9A-99D5-E92A-36C5-E739AC170D50');
INSERT INTO user_has_match(user_id, match_id) VALUES('AFB755FC-10DB-15EB-EC9D-B4484CAD62F7','677070B3-5848-E8A3-3205-A077FB8BB7AC');
INSERT INTO user_has_match(user_id, match_id) VALUES('F48003B9-D059-6DDF-8339-B98612C42F21','0EA0AE36-454E-5847-8547-D3A19CA5E78F');
INSERT INTO user_has_match(user_id, match_id) VALUES('F48003B9-D059-6DDF-8339-B98612C42F21','65FC6F5A-DA69-C5AF-D6AC-E00DD9D449A1');
INSERT INTO user_has_match(user_id, match_id) VALUES('F48003B9-D059-6DDF-8339-B98612C42F21','8FC8B7B1-7CB8-A6CE-DE94-58BB614F9694');
INSERT INTO user_has_match(user_id, match_id) VALUES('F48003B9-D059-6DDF-8339-B98612C42F21','0E29D9F7-CE39-7DA6-D5BD-63CCB8B3864F');
INSERT INTO user_has_match(user_id, match_id) VALUES('F48003B9-D059-6DDF-8339-B98612C42F21','BB6DEEDA-6ACB-D77F-253D-79010DF1AA08');
INSERT INTO user_has_match(user_id, match_id) VALUES('F48003B9-D059-6DDF-8339-B98612C42F21','B3B2F513-6441-70DC-667B-B34A7ED843AE');
INSERT INTO user_has_match(user_id, match_id) VALUES('F48003B9-D059-6DDF-8339-B98612C42F21','8FCD6F17-4806-2696-6E87-53E6B67F767E');
INSERT INTO user_has_match(user_id, match_id) VALUES('F48003B9-D059-6DDF-8339-B98612C42F21','353C4C5A-C48E-27A2-C7C6-337895F9427A');
INSERT INTO user_has_match(user_id, match_id) VALUES('F48003B9-D059-6DDF-8339-B98612C42F21','A32E3FE5-16A4-5FD5-27E3-A7C7D3B83D66');
INSERT INTO user_has_match(user_id, match_id) VALUES('F48003B9-D059-6DDF-8339-B98612C42F21','470C8517-7950-4873-E449-697F5C3E119C');
INSERT INTO user_has_match(user_id, match_id) VALUES('F48003B9-D059-6DDF-8339-B98612C42F21','FBA48738-1351-3C72-A511-D18269936BA0');
INSERT INTO user_has_match(user_id, match_id) VALUES('F48003B9-D059-6DDF-8339-B98612C42F21','34ACA953-B1B2-8D43-BAE1-620ACDD07F6B');
INSERT INTO user_has_match(user_id, match_id) VALUES('F48003B9-D059-6DDF-8339-B98612C42F21','85D32BA8-2D9C-8E76-3128-7825A43C34E3');
INSERT INTO user_has_match(user_id, match_id) VALUES('F48003B9-D059-6DDF-8339-B98612C42F21','FF8AEC9A-99D5-E92A-36C5-E739AC170D50');
INSERT INTO user_has_match(user_id, match_id) VALUES('486AFE8A-3EA9-CE18-CF21-5360FBFBB4BD','340A2128-3B92-2AEE-FDB8-A5DB6C7D4A65');
INSERT INTO user_has_match(user_id, match_id) VALUES('486AFE8A-3EA9-CE18-CF21-5360FBFBB4BD','B117C27A-25BE-794A-DB6C-26B022DCE9F8');
INSERT INTO user_has_match(user_id, match_id) VALUES('486AFE8A-3EA9-CE18-CF21-5360FBFBB4BD','5AC8CD36-1B33-F793-25D5-638FB273AD22');
INSERT INTO user_has_match(user_id, match_id) VALUES('486AFE8A-3EA9-CE18-CF21-5360FBFBB4BD','22B0CA13-AE72-BA2B-9452-9D7A004A37EF');
INSERT INTO user_has_match(user_id, match_id) VALUES('486AFE8A-3EA9-CE18-CF21-5360FBFBB4BD','0E29D9F7-CE39-7DA6-D5BD-63CCB8B3864F');
INSERT INTO user_has_match(user_id, match_id) VALUES('486AFE8A-3EA9-CE18-CF21-5360FBFBB4BD','68A32A2E-5B29-B990-193F-CC609241E528');
INSERT INTO user_has_match(user_id, match_id) VALUES('486AFE8A-3EA9-CE18-CF21-5360FBFBB4BD','BB6DEEDA-6ACB-D77F-253D-79010DF1AA08');
INSERT INTO user_has_match(user_id, match_id) VALUES('486AFE8A-3EA9-CE18-CF21-5360FBFBB4BD','A755C9EF-10CD-874D-7689-CEAB4151DB35');
INSERT INTO user_has_match(user_id, match_id) VALUES('486AFE8A-3EA9-CE18-CF21-5360FBFBB4BD','1D243645-7389-EE02-F6A4-3E26A59D5EBA');
INSERT INTO user_has_match(user_id, match_id) VALUES('486AFE8A-3EA9-CE18-CF21-5360FBFBB4BD','6E9E79A6-9819-D429-D7EB-83FD63E90156');
INSERT INTO user_has_match(user_id, match_id) VALUES('486AFE8A-3EA9-CE18-CF21-5360FBFBB4BD','7DAA7077-1751-6371-5C6B-D226A3A5D79C');
INSERT INTO user_has_match(user_id, match_id) VALUES('486AFE8A-3EA9-CE18-CF21-5360FBFBB4BD','E6773BB7-DCD6-C456-5E64-D12BBF2C0EA5');
INSERT INTO user_has_match(user_id, match_id) VALUES('486AFE8A-3EA9-CE18-CF21-5360FBFBB4BD','479BEA82-68F5-4021-8BB0-F392D34638C4');
INSERT INTO user_has_match(user_id, match_id) VALUES('96081667-1355-8BEF-896E-FCA4FC623E86','FC4AE12B-D0D5-DD1E-D30E-00880F411C4C');
INSERT INTO user_has_match(user_id, match_id) VALUES('96081667-1355-8BEF-896E-FCA4FC623E86','1D243645-7389-EE02-F6A4-3E26A59D5EBA');
INSERT INTO user_has_match(user_id, match_id) VALUES('96081667-1355-8BEF-896E-FCA4FC623E86','17098E33-533B-D7D1-D850-58637128FC72');
INSERT INTO user_has_match(user_id, match_id) VALUES('96081667-1355-8BEF-896E-FCA4FC623E86','3073ED2D-DFDC-3C94-FEB4-3AE6AAB36492');
INSERT INTO user_has_match(user_id, match_id) VALUES('96081667-1355-8BEF-896E-FCA4FC623E86','470C8517-7950-4873-E449-697F5C3E119C');
INSERT INTO user_has_match(user_id, match_id) VALUES('96081667-1355-8BEF-896E-FCA4FC623E86','34ACA953-B1B2-8D43-BAE1-620ACDD07F6B');
INSERT INTO user_has_match(user_id, match_id) VALUES('96081667-1355-8BEF-896E-FCA4FC623E86','85D32BA8-2D9C-8E76-3128-7825A43C34E3');

INSERT INTO user_has_user(user_a_id, user_b_id, date_time) VALUES('1EB01F12-5098-4837-8EB8-B55452C6184E','0D495B9F-FA33-F473-B810-81668CDF345E','2013-06-18 20:30');
INSERT INTO user_has_user(user_a_id, user_b_id, date_time) VALUES('1EB01F12-5098-4837-8EB8-B55452C6184E','1110B745-985F-B124-CB2E-71B6912E07BB','2013-06-18 16:00');
INSERT INTO user_has_user(user_a_id, user_b_id, date_time) VALUES('1EB01F12-5098-4837-8EB8-B55452C6184E','A5CFF350-C056-C33F-2C06-C8A4B42A526A','2013-06-12 16:00');
INSERT INTO user_has_user(user_a_id, user_b_id, date_time) VALUES('1EB01F12-5098-4837-8EB8-B55452C6184E','78A3BD25-6A99-4FEB-CFDA-35DE80932EEF','2013-06-14 16:00');
INSERT INTO user_has_user(user_a_id, user_b_id, date_time) VALUES('1EB01F12-5098-4837-8EB8-B55452C6184E','D3F86B6D-082D-BE03-0124-A3A9CF95E65E','2013-06-23 16:00');
INSERT INTO user_has_user(user_a_id, user_b_id, date_time) VALUES('1EB01F12-5098-4837-8EB8-B55452C6184E','1FE0A150-1494-976B-EC63-26BDB232678A','2013-06-13 20:30');
INSERT INTO user_has_user(user_a_id, user_b_id, date_time) VALUES('1EB01F12-5098-4837-8EB8-B55452C6184E','85AC1C46-68F0-525B-0154-EF7CB675030E','2013-06-12 16:00');
INSERT INTO user_has_user(user_a_id, user_b_id, date_time) VALUES('1EB01F12-5098-4837-8EB8-B55452C6184E','D1EEB861-148A-397D-5CFD-913DCB347117','2013-06-18 16:00');
INSERT INTO user_has_user(user_a_id, user_b_id, date_time) VALUES('5A0C2484-B2D2-E755-9E05-9A0DDDE5A889','75BD8332-6B39-E791-E7EC-B159AFEF79F3','2013-06-12 13:30');
INSERT INTO user_has_user(user_a_id, user_b_id, date_time) VALUES('5A0C2484-B2D2-E755-9E05-9A0DDDE5A889','7D87FCF1-8A5D-F63C-6E0E-8064CBB22C3E','2013-06-22 16:00');
INSERT INTO user_has_user(user_a_id, user_b_id, date_time) VALUES('5A0C2484-B2D2-E755-9E05-9A0DDDE5A889','56CE573E-900C-DC06-0309-99A9B9C5BF72','2013-06-16 20:30');
INSERT INTO user_has_user(user_a_id, user_b_id, date_time) VALUES('5A0C2484-B2D2-E755-9E05-9A0DDDE5A889','8F78A687-F25F-1905-9744-FC37890A6FAC','2013-06-23 16:00');
INSERT INTO user_has_user(user_a_id, user_b_id, date_time) VALUES('5A0C2484-B2D2-E755-9E05-9A0DDDE5A889','472020F4-FDBF-83DA-5F1F-6D6FE45601D1','2013-06-23 16:00');
INSERT INTO user_has_user(user_a_id, user_b_id, date_time) VALUES('9EB95156-E8F2-2D56-6979-0B7E29E82313','5957EE61-E70A-68CE-6010-D9406192051D','2013-06-23 20:30');
INSERT INTO user_has_user(user_a_id, user_b_id, date_time) VALUES('9EB95156-E8F2-2D56-6979-0B7E29E82313','A079E047-C4D4-0FCD-E30B-B1247128480F','2013-06-23 20:30');
INSERT INTO user_has_user(user_a_id, user_b_id, date_time) VALUES('9EB95156-E8F2-2D56-6979-0B7E29E82313','1483DF14-81F7-08E8-21E8-AB9219D2458F','2013-06-12 13:30');
INSERT INTO user_has_user(user_a_id, user_b_id, date_time) VALUES('9EB95156-E8F2-2D56-6979-0B7E29E82313','3B1DD2B4-F9DE-D8FB-C62A-8332C401CAFD','2013-06-16 20:30');
INSERT INTO user_has_user(user_a_id, user_b_id, date_time) VALUES('9EB95156-E8F2-2D56-6979-0B7E29E82313','01470D00-B899-B82C-6888-C2ABFAA4DB7C','2013-06-13 20:30');
INSERT INTO user_has_user(user_a_id, user_b_id, date_time) VALUES('9EB95156-E8F2-2D56-6979-0B7E29E82313','AF8284CC-C4C3-F467-DE43-96143BC0DC36','2013-06-24 20:30');
INSERT INTO user_has_user(user_a_id, user_b_id, date_time) VALUES('9EB95156-E8F2-2D56-6979-0B7E29E82313','424554F5-8AA4-7689-F987-A2F4448628AE','2013-06-12 20:30');
INSERT INTO user_has_user(user_a_id, user_b_id, date_time) VALUES('9EB95156-E8F2-2D56-6979-0B7E29E82313','3C4810CA-FAB6-7FCD-C94B-5FEEBB572765','2013-06-14 13:30');
INSERT INTO user_has_user(user_a_id, user_b_id, date_time) VALUES('9EB95156-E8F2-2D56-6979-0B7E29E82313','75BD8332-6B39-E791-E7EC-B159AFEF79F3','2013-06-24 20:30');
INSERT INTO user_has_user(user_a_id, user_b_id, date_time) VALUES('9EB95156-E8F2-2D56-6979-0B7E29E82313','DF47270C-CA5F-5F32-6102-B879B91191A0','2013-06-17 13:30');
INSERT INTO user_has_user(user_a_id, user_b_id, date_time) VALUES('AB8FD8F9-4819-BFDB-C878-29AFDBDA0A0D','820D6FB4-E970-9C37-92A1-EF5525BA4C69','2013-06-24 16:00');
INSERT INTO user_has_user(user_a_id, user_b_id, date_time) VALUES('AB8FD8F9-4819-BFDB-C878-29AFDBDA0A0D','2BCE0AB1-A220-CF4F-4472-949DF48022B8','2013-06-12 16:00');
INSERT INTO user_has_user(user_a_id, user_b_id, date_time) VALUES('116487B3-E1F3-187E-2607-F2B59F0530EB','9B68BF9B-C17B-9763-708D-1668BE3BDB71','2013-06-23 16:00');
INSERT INTO user_has_user(user_a_id, user_b_id, date_time) VALUES('116487B3-E1F3-187E-2607-F2B59F0530EB','819AA817-0CB1-6DF3-20CF-CF835E1793F9','2013-06-23 16:00');
INSERT INTO user_has_user(user_a_id, user_b_id, date_time) VALUES('116487B3-E1F3-187E-2607-F2B59F0530EB','2EC328D8-827D-C07D-6776-4FDF19E1FA6F','2013-06-18 16:00');
INSERT INTO user_has_user(user_a_id, user_b_id, date_time) VALUES('116487B3-E1F3-187E-2607-F2B59F0530EB','C34C767D-5CF5-F674-9A48-F2A202844230','2013-06-12 20:30');
INSERT INTO user_has_user(user_a_id, user_b_id, date_time) VALUES('116487B3-E1F3-187E-2607-F2B59F0530EB','74DDFE7B-C311-17B5-DA0F-68A31F60CB6F','2013-06-12 16:00');
INSERT INTO user_has_user(user_a_id, user_b_id, date_time) VALUES('116487B3-E1F3-187E-2607-F2B59F0530EB','8DF32B6A-18E9-0694-6ED8-8A9D9CDD09FB','2013-06-18 20:30');
INSERT INTO user_has_user(user_a_id, user_b_id, date_time) VALUES('116487B3-E1F3-187E-2607-F2B59F0530EB','472020F4-FDBF-83DA-5F1F-6D6FE45601D1','2013-06-18 20:30');
INSERT INTO user_has_user(user_a_id, user_b_id, date_time) VALUES('116487B3-E1F3-187E-2607-F2B59F0530EB','D03AD1B0-33B9-FADD-7E2B-CD0A0B582EED','2013-06-18 13:30');
INSERT INTO user_has_user(user_a_id, user_b_id, date_time) VALUES('116487B3-E1F3-187E-2607-F2B59F0530EB','A079E047-C4D4-0FCD-E30B-B1247128480F','2013-06-19 16:00');
INSERT INTO user_has_user(user_a_id, user_b_id, date_time) VALUES('116487B3-E1F3-187E-2607-F2B59F0530EB','AFB755FC-10DB-15EB-EC9D-B4484CAD62F7','2013-06-23 20:30');
INSERT INTO user_has_user(user_a_id, user_b_id, date_time) VALUES('9B80517E-4D80-679B-0D79-6139B818BA29','1110B745-985F-B124-CB2E-71B6912E07BB','2013-06-19 20:30');
INSERT INTO user_has_user(user_a_id, user_b_id, date_time) VALUES('9B80517E-4D80-679B-0D79-6139B818BA29','C1180E36-D9B8-D644-9739-B576446C6CBC','2013-06-22 16:00');
INSERT INTO user_has_user(user_a_id, user_b_id, date_time) VALUES('9B80517E-4D80-679B-0D79-6139B818BA29','1EEA3CC3-3944-EBF6-9146-307BD5234012','2013-06-23 20:30');
INSERT INTO user_has_user(user_a_id, user_b_id, date_time) VALUES('9B80517E-4D80-679B-0D79-6139B818BA29','F202E730-834A-5450-80FC-1E91B5E64D96','2013-06-22 16:00');
INSERT INTO user_has_user(user_a_id, user_b_id, date_time) VALUES('9B80517E-4D80-679B-0D79-6139B818BA29','83DB2C63-2408-B298-63F8-4992861A9395','2013-06-12 20:30');
INSERT INTO user_has_user(user_a_id, user_b_id, date_time) VALUES('9B80517E-4D80-679B-0D79-6139B818BA29','65FFB931-B691-E694-21F9-A354DF676AFD','2013-06-23 16:00');
INSERT INTO user_has_user(user_a_id, user_b_id, date_time) VALUES('9B80517E-4D80-679B-0D79-6139B818BA29','5C8808D8-1313-ECAB-1A05-D080FA6A4C93','2013-06-12 13:30');
INSERT INTO user_has_user(user_a_id, user_b_id, date_time) VALUES('9B80517E-4D80-679B-0D79-6139B818BA29','69E2F5E1-3F15-40FF-CE65-9038D04C595E','2013-06-24 20:30');
INSERT INTO user_has_user(user_a_id, user_b_id, date_time) VALUES('9B80517E-4D80-679B-0D79-6139B818BA29','5B91B8AA-A597-44E2-65A8-A0FD441D68E6','2013-06-19 16:00');
INSERT INTO user_has_user(user_a_id, user_b_id, date_time) VALUES('9B80517E-4D80-679B-0D79-6139B818BA29','611E0189-717E-2F4F-D749-A78DEF80D697','2013-06-13 13:30');
INSERT INTO user_has_user(user_a_id, user_b_id, date_time) VALUES('9B80517E-4D80-679B-0D79-6139B818BA29','8DF32B6A-18E9-0694-6ED8-8A9D9CDD09FB','2013-06-19 16:00');
INSERT INTO user_has_user(user_a_id, user_b_id, date_time) VALUES('9B80517E-4D80-679B-0D79-6139B818BA29','8F78A687-F25F-1905-9744-FC37890A6FAC','2013-06-23 20:30');
INSERT INTO user_has_user(user_a_id, user_b_id, date_time) VALUES('9B80517E-4D80-679B-0D79-6139B818BA29','5C12270B-DB3B-29A4-97E0-6C18EF59EE82','2013-06-18 16:00');
INSERT INTO user_has_user(user_a_id, user_b_id, date_time) VALUES('9B80517E-4D80-679B-0D79-6139B818BA29','283E5DBC-9C57-84EF-BDBD-1B931E29EA84','2013-06-19 13:30');
INSERT INTO user_has_user(user_a_id, user_b_id, date_time) VALUES('F202E730-834A-5450-80FC-1E91B5E64D96','29023899-2BCA-4F37-28E9-93F5307EB9AD','2013-06-18 20:30');
INSERT INTO user_has_user(user_a_id, user_b_id, date_time) VALUES('F202E730-834A-5450-80FC-1E91B5E64D96','486AFE8A-3EA9-CE18-CF21-5360FBFBB4BD','2013-06-20 20:30');
INSERT INTO user_has_user(user_a_id, user_b_id, date_time) VALUES('F202E730-834A-5450-80FC-1E91B5E64D96','472020F4-FDBF-83DA-5F1F-6D6FE45601D1','2013-06-18 16:00');
INSERT INTO user_has_user(user_a_id, user_b_id, date_time) VALUES('F202E730-834A-5450-80FC-1E91B5E64D96','0141B3A2-F5A8-BDC9-F5E4-C1D658159A83','2013-06-17 13:30');
INSERT INTO user_has_user(user_a_id, user_b_id, date_time) VALUES('F202E730-834A-5450-80FC-1E91B5E64D96','F671E5BB-2685-6A1E-0002-A5E0F757BF62','2013-06-12 13:30');
INSERT INTO user_has_user(user_a_id, user_b_id, date_time) VALUES('F202E730-834A-5450-80FC-1E91B5E64D96','83DB2C63-2408-B298-63F8-4992861A9395','2013-06-17 13:30');
INSERT INTO user_has_user(user_a_id, user_b_id, date_time) VALUES('F202E730-834A-5450-80FC-1E91B5E64D96','AA2C3BD6-A365-711E-FC96-FA8D4B55467C','2013-06-17 20:30');
INSERT INTO user_has_user(user_a_id, user_b_id, date_time) VALUES('F202E730-834A-5450-80FC-1E91B5E64D96','5B91B8AA-A597-44E2-65A8-A0FD441D68E6','2013-06-14 16:00');
INSERT INTO user_has_user(user_a_id, user_b_id, date_time) VALUES('F202E730-834A-5450-80FC-1E91B5E64D96','ACDCA258-1B7D-9AA5-1B7B-6C1472EC0CCC','2013-06-14 16:00');
INSERT INTO user_has_user(user_a_id, user_b_id, date_time) VALUES('F202E730-834A-5450-80FC-1E91B5E64D96','221A1D2F-6F25-D812-F270-4979F7A6F9C3','2013-06-13 20:30');
INSERT INTO user_has_user(user_a_id, user_b_id, date_time) VALUES('F202E730-834A-5450-80FC-1E91B5E64D96','3C81C78E-5232-F855-DD44-1B542A2D109F','2013-06-17 16:00');
INSERT INTO user_has_user(user_a_id, user_b_id, date_time) VALUES('436FFA7F-340B-311C-3627-A254B61D5C79','5B51142B-CBFD-EC8F-FB97-E3F15F5F036C','2013-06-16 20:30');
INSERT INTO user_has_user(user_a_id, user_b_id, date_time) VALUES('436FFA7F-340B-311C-3627-A254B61D5C79','F8F86609-FFBE-434C-7D41-B2CA6DCE9E41','2013-06-18 16:00');
INSERT INTO user_has_user(user_a_id, user_b_id, date_time) VALUES('1110B745-985F-B124-CB2E-71B6912E07BB','69DA7862-A47A-DC4B-7111-91EC5EB2B6D0','2013-06-23 16:00');
INSERT INTO user_has_user(user_a_id, user_b_id, date_time) VALUES('1110B745-985F-B124-CB2E-71B6912E07BB','07714E18-8BFC-B7F4-E6AE-CD87616372D2','2013-06-23 20:30');
INSERT INTO user_has_user(user_a_id, user_b_id, date_time) VALUES('1110B745-985F-B124-CB2E-71B6912E07BB','7D87FCF1-8A5D-F63C-6E0E-8064CBB22C3E','2013-06-12 13:30');
INSERT INTO user_has_user(user_a_id, user_b_id, date_time) VALUES('1110B745-985F-B124-CB2E-71B6912E07BB','EA9AB53E-C0D1-5CBD-8E49-927E1D4EF7E5','2013-06-22 20:30');
INSERT INTO user_has_user(user_a_id, user_b_id, date_time) VALUES('1110B745-985F-B124-CB2E-71B6912E07BB','9DC21369-CD58-EB44-7017-66355B554400','2013-06-13 13:30');
INSERT INTO user_has_user(user_a_id, user_b_id, date_time) VALUES('1110B745-985F-B124-CB2E-71B6912E07BB','FF8868A9-8291-5903-761A-5C7938E6487F','2013-06-22 20:30');
INSERT INTO user_has_user(user_a_id, user_b_id, date_time) VALUES('1110B745-985F-B124-CB2E-71B6912E07BB','7B39756B-59F8-FA75-7DB0-35F07A3D3A59','2013-06-24 16:00');
INSERT INTO user_has_user(user_a_id, user_b_id, date_time) VALUES('1110B745-985F-B124-CB2E-71B6912E07BB','0141B3A2-F5A8-BDC9-F5E4-C1D658159A83','2013-06-13 20:30');
INSERT INTO user_has_user(user_a_id, user_b_id, date_time) VALUES('1110B745-985F-B124-CB2E-71B6912E07BB','54529E47-F0C4-7B85-7C1D-D517D006D641','2013-06-12 13:30');
INSERT INTO user_has_user(user_a_id, user_b_id, date_time) VALUES('2BCE0AB1-A220-CF4F-4472-949DF48022B8','3BD33655-326E-C265-145B-1E65AD2BF1EE','2013-06-18 20:30');
INSERT INTO user_has_user(user_a_id, user_b_id, date_time) VALUES('2BCE0AB1-A220-CF4F-4472-949DF48022B8','11935803-75A8-DBB6-448C-FE46C2D92207','2013-06-17 13:30');
INSERT INTO user_has_user(user_a_id, user_b_id, date_time) VALUES('2BCE0AB1-A220-CF4F-4472-949DF48022B8','3BD0921B-9C7E-E7D5-D762-57D0755692EE','2013-06-23 20:30');
INSERT INTO user_has_user(user_a_id, user_b_id, date_time) VALUES('5D7A5B3A-2B15-89F6-EE50-665BA36B9611','732D82FD-F6FA-7ED0-2C96-3C05796BC720','2013-06-11 16:00');
INSERT INTO user_has_user(user_a_id, user_b_id, date_time) VALUES('5D7A5B3A-2B15-89F6-EE50-665BA36B9611','69E2F5E1-3F15-40FF-CE65-9038D04C595E','2013-06-17 13:30');
INSERT INTO user_has_user(user_a_id, user_b_id, date_time) VALUES('5D7A5B3A-2B15-89F6-EE50-665BA36B9611','2EFCD39B-2C95-E7CE-7CD0-B8C33828F97B','2013-06-19 16:00');
INSERT INTO user_has_user(user_a_id, user_b_id, date_time) VALUES('5D7A5B3A-2B15-89F6-EE50-665BA36B9611','11935803-75A8-DBB6-448C-FE46C2D92207','2013-06-13 20:30');
INSERT INTO user_has_user(user_a_id, user_b_id, date_time) VALUES('5D7A5B3A-2B15-89F6-EE50-665BA36B9611','07714E18-8BFC-B7F4-E6AE-CD87616372D2','2013-06-14 16:00');
INSERT INTO user_has_user(user_a_id, user_b_id, date_time) VALUES('5D7A5B3A-2B15-89F6-EE50-665BA36B9611','D03AD1B0-33B9-FADD-7E2B-CD0A0B582EED','2013-06-13 16:00');
INSERT INTO user_has_user(user_a_id, user_b_id, date_time) VALUES('5D7A5B3A-2B15-89F6-EE50-665BA36B9611','4F620999-FE5D-F530-5C5B-383D6BF3B6EA','2013-06-17 13:30');
INSERT INTO user_has_user(user_a_id, user_b_id, date_time) VALUES('5D7A5B3A-2B15-89F6-EE50-665BA36B9611','F797CB7A-9A05-3A56-040A-B66680E0B180','2013-06-24 16:00');
INSERT INTO user_has_user(user_a_id, user_b_id, date_time) VALUES('5D7A5B3A-2B15-89F6-EE50-665BA36B9611','F52F2D7E-8635-A2BF-2348-72409DA2AD09','2013-06-23 20:30');
INSERT INTO user_has_user(user_a_id, user_b_id, date_time) VALUES('5D7A5B3A-2B15-89F6-EE50-665BA36B9611','9B68BF9B-C17B-9763-708D-1668BE3BDB71','2013-06-23 16:00');
INSERT INTO user_has_user(user_a_id, user_b_id, date_time) VALUES('5D7A5B3A-2B15-89F6-EE50-665BA36B9611','BE1B7CD4-49E7-062B-D692-6D838C72B170','2013-06-11 16:00');
INSERT INTO user_has_user(user_a_id, user_b_id, date_time) VALUES('5D7A5B3A-2B15-89F6-EE50-665BA36B9611','6EF42EB2-D77E-E4B1-9415-0434D66EE403','2013-06-11 20:30');
INSERT INTO user_has_user(user_a_id, user_b_id, date_time) VALUES('5D7A5B3A-2B15-89F6-EE50-665BA36B9611','CFD8286A-2AF6-4BE7-0286-901BD4B32747','2013-06-19 13:30');
INSERT INTO user_has_user(user_a_id, user_b_id, date_time) VALUES('5D7A5B3A-2B15-89F6-EE50-665BA36B9611','C1180E36-D9B8-D644-9739-B576446C6CBC','2013-06-14 16:00');
INSERT INTO user_has_user(user_a_id, user_b_id, date_time) VALUES('5D7A5B3A-2B15-89F6-EE50-665BA36B9611','E6EB03E4-5BD7-F408-ED85-357B88AFBE77','2013-06-19 16:00');
INSERT INTO user_has_user(user_a_id, user_b_id, date_time) VALUES('5D7A5B3A-2B15-89F6-EE50-665BA36B9611','26C7CC39-3558-90E5-5B81-ABB97ACCFC0B','2013-06-17 13:30');
INSERT INTO user_has_user(user_a_id, user_b_id, date_time) VALUES('819AA817-0CB1-6DF3-20CF-CF835E1793F9','A5CFF350-C056-C33F-2C06-C8A4B42A526A','2013-06-17 20:30');
INSERT INTO user_has_user(user_a_id, user_b_id, date_time) VALUES('819AA817-0CB1-6DF3-20CF-CF835E1793F9','585C0703-BBFC-FCD7-97C9-03846622DC1D','2013-06-24 20:30');
INSERT INTO user_has_user(user_a_id, user_b_id, date_time) VALUES('819AA817-0CB1-6DF3-20CF-CF835E1793F9','DF469050-3474-773C-0CC5-8B8477DEC454','2013-06-14 16:00');
INSERT INTO user_has_user(user_a_id, user_b_id, date_time) VALUES('819AA817-0CB1-6DF3-20CF-CF835E1793F9','C099C601-394A-3827-56CF-84DB97145C6D','2013-06-19 13:30');
INSERT INTO user_has_user(user_a_id, user_b_id, date_time) VALUES('819AA817-0CB1-6DF3-20CF-CF835E1793F9','71DA7647-499A-64E8-1727-41D4BDB5B51A','2013-06-19 16:00');
INSERT INTO user_has_user(user_a_id, user_b_id, date_time) VALUES('819AA817-0CB1-6DF3-20CF-CF835E1793F9','E5F67B7A-424A-D02F-17DD-DB33564FC356','2013-06-16 20:30');
INSERT INTO user_has_user(user_a_id, user_b_id, date_time) VALUES('819AA817-0CB1-6DF3-20CF-CF835E1793F9','3C4810CA-FAB6-7FCD-C94B-5FEEBB572765','2013-06-16 20:30');
INSERT INTO user_has_user(user_a_id, user_b_id, date_time) VALUES('819AA817-0CB1-6DF3-20CF-CF835E1793F9','54529E47-F0C4-7B85-7C1D-D517D006D641','2013-06-23 16:00');
INSERT INTO user_has_user(user_a_id, user_b_id, date_time) VALUES('819AA817-0CB1-6DF3-20CF-CF835E1793F9','8DF32B6A-18E9-0694-6ED8-8A9D9CDD09FB','2013-06-18 16:00');
INSERT INTO user_has_user(user_a_id, user_b_id, date_time) VALUES('819AA817-0CB1-6DF3-20CF-CF835E1793F9','07455569-8213-A66B-323C-8886D7E69C92','2013-06-14 16:00');
INSERT INTO user_has_user(user_a_id, user_b_id, date_time) VALUES('1452406E-6AB8-3569-332A-816966FF01FC','825D0DD6-2947-C9A7-FC23-41E4487E81EC','2013-06-12 16:00');
INSERT INTO user_has_user(user_a_id, user_b_id, date_time) VALUES('1452406E-6AB8-3569-332A-816966FF01FC','85AC1C46-68F0-525B-0154-EF7CB675030E','2013-06-19 13:30');
INSERT INTO user_has_user(user_a_id, user_b_id, date_time) VALUES('1452406E-6AB8-3569-332A-816966FF01FC','56CE573E-900C-DC06-0309-99A9B9C5BF72','2013-06-23 20:30');
INSERT INTO user_has_user(user_a_id, user_b_id, date_time) VALUES('1452406E-6AB8-3569-332A-816966FF01FC','5B91B8AA-A597-44E2-65A8-A0FD441D68E6','2013-06-18 13:30');
INSERT INTO user_has_user(user_a_id, user_b_id, date_time) VALUES('1452406E-6AB8-3569-332A-816966FF01FC','0127BD0F-1EE6-2D3A-614F-FE297936CCE6','2013-06-18 16:00');
INSERT INTO user_has_user(user_a_id, user_b_id, date_time) VALUES('1452406E-6AB8-3569-332A-816966FF01FC','5C8808D8-1313-ECAB-1A05-D080FA6A4C93','2013-06-23 20:30');
INSERT INTO user_has_user(user_a_id, user_b_id, date_time) VALUES('1452406E-6AB8-3569-332A-816966FF01FC','9DC21369-CD58-EB44-7017-66355B554400','2013-06-14 13:30');
INSERT INTO user_has_user(user_a_id, user_b_id, date_time) VALUES('1452406E-6AB8-3569-332A-816966FF01FC','C4DE709B-D349-3A63-D508-E36B35317F72','2013-06-22 20:30');
INSERT INTO user_has_user(user_a_id, user_b_id, date_time) VALUES('1452406E-6AB8-3569-332A-816966FF01FC','D1EEB861-148A-397D-5CFD-913DCB347117','2013-06-22 16:00');
INSERT INTO user_has_user(user_a_id, user_b_id, date_time) VALUES('1452406E-6AB8-3569-332A-816966FF01FC','DF469050-3474-773C-0CC5-8B8477DEC454','2013-06-14 20:30');
INSERT INTO user_has_user(user_a_id, user_b_id, date_time) VALUES('1452406E-6AB8-3569-332A-816966FF01FC','2C0D1805-A61C-53C8-B1A5-0198EAE187A4','2013-06-24 20:30');
INSERT INTO user_has_user(user_a_id, user_b_id, date_time) VALUES('472020F4-FDBF-83DA-5F1F-6D6FE45601D1','E5F67B7A-424A-D02F-17DD-DB33564FC356','2013-06-18 20:30');
INSERT INTO user_has_user(user_a_id, user_b_id, date_time) VALUES('472020F4-FDBF-83DA-5F1F-6D6FE45601D1','EC1BE206-F025-9A28-B07E-C113B9B9185A','2013-06-13 20:30');
INSERT INTO user_has_user(user_a_id, user_b_id, date_time) VALUES('472020F4-FDBF-83DA-5F1F-6D6FE45601D1','AD8C635D-8233-8ED0-B373-FA17EA156520','2013-06-19 16:00');
INSERT INTO user_has_user(user_a_id, user_b_id, date_time) VALUES('472020F4-FDBF-83DA-5F1F-6D6FE45601D1','78A3BD25-6A99-4FEB-CFDA-35DE80932EEF','2013-06-17 20:30');
INSERT INTO user_has_user(user_a_id, user_b_id, date_time) VALUES('472020F4-FDBF-83DA-5F1F-6D6FE45601D1','7D87FCF1-8A5D-F63C-6E0E-8064CBB22C3E','2013-06-13 13:30');
INSERT INTO user_has_user(user_a_id, user_b_id, date_time) VALUES('472020F4-FDBF-83DA-5F1F-6D6FE45601D1','F291386A-0EFD-6E79-EE78-2630C70D8271','2013-06-23 20:30');
INSERT INTO user_has_user(user_a_id, user_b_id, date_time) VALUES('1483DF14-81F7-08E8-21E8-AB9219D2458F','8F78A687-F25F-1905-9744-FC37890A6FAC','2013-06-14 13:30');
INSERT INTO user_has_user(user_a_id, user_b_id, date_time) VALUES('5C8808D8-1313-ECAB-1A05-D080FA6A4C93','548C7906-444A-5389-873B-5E3C97F1F47D','2013-06-18 20:30');
INSERT INTO user_has_user(user_a_id, user_b_id, date_time) VALUES('5C8808D8-1313-ECAB-1A05-D080FA6A4C93','283E5DBC-9C57-84EF-BDBD-1B931E29EA84','2013-06-13 16:00');
INSERT INTO user_has_user(user_a_id, user_b_id, date_time) VALUES('5C8808D8-1313-ECAB-1A05-D080FA6A4C93','2EC328D8-827D-C07D-6776-4FDF19E1FA6F','2013-06-22 16:00');
INSERT INTO user_has_user(user_a_id, user_b_id, date_time) VALUES('5C8808D8-1313-ECAB-1A05-D080FA6A4C93','07714E18-8BFC-B7F4-E6AE-CD87616372D2','2013-06-13 13:30');
INSERT INTO user_has_user(user_a_id, user_b_id, date_time) VALUES('5C8808D8-1313-ECAB-1A05-D080FA6A4C93','116487B3-E1F3-187E-2607-F2B59F0530EB','2013-06-13 20:30');
INSERT INTO user_has_user(user_a_id, user_b_id, date_time) VALUES('5C8808D8-1313-ECAB-1A05-D080FA6A4C93','AB8FD8F9-4819-BFDB-C878-29AFDBDA0A0D','2013-06-11 16:00');
INSERT INTO user_has_user(user_a_id, user_b_id, date_time) VALUES('5C8808D8-1313-ECAB-1A05-D080FA6A4C93','05D7805C-9E52-5736-9C28-ABF34B4020B7','2013-06-23 20:30');
INSERT INTO user_has_user(user_a_id, user_b_id, date_time) VALUES('5C8808D8-1313-ECAB-1A05-D080FA6A4C93','AB3019DB-DE8E-8015-8FFB-5E804BA724F3','2013-06-19 13:30');
INSERT INTO user_has_user(user_a_id, user_b_id, date_time) VALUES('5C8808D8-1313-ECAB-1A05-D080FA6A4C93','E0FAA3F6-C69B-A126-FE8E-C74A9A1059CD','2013-06-17 20:30');
INSERT INTO user_has_user(user_a_id, user_b_id, date_time) VALUES('5C8808D8-1313-ECAB-1A05-D080FA6A4C93','A079E047-C4D4-0FCD-E30B-B1247128480F','2013-06-12 16:00');
INSERT INTO user_has_user(user_a_id, user_b_id, date_time) VALUES('5C8808D8-1313-ECAB-1A05-D080FA6A4C93','424554F5-8AA4-7689-F987-A2F4448628AE','2013-06-18 20:30');
INSERT INTO user_has_user(user_a_id, user_b_id, date_time) VALUES('5C8808D8-1313-ECAB-1A05-D080FA6A4C93','69DA7862-A47A-DC4B-7111-91EC5EB2B6D0','2013-06-13 20:30');
INSERT INTO user_has_user(user_a_id, user_b_id, date_time) VALUES('5C8808D8-1313-ECAB-1A05-D080FA6A4C93','2D278012-667C-8150-2912-4FA907953089','2013-06-18 13:30');
INSERT INTO user_has_user(user_a_id, user_b_id, date_time) VALUES('5C8808D8-1313-ECAB-1A05-D080FA6A4C93','C1180E36-D9B8-D644-9739-B576446C6CBC','2013-06-18 16:00');
INSERT INTO user_has_user(user_a_id, user_b_id, date_time) VALUES('5C8808D8-1313-ECAB-1A05-D080FA6A4C93','78A3BD25-6A99-4FEB-CFDA-35DE80932EEF','2013-06-17 13:30');
INSERT INTO user_has_user(user_a_id, user_b_id, date_time) VALUES('F291386A-0EFD-6E79-EE78-2630C70D8271','732D82FD-F6FA-7ED0-2C96-3C05796BC720','2013-06-14 16:00');
INSERT INTO user_has_user(user_a_id, user_b_id, date_time) VALUES('F291386A-0EFD-6E79-EE78-2630C70D8271','83A6782F-0604-6ABA-4DA6-7DB3A1461E46','2013-06-13 20:30');
INSERT INTO user_has_user(user_a_id, user_b_id, date_time) VALUES('F291386A-0EFD-6E79-EE78-2630C70D8271','AE56558E-214D-935D-EC6F-592D8FE2AF3E','2013-06-23 20:30');
INSERT INTO user_has_user(user_a_id, user_b_id, date_time) VALUES('F291386A-0EFD-6E79-EE78-2630C70D8271','A97E3154-A08A-1359-EB39-9B39250F8035','2013-06-13 16:00');
INSERT INTO user_has_user(user_a_id, user_b_id, date_time) VALUES('F291386A-0EFD-6E79-EE78-2630C70D8271','BA6BC6B1-13D9-DFB7-2866-5D75C9F7A370','2013-06-12 20:30');
INSERT INTO user_has_user(user_a_id, user_b_id, date_time) VALUES('F291386A-0EFD-6E79-EE78-2630C70D8271','419C4810-B3A7-5B51-D502-1DE1ACA3D5F5','2013-06-18 16:00');
INSERT INTO user_has_user(user_a_id, user_b_id, date_time) VALUES('71DA7647-499A-64E8-1727-41D4BDB5B51A','F85ABFFD-7287-D926-53BF-97ABABFB77F0','2013-06-12 16:00');
INSERT INTO user_has_user(user_a_id, user_b_id, date_time) VALUES('71DA7647-499A-64E8-1727-41D4BDB5B51A','F88361D5-E525-F60C-95E3-21662F706559','2013-06-16 20:30');
INSERT INTO user_has_user(user_a_id, user_b_id, date_time) VALUES('71DA7647-499A-64E8-1727-41D4BDB5B51A','5C8808D8-1313-ECAB-1A05-D080FA6A4C93','2013-06-18 16:00');
INSERT INTO user_has_user(user_a_id, user_b_id, date_time) VALUES('71DA7647-499A-64E8-1727-41D4BDB5B51A','112907EE-5EC0-51C0-CA51-78F7343F120F','2013-06-24 16:00');
INSERT INTO user_has_user(user_a_id, user_b_id, date_time) VALUES('71DA7647-499A-64E8-1727-41D4BDB5B51A','508A26A4-76D8-8573-974B-041B5094BAF9','2013-06-18 16:00');
INSERT INTO user_has_user(user_a_id, user_b_id, date_time) VALUES('71DA7647-499A-64E8-1727-41D4BDB5B51A','436FFA7F-340B-311C-3627-A254B61D5C79','2013-06-12 16:00');
INSERT INTO user_has_user(user_a_id, user_b_id, date_time) VALUES('71DA7647-499A-64E8-1727-41D4BDB5B51A','11935803-75A8-DBB6-448C-FE46C2D92207','2013-06-19 16:00');
INSERT INTO user_has_user(user_a_id, user_b_id, date_time) VALUES('71DA7647-499A-64E8-1727-41D4BDB5B51A','677D915E-474A-5DCF-90E1-73097BCC9F7C','2013-06-23 16:00');
INSERT INTO user_has_user(user_a_id, user_b_id, date_time) VALUES('71DA7647-499A-64E8-1727-41D4BDB5B51A','FF8868A9-8291-5903-761A-5C7938E6487F','2013-06-23 20:30');
INSERT INTO user_has_user(user_a_id, user_b_id, date_time) VALUES('71DA7647-499A-64E8-1727-41D4BDB5B51A','2EC328D8-827D-C07D-6776-4FDF19E1FA6F','2013-06-19 13:30');
INSERT INTO user_has_user(user_a_id, user_b_id, date_time) VALUES('71DA7647-499A-64E8-1727-41D4BDB5B51A','E094682D-6CE2-D50F-8B71-30643E4C5275','2013-06-19 16:00');
INSERT INTO user_has_user(user_a_id, user_b_id, date_time) VALUES('71DA7647-499A-64E8-1727-41D4BDB5B51A','07714E18-8BFC-B7F4-E6AE-CD87616372D2','2013-06-11 16:00');
INSERT INTO user_has_user(user_a_id, user_b_id, date_time) VALUES('71DA7647-499A-64E8-1727-41D4BDB5B51A','BFF2FD42-BE75-D679-720A-2AD2326E97CA','2013-06-14 16:00');
INSERT INTO user_has_user(user_a_id, user_b_id, date_time) VALUES('71DA7647-499A-64E8-1727-41D4BDB5B51A','02B331FB-D3E3-2502-9F6F-CF627C1C0C57','2013-06-18 20:30');
INSERT INTO user_has_user(user_a_id, user_b_id, date_time) VALUES('71DA7647-499A-64E8-1727-41D4BDB5B51A','E0FAA3F6-C69B-A126-FE8E-C74A9A1059CD','2013-06-13 16:00');
INSERT INTO user_has_user(user_a_id, user_b_id, date_time) VALUES('9DC21369-CD58-EB44-7017-66355B554400','8149B8E5-C040-2F86-6AA4-0370988BBCFD','2013-06-19 16:00');
INSERT INTO user_has_user(user_a_id, user_b_id, date_time) VALUES('9DC21369-CD58-EB44-7017-66355B554400','7B39756B-59F8-FA75-7DB0-35F07A3D3A59','2013-06-16 20:30');
INSERT INTO user_has_user(user_a_id, user_b_id, date_time) VALUES('9DC21369-CD58-EB44-7017-66355B554400','AE37DA94-8A40-7B59-99B8-6930A14DF920','2013-06-22 20:30');
INSERT INTO user_has_user(user_a_id, user_b_id, date_time) VALUES('9DC21369-CD58-EB44-7017-66355B554400','D9BE7807-3C3C-A634-81BD-F64065FB680D','2013-06-24 20:30');
INSERT INTO user_has_user(user_a_id, user_b_id, date_time) VALUES('9DC21369-CD58-EB44-7017-66355B554400','3BD33655-326E-C265-145B-1E65AD2BF1EE','2013-06-18 20:30');
INSERT INTO user_has_user(user_a_id, user_b_id, date_time) VALUES('9DC21369-CD58-EB44-7017-66355B554400','F52F2D7E-8635-A2BF-2348-72409DA2AD09','2013-06-19 20:30');
INSERT INTO user_has_user(user_a_id, user_b_id, date_time) VALUES('9DC21369-CD58-EB44-7017-66355B554400','BA010AE7-2507-6475-D233-70BB577F6BF8','2013-06-23 16:00');
INSERT INTO user_has_user(user_a_id, user_b_id, date_time) VALUES('9DC21369-CD58-EB44-7017-66355B554400','E094682D-6CE2-D50F-8B71-30643E4C5275','2013-06-11 16:00');
INSERT INTO user_has_user(user_a_id, user_b_id, date_time) VALUES('9DC21369-CD58-EB44-7017-66355B554400','C1180E36-D9B8-D644-9739-B576446C6CBC','2013-06-23 20:30');
INSERT INTO user_has_user(user_a_id, user_b_id, date_time) VALUES('9DC21369-CD58-EB44-7017-66355B554400','78A3BD25-6A99-4FEB-CFDA-35DE80932EEF','2013-06-17 13:30');
INSERT INTO user_has_user(user_a_id, user_b_id, date_time) VALUES('9DC21369-CD58-EB44-7017-66355B554400','1EEA3CC3-3944-EBF6-9146-307BD5234012','2013-06-19 16:00');
INSERT INTO user_has_user(user_a_id, user_b_id, date_time) VALUES('9DC21369-CD58-EB44-7017-66355B554400','10595462-1F79-2FFA-7305-F57C99F21F8D','2013-06-24 16:00');
INSERT INTO user_has_user(user_a_id, user_b_id, date_time) VALUES('9DC21369-CD58-EB44-7017-66355B554400','6DFF963B-C24A-7BDD-891D-3CAEC7DC0EE5','2013-06-11 20:30');
INSERT INTO user_has_user(user_a_id, user_b_id, date_time) VALUES('9DC21369-CD58-EB44-7017-66355B554400','167432E7-1543-297E-D5CB-79666A349E22','2013-06-23 16:00');
INSERT INTO user_has_user(user_a_id, user_b_id, date_time) VALUES('9DC21369-CD58-EB44-7017-66355B554400','67E40F3D-1727-FE40-848B-E1B5B4532840','2013-06-12 16:00');
INSERT INTO user_has_user(user_a_id, user_b_id, date_time) VALUES('9DC21369-CD58-EB44-7017-66355B554400','CFD8286A-2AF6-4BE7-0286-901BD4B32747','2013-06-23 16:00');
INSERT INTO user_has_user(user_a_id, user_b_id, date_time) VALUES('9DC21369-CD58-EB44-7017-66355B554400','611E0189-717E-2F4F-D749-A78DEF80D697','2013-06-14 13:30');
INSERT INTO user_has_user(user_a_id, user_b_id, date_time) VALUES('9DC21369-CD58-EB44-7017-66355B554400','3189BE9B-2211-4D97-857D-84E4CFF0CB13','2013-06-17 13:30');
INSERT INTO user_has_user(user_a_id, user_b_id, date_time) VALUES('9DC21369-CD58-EB44-7017-66355B554400','FB94BC30-B57B-0A06-D357-C024E36DAF96','2013-06-18 13:30');
INSERT INTO user_has_user(user_a_id, user_b_id, date_time) VALUES('69DA7862-A47A-DC4B-7111-91EC5EB2B6D0','B74ABF89-2298-A61A-E041-2BD940D831E9','2013-06-23 16:00');
INSERT INTO user_has_user(user_a_id, user_b_id, date_time) VALUES('69DA7862-A47A-DC4B-7111-91EC5EB2B6D0','5A0C2484-B2D2-E755-9E05-9A0DDDE5A889','2013-06-14 16:00');
INSERT INTO user_has_user(user_a_id, user_b_id, date_time) VALUES('0141B3A2-F5A8-BDC9-F5E4-C1D658159A83','D9BE7807-3C3C-A634-81BD-F64065FB680D','2013-06-18 20:30');
INSERT INTO user_has_user(user_a_id, user_b_id, date_time) VALUES('0141B3A2-F5A8-BDC9-F5E4-C1D658159A83','7D87FCF1-8A5D-F63C-6E0E-8064CBB22C3E','2013-06-13 13:30');
INSERT INTO user_has_user(user_a_id, user_b_id, date_time) VALUES('0141B3A2-F5A8-BDC9-F5E4-C1D658159A83','583D79DE-154B-AEF2-2782-C0454FA06904','2013-06-12 20:30');
INSERT INTO user_has_user(user_a_id, user_b_id, date_time) VALUES('0141B3A2-F5A8-BDC9-F5E4-C1D658159A83','4901C588-8FC8-4A5F-6E62-CBF4EE1E11CA','2013-06-17 16:00');
INSERT INTO user_has_user(user_a_id, user_b_id, date_time) VALUES('0141B3A2-F5A8-BDC9-F5E4-C1D658159A83','AB3019DB-DE8E-8015-8FFB-5E804BA724F3','2013-06-23 20:30');
INSERT INTO user_has_user(user_a_id, user_b_id, date_time) VALUES('7D555604-03E6-03A7-2C86-B7C8FBFB9A78','9DA3393D-A0EF-7600-0A52-FBA76571BE4C','2013-06-17 13:30');
INSERT INTO user_has_user(user_a_id, user_b_id, date_time) VALUES('7D555604-03E6-03A7-2C86-B7C8FBFB9A78','D139564C-7CCC-71D9-4F4A-12F9757CC493','2013-06-17 13:30');
INSERT INTO user_has_user(user_a_id, user_b_id, date_time) VALUES('7D555604-03E6-03A7-2C86-B7C8FBFB9A78','221A1D2F-6F25-D812-F270-4979F7A6F9C3','2013-06-13 16:00');
INSERT INTO user_has_user(user_a_id, user_b_id, date_time) VALUES('7D555604-03E6-03A7-2C86-B7C8FBFB9A78','9B80517E-4D80-679B-0D79-6139B818BA29','2013-06-13 16:00');
INSERT INTO user_has_user(user_a_id, user_b_id, date_time) VALUES('7D555604-03E6-03A7-2C86-B7C8FBFB9A78','2C0D1805-A61C-53C8-B1A5-0198EAE187A4','2013-06-23 20:30');
INSERT INTO user_has_user(user_a_id, user_b_id, date_time) VALUES('7D555604-03E6-03A7-2C86-B7C8FBFB9A78','E5F67B7A-424A-D02F-17DD-DB33564FC356','2013-06-18 20:30');
INSERT INTO user_has_user(user_a_id, user_b_id, date_time) VALUES('751C4BF5-86E2-696E-38C0-9DB196FA12CB','1FE0A150-1494-976B-EC63-26BDB232678A','2013-06-19 20:30');
INSERT INTO user_has_user(user_a_id, user_b_id, date_time) VALUES('751C4BF5-86E2-696E-38C0-9DB196FA12CB','CA448B71-6D6A-9E92-27C4-4B439C49E67C','2013-06-19 13:30');
INSERT INTO user_has_user(user_a_id, user_b_id, date_time) VALUES('751C4BF5-86E2-696E-38C0-9DB196FA12CB','59589793-A86A-ABC3-8B21-15FEA29F11E8','2013-06-18 16:00');
INSERT INTO user_has_user(user_a_id, user_b_id, date_time) VALUES('751C4BF5-86E2-696E-38C0-9DB196FA12CB','8149B8E5-C040-2F86-6AA4-0370988BBCFD','2013-06-13 20:30');
INSERT INTO user_has_user(user_a_id, user_b_id, date_time) VALUES('751C4BF5-86E2-696E-38C0-9DB196FA12CB','6EF42EB2-D77E-E4B1-9415-0434D66EE403','2013-06-23 20:30');
INSERT INTO user_has_user(user_a_id, user_b_id, date_time) VALUES('751C4BF5-86E2-696E-38C0-9DB196FA12CB','9B80517E-4D80-679B-0D79-6139B818BA29','2013-06-13 13:30');
INSERT INTO user_has_user(user_a_id, user_b_id, date_time) VALUES('751C4BF5-86E2-696E-38C0-9DB196FA12CB','C1180E36-D9B8-D644-9739-B576446C6CBC','2013-06-13 16:00');
INSERT INTO user_has_user(user_a_id, user_b_id, date_time) VALUES('751C4BF5-86E2-696E-38C0-9DB196FA12CB','AF21F654-CE8E-19F6-69DF-71FFCE2B40D2','2013-06-22 16:00');
INSERT INTO user_has_user(user_a_id, user_b_id, date_time) VALUES('751C4BF5-86E2-696E-38C0-9DB196FA12CB','AE37DA94-8A40-7B59-99B8-6930A14DF920','2013-06-17 13:30');
INSERT INTO user_has_user(user_a_id, user_b_id, date_time) VALUES('751C4BF5-86E2-696E-38C0-9DB196FA12CB','11935803-75A8-DBB6-448C-FE46C2D92207','2013-06-23 16:00');
INSERT INTO user_has_user(user_a_id, user_b_id, date_time) VALUES('751C4BF5-86E2-696E-38C0-9DB196FA12CB','BED0B0B3-DC46-270A-F1A6-F7EB9E200D3C','2013-06-24 20:30');
INSERT INTO user_has_user(user_a_id, user_b_id, date_time) VALUES('2B95C505-9087-0C20-6859-3A76C14B83D4','88B0A16F-DEC6-BFF4-78A8-FF56836D1AF2','2013-06-22 20:30');
INSERT INTO user_has_user(user_a_id, user_b_id, date_time) VALUES('2B95C505-9087-0C20-6859-3A76C14B83D4','07455569-8213-A66B-323C-8886D7E69C92','2013-06-18 13:30');
INSERT INTO user_has_user(user_a_id, user_b_id, date_time) VALUES('2B95C505-9087-0C20-6859-3A76C14B83D4','F88361D5-E525-F60C-95E3-21662F706559','2013-06-22 16:00');
INSERT INTO user_has_user(user_a_id, user_b_id, date_time) VALUES('2B95C505-9087-0C20-6859-3A76C14B83D4','1B8A4B04-C8AD-1C4E-FCC0-F7338DDFBC22','2013-06-24 20:30');
INSERT INTO user_has_user(user_a_id, user_b_id, date_time) VALUES('2B95C505-9087-0C20-6859-3A76C14B83D4','221A1D2F-6F25-D812-F270-4979F7A6F9C3','2013-06-17 13:30');
INSERT INTO user_has_user(user_a_id, user_b_id, date_time) VALUES('3189BE9B-2211-4D97-857D-84E4CFF0CB13','88B0A16F-DEC6-BFF4-78A8-FF56836D1AF2','2013-06-13 13:30');
INSERT INTO user_has_user(user_a_id, user_b_id, date_time) VALUES('3189BE9B-2211-4D97-857D-84E4CFF0CB13','AB3019DB-DE8E-8015-8FFB-5E804BA724F3','2013-06-13 16:00');
INSERT INTO user_has_user(user_a_id, user_b_id, date_time) VALUES('3189BE9B-2211-4D97-857D-84E4CFF0CB13','67E40F3D-1727-FE40-848B-E1B5B4532840','2013-06-13 13:30');
INSERT INTO user_has_user(user_a_id, user_b_id, date_time) VALUES('3189BE9B-2211-4D97-857D-84E4CFF0CB13','69DA7862-A47A-DC4B-7111-91EC5EB2B6D0','2013-06-17 13:30');
INSERT INTO user_has_user(user_a_id, user_b_id, date_time) VALUES('3189BE9B-2211-4D97-857D-84E4CFF0CB13','1110B745-985F-B124-CB2E-71B6912E07BB','2013-06-24 20:30');
INSERT INTO user_has_user(user_a_id, user_b_id, date_time) VALUES('321E2A3C-4C17-4B6D-F5BF-93322BC032F8','FFCB10C1-731E-5EC7-8ADD-D61E8E3999E2','2013-06-20 20:30');
INSERT INTO user_has_user(user_a_id, user_b_id, date_time) VALUES('321E2A3C-4C17-4B6D-F5BF-93322BC032F8','7D43380E-E23D-30BB-542A-F3F6C64055C7','2013-06-19 16:00');
INSERT INTO user_has_user(user_a_id, user_b_id, date_time) VALUES('321E2A3C-4C17-4B6D-F5BF-93322BC032F8','583D79DE-154B-AEF2-2782-C0454FA06904','2013-06-12 13:30');
INSERT INTO user_has_user(user_a_id, user_b_id, date_time) VALUES('321E2A3C-4C17-4B6D-F5BF-93322BC032F8','54A442AA-19D5-48B4-1088-0D732BAFF92B','2013-06-19 16:00');
INSERT INTO user_has_user(user_a_id, user_b_id, date_time) VALUES('321E2A3C-4C17-4B6D-F5BF-93322BC032F8','CF4A9F36-373A-C301-EA85-A0C34486BA9F','2013-06-13 20:30');
INSERT INTO user_has_user(user_a_id, user_b_id, date_time) VALUES('321E2A3C-4C17-4B6D-F5BF-93322BC032F8','E0FAA3F6-C69B-A126-FE8E-C74A9A1059CD','2013-06-23 16:00');
INSERT INTO user_has_user(user_a_id, user_b_id, date_time) VALUES('321E2A3C-4C17-4B6D-F5BF-93322BC032F8','AAC5206E-0D7A-EE6C-F725-97DC92093EA3','2013-06-24 16:00');
INSERT INTO user_has_user(user_a_id, user_b_id, date_time) VALUES('321E2A3C-4C17-4B6D-F5BF-93322BC032F8','938E929F-8FAC-7104-1007-7291FDCF2BCE','2013-06-13 16:00');
INSERT INTO user_has_user(user_a_id, user_b_id, date_time) VALUES('321E2A3C-4C17-4B6D-F5BF-93322BC032F8','260C72C1-8E47-B72A-E8F1-6D1B7D88E507','2013-06-20 20:30');
INSERT INTO user_has_user(user_a_id, user_b_id, date_time) VALUES('321E2A3C-4C17-4B6D-F5BF-93322BC032F8','1EEA3CC3-3944-EBF6-9146-307BD5234012','2013-06-12 13:30');
INSERT INTO user_has_user(user_a_id, user_b_id, date_time) VALUES('321E2A3C-4C17-4B6D-F5BF-93322BC032F8','C1180E36-D9B8-D644-9739-B576446C6CBC','2013-06-22 20:30');
INSERT INTO user_has_user(user_a_id, user_b_id, date_time) VALUES('321E2A3C-4C17-4B6D-F5BF-93322BC032F8','80B0E4FA-66EB-7592-D6AA-2C80CE69C58F','2013-06-13 16:00');
INSERT INTO user_has_user(user_a_id, user_b_id, date_time) VALUES('321E2A3C-4C17-4B6D-F5BF-93322BC032F8','AC286A49-F1CE-0EA1-FFA1-D29104B0457C','2013-06-19 16:00');
INSERT INTO user_has_user(user_a_id, user_b_id, date_time) VALUES('321E2A3C-4C17-4B6D-F5BF-93322BC032F8','7D555604-03E6-03A7-2C86-B7C8FBFB9A78','2013-06-23 20:30');
INSERT INTO user_has_user(user_a_id, user_b_id, date_time) VALUES('321E2A3C-4C17-4B6D-F5BF-93322BC032F8','4F620999-FE5D-F530-5C5B-383D6BF3B6EA','2013-06-23 16:00');
INSERT INTO user_has_user(user_a_id, user_b_id, date_time) VALUES('321E2A3C-4C17-4B6D-F5BF-93322BC032F8','6DFF963B-C24A-7BDD-891D-3CAEC7DC0EE5','2013-06-22 16:00');
INSERT INTO user_has_user(user_a_id, user_b_id, date_time) VALUES('F8F86609-FFBE-434C-7D41-B2CA6DCE9E41','26C7CC39-3558-90E5-5B81-ABB97ACCFC0B','2013-06-11 16:00');
INSERT INTO user_has_user(user_a_id, user_b_id, date_time) VALUES('F8F86609-FFBE-434C-7D41-B2CA6DCE9E41','D3F86B6D-082D-BE03-0124-A3A9CF95E65E','2013-06-23 20:30');
INSERT INTO user_has_user(user_a_id, user_b_id, date_time) VALUES('F671E5BB-2685-6A1E-0002-A5E0F757BF62','AE37DA94-8A40-7B59-99B8-6930A14DF920','2013-06-18 20:30');
INSERT INTO user_has_user(user_a_id, user_b_id, date_time) VALUES('F671E5BB-2685-6A1E-0002-A5E0F757BF62','4A4ABFC9-19AD-B67B-DECA-5930168CD46B','2013-06-23 16:00');
INSERT INTO user_has_user(user_a_id, user_b_id, date_time) VALUES('F671E5BB-2685-6A1E-0002-A5E0F757BF62','5C12270B-DB3B-29A4-97E0-6C18EF59EE82','2013-06-18 13:30');
INSERT INTO user_has_user(user_a_id, user_b_id, date_time) VALUES('F671E5BB-2685-6A1E-0002-A5E0F757BF62','938E929F-8FAC-7104-1007-7291FDCF2BCE','2013-06-17 13:30');
INSERT INTO user_has_user(user_a_id, user_b_id, date_time) VALUES('F671E5BB-2685-6A1E-0002-A5E0F757BF62','BE1B7CD4-49E7-062B-D692-6D838C72B170','2013-06-11 20:30');
INSERT INTO user_has_user(user_a_id, user_b_id, date_time) VALUES('F671E5BB-2685-6A1E-0002-A5E0F757BF62','167432E7-1543-297E-D5CB-79666A349E22','2013-06-12 13:30');
INSERT INTO user_has_user(user_a_id, user_b_id, date_time) VALUES('F671E5BB-2685-6A1E-0002-A5E0F757BF62','A97E3154-A08A-1359-EB39-9B39250F8035','2013-06-12 16:00');
INSERT INTO user_has_user(user_a_id, user_b_id, date_time) VALUES('255EDAA7-2572-5F6C-DA42-4FCB793565D3','BA6BC6B1-13D9-DFB7-2866-5D75C9F7A370','2013-06-18 20:30');
INSERT INTO user_has_user(user_a_id, user_b_id, date_time) VALUES('255EDAA7-2572-5F6C-DA42-4FCB793565D3','88B0A16F-DEC6-BFF4-78A8-FF56836D1AF2','2013-06-19 20:30');
INSERT INTO user_has_user(user_a_id, user_b_id, date_time) VALUES('FF8868A9-8291-5903-761A-5C7938E6487F','2D278012-667C-8150-2912-4FA907953089','2013-06-20 20:30');
INSERT INTO user_has_user(user_a_id, user_b_id, date_time) VALUES('FF8868A9-8291-5903-761A-5C7938E6487F','F48003B9-D059-6DDF-8339-B98612C42F21','2013-06-24 16:00');
INSERT INTO user_has_user(user_a_id, user_b_id, date_time) VALUES('FF8868A9-8291-5903-761A-5C7938E6487F','9B80517E-4D80-679B-0D79-6139B818BA29','2013-06-11 16:00');
INSERT INTO user_has_user(user_a_id, user_b_id, date_time) VALUES('FF8868A9-8291-5903-761A-5C7938E6487F','F52F2D7E-8635-A2BF-2348-72409DA2AD09','2013-06-19 16:00');
INSERT INTO user_has_user(user_a_id, user_b_id, date_time) VALUES('FF8868A9-8291-5903-761A-5C7938E6487F','897B13DE-96AE-45DD-7563-57DECFBA9BDC','2013-06-19 13:30');
INSERT INTO user_has_user(user_a_id, user_b_id, date_time) VALUES('FF8868A9-8291-5903-761A-5C7938E6487F','221A1D2F-6F25-D812-F270-4979F7A6F9C3','2013-06-19 16:00');
INSERT INTO user_has_user(user_a_id, user_b_id, date_time) VALUES('FF8868A9-8291-5903-761A-5C7938E6487F','AF8284CC-C4C3-F467-DE43-96143BC0DC36','2013-06-17 20:30');
INSERT INTO user_has_user(user_a_id, user_b_id, date_time) VALUES('FF8868A9-8291-5903-761A-5C7938E6487F','0D495B9F-FA33-F473-B810-81668CDF345E','2013-06-12 20:30');
INSERT INTO user_has_user(user_a_id, user_b_id, date_time) VALUES('FF8868A9-8291-5903-761A-5C7938E6487F','1483DF14-81F7-08E8-21E8-AB9219D2458F','2013-06-22 16:00');
INSERT INTO user_has_user(user_a_id, user_b_id, date_time) VALUES('FF8868A9-8291-5903-761A-5C7938E6487F','5B91B8AA-A597-44E2-65A8-A0FD441D68E6','2013-06-13 16:00');
INSERT INTO user_has_user(user_a_id, user_b_id, date_time) VALUES('FF8868A9-8291-5903-761A-5C7938E6487F','5957EE61-E70A-68CE-6010-D9406192051D','2013-06-22 16:00');
INSERT INTO user_has_user(user_a_id, user_b_id, date_time) VALUES('FF8868A9-8291-5903-761A-5C7938E6487F','E0FAA3F6-C69B-A126-FE8E-C74A9A1059CD','2013-06-23 20:30');
INSERT INTO user_has_user(user_a_id, user_b_id, date_time) VALUES('FF8868A9-8291-5903-761A-5C7938E6487F','1A24CCDA-6AEA-9457-57C5-7B48D39D2321','2013-06-23 16:00');
INSERT INTO user_has_user(user_a_id, user_b_id, date_time) VALUES('FF8868A9-8291-5903-761A-5C7938E6487F','83DB2C63-2408-B298-63F8-4992861A9395','2013-06-12 20:30');
INSERT INTO user_has_user(user_a_id, user_b_id, date_time) VALUES('FF8868A9-8291-5903-761A-5C7938E6487F','FFCB10C1-731E-5EC7-8ADD-D61E8E3999E2','2013-06-23 16:00');
INSERT INTO user_has_user(user_a_id, user_b_id, date_time) VALUES('FF8868A9-8291-5903-761A-5C7938E6487F','ACDCA258-1B7D-9AA5-1B7B-6C1472EC0CCC','2013-06-22 16:00');
INSERT INTO user_has_user(user_a_id, user_b_id, date_time) VALUES('FF8868A9-8291-5903-761A-5C7938E6487F','D8579FCC-BB44-C11A-7356-5F5D59199B67','2013-06-18 16:00');
INSERT INTO user_has_user(user_a_id, user_b_id, date_time) VALUES('9568A2A7-E342-4E5D-7F18-98311B16ADF6','D139564C-7CCC-71D9-4F4A-12F9757CC493','2013-06-18 20:30');
INSERT INTO user_has_user(user_a_id, user_b_id, date_time) VALUES('9568A2A7-E342-4E5D-7F18-98311B16ADF6','5A0C2484-B2D2-E755-9E05-9A0DDDE5A889','2013-06-23 20:30');
INSERT INTO user_has_user(user_a_id, user_b_id, date_time) VALUES('9568A2A7-E342-4E5D-7F18-98311B16ADF6','07455569-8213-A66B-323C-8886D7E69C92','2013-06-19 13:30');
INSERT INTO user_has_user(user_a_id, user_b_id, date_time) VALUES('9568A2A7-E342-4E5D-7F18-98311B16ADF6','54529E47-F0C4-7B85-7C1D-D517D006D641','2013-06-18 20:30');
INSERT INTO user_has_user(user_a_id, user_b_id, date_time) VALUES('9568A2A7-E342-4E5D-7F18-98311B16ADF6','9DC21369-CD58-EB44-7017-66355B554400','2013-06-19 16:00');
INSERT INTO user_has_user(user_a_id, user_b_id, date_time) VALUES('9568A2A7-E342-4E5D-7F18-98311B16ADF6','83A6782F-0604-6ABA-4DA6-7DB3A1461E46','2013-06-12 16:00');
INSERT INTO user_has_user(user_a_id, user_b_id, date_time) VALUES('9568A2A7-E342-4E5D-7F18-98311B16ADF6','01470D00-B899-B82C-6888-C2ABFAA4DB7C','2013-06-18 13:30');
INSERT INTO user_has_user(user_a_id, user_b_id, date_time) VALUES('9568A2A7-E342-4E5D-7F18-98311B16ADF6','34AEFF3D-16C0-D4E3-A39B-5AD720B35481','2013-06-23 16:00');
INSERT INTO user_has_user(user_a_id, user_b_id, date_time) VALUES('9568A2A7-E342-4E5D-7F18-98311B16ADF6','361DB271-EB36-2F8F-3D58-A4721F928925','2013-06-18 16:00');
INSERT INTO user_has_user(user_a_id, user_b_id, date_time) VALUES('9568A2A7-E342-4E5D-7F18-98311B16ADF6','AD8C635D-8233-8ED0-B373-FA17EA156520','2013-06-18 16:00');
INSERT INTO user_has_user(user_a_id, user_b_id, date_time) VALUES('9568A2A7-E342-4E5D-7F18-98311B16ADF6','283E5DBC-9C57-84EF-BDBD-1B931E29EA84','2013-06-14 13:30');
INSERT INTO user_has_user(user_a_id, user_b_id, date_time) VALUES('9568A2A7-E342-4E5D-7F18-98311B16ADF6','C4DE709B-D349-3A63-D508-E36B35317F72','2013-06-22 20:30');
INSERT INTO user_has_user(user_a_id, user_b_id, date_time) VALUES('9568A2A7-E342-4E5D-7F18-98311B16ADF6','A079E047-C4D4-0FCD-E30B-B1247128480F','2013-06-13 13:30');
INSERT INTO user_has_user(user_a_id, user_b_id, date_time) VALUES('9568A2A7-E342-4E5D-7F18-98311B16ADF6','9B68BF9B-C17B-9763-708D-1668BE3BDB71','2013-06-18 13:30');
INSERT INTO user_has_user(user_a_id, user_b_id, date_time) VALUES('9568A2A7-E342-4E5D-7F18-98311B16ADF6','AF8284CC-C4C3-F467-DE43-96143BC0DC36','2013-06-17 16:00');
INSERT INTO user_has_user(user_a_id, user_b_id, date_time) VALUES('9568A2A7-E342-4E5D-7F18-98311B16ADF6','1C602BA2-33C7-51A8-3E4A-5C1D3E38D4A8','2013-06-12 16:00');
INSERT INTO user_has_user(user_a_id, user_b_id, date_time) VALUES('9568A2A7-E342-4E5D-7F18-98311B16ADF6','BA6BC6B1-13D9-DFB7-2866-5D75C9F7A370','2013-06-18 13:30');
INSERT INTO user_has_user(user_a_id, user_b_id, date_time) VALUES('D1EEB861-148A-397D-5CFD-913DCB347117','F291386A-0EFD-6E79-EE78-2630C70D8271','2013-06-22 16:00');
INSERT INTO user_has_user(user_a_id, user_b_id, date_time) VALUES('D1EEB861-148A-397D-5CFD-913DCB347117','9DA3393D-A0EF-7600-0A52-FBA76571BE4C','2013-06-20 20:30');
INSERT INTO user_has_user(user_a_id, user_b_id, date_time) VALUES('D1EEB861-148A-397D-5CFD-913DCB347117','2EFCD39B-2C95-E7CE-7CD0-B8C33828F97B','2013-06-12 16:00');
INSERT INTO user_has_user(user_a_id, user_b_id, date_time) VALUES('D1EEB861-148A-397D-5CFD-913DCB347117','05D7805C-9E52-5736-9C28-ABF34B4020B7','2013-06-12 13:30');
INSERT INTO user_has_user(user_a_id, user_b_id, date_time) VALUES('D1EEB861-148A-397D-5CFD-913DCB347117','2BCE0AB1-A220-CF4F-4472-949DF48022B8','2013-06-22 20:30');
INSERT INTO user_has_user(user_a_id, user_b_id, date_time) VALUES('D1EEB861-148A-397D-5CFD-913DCB347117','AE56558E-214D-935D-EC6F-592D8FE2AF3E','2013-06-22 20:30');
INSERT INTO user_has_user(user_a_id, user_b_id, date_time) VALUES('D1EEB861-148A-397D-5CFD-913DCB347117','C34C767D-5CF5-F674-9A48-F2A202844230','2013-06-18 20:30');
INSERT INTO user_has_user(user_a_id, user_b_id, date_time) VALUES('D1EEB861-148A-397D-5CFD-913DCB347117','510DFF0B-0DAD-FBEB-2F07-CD283A4B9487','2013-06-18 20:30');
INSERT INTO user_has_user(user_a_id, user_b_id, date_time) VALUES('D1EEB861-148A-397D-5CFD-913DCB347117','D03AD1B0-33B9-FADD-7E2B-CD0A0B582EED','2013-06-23 16:00');
INSERT INTO user_has_user(user_a_id, user_b_id, date_time) VALUES('C4DE709B-D349-3A63-D508-E36B35317F72','8F78A687-F25F-1905-9744-FC37890A6FAC','2013-06-19 16:00');
INSERT INTO user_has_user(user_a_id, user_b_id, date_time) VALUES('C4DE709B-D349-3A63-D508-E36B35317F72','5957EE61-E70A-68CE-6010-D9406192051D','2013-06-18 20:30');
INSERT INTO user_has_user(user_a_id, user_b_id, date_time) VALUES('C4DE709B-D349-3A63-D508-E36B35317F72','54529E47-F0C4-7B85-7C1D-D517D006D641','2013-06-19 16:00');
INSERT INTO user_has_user(user_a_id, user_b_id, date_time) VALUES('C4DE709B-D349-3A63-D508-E36B35317F72','1C602BA2-33C7-51A8-3E4A-5C1D3E38D4A8','2013-06-11 20:30');
INSERT INTO user_has_user(user_a_id, user_b_id, date_time) VALUES('C4DE709B-D349-3A63-D508-E36B35317F72','2EC328D8-827D-C07D-6776-4FDF19E1FA6F','2013-06-13 13:30');
INSERT INTO user_has_user(user_a_id, user_b_id, date_time) VALUES('C4DE709B-D349-3A63-D508-E36B35317F72','AEEE80F3-E057-25DB-1EFB-F54D729B610B','2013-06-13 16:00');
INSERT INTO user_has_user(user_a_id, user_b_id, date_time) VALUES('C4DE709B-D349-3A63-D508-E36B35317F72','2B63471D-43CC-7BFD-8113-BD82450D6E1E','2013-06-12 13:30');
INSERT INTO user_has_user(user_a_id, user_b_id, date_time) VALUES('C4DE709B-D349-3A63-D508-E36B35317F72','906FA218-2E8E-92EA-700D-C3EBD25B7E77','2013-06-22 16:00');
INSERT INTO user_has_user(user_a_id, user_b_id, date_time) VALUES('C4DE709B-D349-3A63-D508-E36B35317F72','07714E18-8BFC-B7F4-E6AE-CD87616372D2','2013-06-22 16:00');
INSERT INTO user_has_user(user_a_id, user_b_id, date_time) VALUES('C4DE709B-D349-3A63-D508-E36B35317F72','D139564C-7CCC-71D9-4F4A-12F9757CC493','2013-06-19 16:00');
INSERT INTO user_has_user(user_a_id, user_b_id, date_time) VALUES('C4DE709B-D349-3A63-D508-E36B35317F72','5C8808D8-1313-ECAB-1A05-D080FA6A4C93','2013-06-22 20:30');
INSERT INTO user_has_user(user_a_id, user_b_id, date_time) VALUES('C4DE709B-D349-3A63-D508-E36B35317F72','D03AD1B0-33B9-FADD-7E2B-CD0A0B582EED','2013-06-13 16:00');
INSERT INTO user_has_user(user_a_id, user_b_id, date_time) VALUES('C4DE709B-D349-3A63-D508-E36B35317F72','8DF32B6A-18E9-0694-6ED8-8A9D9CDD09FB','2013-06-19 20:30');
INSERT INTO user_has_user(user_a_id, user_b_id, date_time) VALUES('C4DE709B-D349-3A63-D508-E36B35317F72','10595462-1F79-2FFA-7305-F57C99F21F8D','2013-06-19 16:00');
INSERT INTO user_has_user(user_a_id, user_b_id, date_time) VALUES('59589793-A86A-ABC3-8B21-15FEA29F11E8','F85ABFFD-7287-D926-53BF-97ABABFB77F0','2013-06-23 20:30');
INSERT INTO user_has_user(user_a_id, user_b_id, date_time) VALUES('59589793-A86A-ABC3-8B21-15FEA29F11E8','10595462-1F79-2FFA-7305-F57C99F21F8D','2013-06-18 13:30');
INSERT INTO user_has_user(user_a_id, user_b_id, date_time) VALUES('59589793-A86A-ABC3-8B21-15FEA29F11E8','E4629FDB-45C1-F350-4117-30E920A81AC1','2013-06-12 13:30');
INSERT INTO user_has_user(user_a_id, user_b_id, date_time) VALUES('59589793-A86A-ABC3-8B21-15FEA29F11E8','1F66C4C9-3DD5-23B0-2BFE-9DEB9E2E5724','2013-06-23 16:00');
INSERT INTO user_has_user(user_a_id, user_b_id, date_time) VALUES('59589793-A86A-ABC3-8B21-15FEA29F11E8','9568A2A7-E342-4E5D-7F18-98311B16ADF6','2013-06-23 16:00');
INSERT INTO user_has_user(user_a_id, user_b_id, date_time) VALUES('59589793-A86A-ABC3-8B21-15FEA29F11E8','2B95C505-9087-0C20-6859-3A76C14B83D4','2013-06-18 20:30');
INSERT INTO user_has_user(user_a_id, user_b_id, date_time) VALUES('59589793-A86A-ABC3-8B21-15FEA29F11E8','26C7CC39-3558-90E5-5B81-ABB97ACCFC0B','2013-06-24 16:00');
INSERT INTO user_has_user(user_a_id, user_b_id, date_time) VALUES('59589793-A86A-ABC3-8B21-15FEA29F11E8','5B51142B-CBFD-EC8F-FB97-E3F15F5F036C','2013-06-16 20:30');
INSERT INTO user_has_user(user_a_id, user_b_id, date_time) VALUES('59589793-A86A-ABC3-8B21-15FEA29F11E8','E5F67B7A-424A-D02F-17DD-DB33564FC356','2013-06-13 16:00');
INSERT INTO user_has_user(user_a_id, user_b_id, date_time) VALUES('59589793-A86A-ABC3-8B21-15FEA29F11E8','CCA94C5E-40F3-0BBE-CBA5-ABFD1750B308','2013-06-19 13:30');
INSERT INTO user_has_user(user_a_id, user_b_id, date_time) VALUES('59589793-A86A-ABC3-8B21-15FEA29F11E8','C27D5BA0-242D-7F4A-3D1F-459BBF17B39F','2013-06-17 13:30');
INSERT INTO user_has_user(user_a_id, user_b_id, date_time) VALUES('59589793-A86A-ABC3-8B21-15FEA29F11E8','2B63471D-43CC-7BFD-8113-BD82450D6E1E','2013-06-18 20:30');
INSERT INTO user_has_user(user_a_id, user_b_id, date_time) VALUES('59589793-A86A-ABC3-8B21-15FEA29F11E8','E094682D-6CE2-D50F-8B71-30643E4C5275','2013-06-16 20:30');
INSERT INTO user_has_user(user_a_id, user_b_id, date_time) VALUES('59589793-A86A-ABC3-8B21-15FEA29F11E8','83DB2C63-2408-B298-63F8-4992861A9395','2013-06-18 13:30');
INSERT INTO user_has_user(user_a_id, user_b_id, date_time) VALUES('59589793-A86A-ABC3-8B21-15FEA29F11E8','283E5DBC-9C57-84EF-BDBD-1B931E29EA84','2013-06-12 16:00');
INSERT INTO user_has_user(user_a_id, user_b_id, date_time) VALUES('59589793-A86A-ABC3-8B21-15FEA29F11E8','D9BE7807-3C3C-A634-81BD-F64065FB680D','2013-06-23 16:00');
INSERT INTO user_has_user(user_a_id, user_b_id, date_time) VALUES('31558730-C7BB-ECAB-8B5F-AF014EB07357','11935803-75A8-DBB6-448C-FE46C2D92207','2013-06-12 13:30');
INSERT INTO user_has_user(user_a_id, user_b_id, date_time) VALUES('31558730-C7BB-ECAB-8B5F-AF014EB07357','59589793-A86A-ABC3-8B21-15FEA29F11E8','2013-06-17 20:30');
INSERT INTO user_has_user(user_a_id, user_b_id, date_time) VALUES('31558730-C7BB-ECAB-8B5F-AF014EB07357','F8F86609-FFBE-434C-7D41-B2CA6DCE9E41','2013-06-19 16:00');
INSERT INTO user_has_user(user_a_id, user_b_id, date_time) VALUES('31558730-C7BB-ECAB-8B5F-AF014EB07357','819AA817-0CB1-6DF3-20CF-CF835E1793F9','2013-06-23 20:30');
INSERT INTO user_has_user(user_a_id, user_b_id, date_time) VALUES('31558730-C7BB-ECAB-8B5F-AF014EB07357','3E2E3065-6D5D-9E28-3C4F-5DB39D930E35','2013-06-22 16:00');
INSERT INTO user_has_user(user_a_id, user_b_id, date_time) VALUES('31558730-C7BB-ECAB-8B5F-AF014EB07357','751C4BF5-86E2-696E-38C0-9DB196FA12CB','2013-06-22 20:30');
INSERT INTO user_has_user(user_a_id, user_b_id, date_time) VALUES('31558730-C7BB-ECAB-8B5F-AF014EB07357','436FFA7F-340B-311C-3627-A254B61D5C79','2013-06-23 16:00');
INSERT INTO user_has_user(user_a_id, user_b_id, date_time) VALUES('31558730-C7BB-ECAB-8B5F-AF014EB07357','2B95C505-9087-0C20-6859-3A76C14B83D4','2013-06-23 20:30');
INSERT INTO user_has_user(user_a_id, user_b_id, date_time) VALUES('31558730-C7BB-ECAB-8B5F-AF014EB07357','1452406E-6AB8-3569-332A-816966FF01FC','2013-06-18 16:00');
INSERT INTO user_has_user(user_a_id, user_b_id, date_time) VALUES('31558730-C7BB-ECAB-8B5F-AF014EB07357','8CB56EBC-A336-CB3A-17D8-988D80DCA177','2013-06-19 16:00');
INSERT INTO user_has_user(user_a_id, user_b_id, date_time) VALUES('31558730-C7BB-ECAB-8B5F-AF014EB07357','167432E7-1543-297E-D5CB-79666A349E22','2013-06-16 20:30');
INSERT INTO user_has_user(user_a_id, user_b_id, date_time) VALUES('31558730-C7BB-ECAB-8B5F-AF014EB07357','C7BEE87A-F280-2318-6252-12677E713CEE','2013-06-12 16:00');
INSERT INTO user_has_user(user_a_id, user_b_id, date_time) VALUES('31558730-C7BB-ECAB-8B5F-AF014EB07357','02B331FB-D3E3-2502-9F6F-CF627C1C0C57','2013-06-22 20:30');
INSERT INTO user_has_user(user_a_id, user_b_id, date_time) VALUES('583D79DE-154B-AEF2-2782-C0454FA06904','938E929F-8FAC-7104-1007-7291FDCF2BCE','2013-06-24 16:00');
INSERT INTO user_has_user(user_a_id, user_b_id, date_time) VALUES('10595462-1F79-2FFA-7305-F57C99F21F8D','2B95C505-9087-0C20-6859-3A76C14B83D4','2013-06-19 16:00');
INSERT INTO user_has_user(user_a_id, user_b_id, date_time) VALUES('10595462-1F79-2FFA-7305-F57C99F21F8D','0141B3A2-F5A8-BDC9-F5E4-C1D658159A83','2013-06-18 13:30');
INSERT INTO user_has_user(user_a_id, user_b_id, date_time) VALUES('E4629FDB-45C1-F350-4117-30E920A81AC1','E5F67B7A-424A-D02F-17DD-DB33564FC356','2013-06-17 13:30');
INSERT INTO user_has_user(user_a_id, user_b_id, date_time) VALUES('E4629FDB-45C1-F350-4117-30E920A81AC1','1483DF14-81F7-08E8-21E8-AB9219D2458F','2013-06-23 20:30');
INSERT INTO user_has_user(user_a_id, user_b_id, date_time) VALUES('E4629FDB-45C1-F350-4117-30E920A81AC1','D03AD1B0-33B9-FADD-7E2B-CD0A0B582EED','2013-06-18 13:30');
INSERT INTO user_has_user(user_a_id, user_b_id, date_time) VALUES('E4629FDB-45C1-F350-4117-30E920A81AC1','AA2C3BD6-A365-711E-FC96-FA8D4B55467C','2013-06-14 16:00');
INSERT INTO user_has_user(user_a_id, user_b_id, date_time) VALUES('E4629FDB-45C1-F350-4117-30E920A81AC1','419C4810-B3A7-5B51-D502-1DE1ACA3D5F5','2013-06-19 16:00');
INSERT INTO user_has_user(user_a_id, user_b_id, date_time) VALUES('E4629FDB-45C1-F350-4117-30E920A81AC1','6DFF963B-C24A-7BDD-891D-3CAEC7DC0EE5','2013-06-13 13:30');
INSERT INTO user_has_user(user_a_id, user_b_id, date_time) VALUES('E4629FDB-45C1-F350-4117-30E920A81AC1','751C4BF5-86E2-696E-38C0-9DB196FA12CB','2013-06-24 20:30');
INSERT INTO user_has_user(user_a_id, user_b_id, date_time) VALUES('E4629FDB-45C1-F350-4117-30E920A81AC1','CB9ED083-B89B-99D7-5C96-65E6F9EEB8EE','2013-06-23 16:00');
INSERT INTO user_has_user(user_a_id, user_b_id, date_time) VALUES('E4629FDB-45C1-F350-4117-30E920A81AC1','255EDAA7-2572-5F6C-DA42-4FCB793565D3','2013-06-22 16:00');
INSERT INTO user_has_user(user_a_id, user_b_id, date_time) VALUES('E4629FDB-45C1-F350-4117-30E920A81AC1','FB44BD4D-B0BA-D45A-C7FA-DA1B2C644789','2013-06-12 13:30');
INSERT INTO user_has_user(user_a_id, user_b_id, date_time) VALUES('E4629FDB-45C1-F350-4117-30E920A81AC1','1452406E-6AB8-3569-332A-816966FF01FC','2013-06-14 16:00');
INSERT INTO user_has_user(user_a_id, user_b_id, date_time) VALUES('E4629FDB-45C1-F350-4117-30E920A81AC1','07455569-8213-A66B-323C-8886D7E69C92','2013-06-12 13:30');
INSERT INTO user_has_user(user_a_id, user_b_id, date_time) VALUES('E4629FDB-45C1-F350-4117-30E920A81AC1','5957EE61-E70A-68CE-6010-D9406192051D','2013-06-23 20:30');
INSERT INTO user_has_user(user_a_id, user_b_id, date_time) VALUES('E4629FDB-45C1-F350-4117-30E920A81AC1','C51619D4-F8E4-A961-CE40-150F2C3BCADB','2013-06-16 20:30');
INSERT INTO user_has_user(user_a_id, user_b_id, date_time) VALUES('E4629FDB-45C1-F350-4117-30E920A81AC1','1F66C4C9-3DD5-23B0-2BFE-9DEB9E2E5724','2013-06-12 16:00');
INSERT INTO user_has_user(user_a_id, user_b_id, date_time) VALUES('E4629FDB-45C1-F350-4117-30E920A81AC1','221A1D2F-6F25-D812-F270-4979F7A6F9C3','2013-06-23 16:00');
INSERT INTO user_has_user(user_a_id, user_b_id, date_time) VALUES('E4629FDB-45C1-F350-4117-30E920A81AC1','CF4A9F36-373A-C301-EA85-A0C34486BA9F','2013-06-22 16:00');
INSERT INTO user_has_user(user_a_id, user_b_id, date_time) VALUES('283E5DBC-9C57-84EF-BDBD-1B931E29EA84','4F620999-FE5D-F530-5C5B-383D6BF3B6EA','2013-06-23 20:30');
INSERT INTO user_has_user(user_a_id, user_b_id, date_time) VALUES('283E5DBC-9C57-84EF-BDBD-1B931E29EA84','AE8D3305-73DD-53F7-DBE1-6CA48EDF1F5F','2013-06-23 16:00');
INSERT INTO user_has_user(user_a_id, user_b_id, date_time) VALUES('283E5DBC-9C57-84EF-BDBD-1B931E29EA84','CA448B71-6D6A-9E92-27C4-4B439C49E67C','2013-06-22 20:30');
INSERT INTO user_has_user(user_a_id, user_b_id, date_time) VALUES('283E5DBC-9C57-84EF-BDBD-1B931E29EA84','69DA7862-A47A-DC4B-7111-91EC5EB2B6D0','2013-06-18 13:30');
INSERT INTO user_has_user(user_a_id, user_b_id, date_time) VALUES('283E5DBC-9C57-84EF-BDBD-1B931E29EA84','54529E47-F0C4-7B85-7C1D-D517D006D641','2013-06-23 16:00');
INSERT INTO user_has_user(user_a_id, user_b_id, date_time) VALUES('283E5DBC-9C57-84EF-BDBD-1B931E29EA84','EA9AB53E-C0D1-5CBD-8E49-927E1D4EF7E5','2013-06-24 16:00');
INSERT INTO user_has_user(user_a_id, user_b_id, date_time) VALUES('283E5DBC-9C57-84EF-BDBD-1B931E29EA84','A5CFF350-C056-C33F-2C06-C8A4B42A526A','2013-06-24 20:30');
INSERT INTO user_has_user(user_a_id, user_b_id, date_time) VALUES('283E5DBC-9C57-84EF-BDBD-1B931E29EA84','7D555604-03E6-03A7-2C86-B7C8FBFB9A78','2013-06-12 13:30');
INSERT INTO user_has_user(user_a_id, user_b_id, date_time) VALUES('283E5DBC-9C57-84EF-BDBD-1B931E29EA84','820D6FB4-E970-9C37-92A1-EF5525BA4C69','2013-06-14 13:30');
INSERT INTO user_has_user(user_a_id, user_b_id, date_time) VALUES('283E5DBC-9C57-84EF-BDBD-1B931E29EA84','50EEFCEA-5E75-B95A-EBAC-129489ABEC3E','2013-06-12 16:00');
INSERT INTO user_has_user(user_a_id, user_b_id, date_time) VALUES('283E5DBC-9C57-84EF-BDBD-1B931E29EA84','4A4ABFC9-19AD-B67B-DECA-5930168CD46B','2013-06-13 20:30');
INSERT INTO user_has_user(user_a_id, user_b_id, date_time) VALUES('283E5DBC-9C57-84EF-BDBD-1B931E29EA84','B6FC8C63-1BBC-F6AA-774E-C2DEDFB585B3','2013-06-13 16:00');
INSERT INTO user_has_user(user_a_id, user_b_id, date_time) VALUES('677D915E-474A-5DCF-90E1-73097BCC9F7C','AE8D3305-73DD-53F7-DBE1-6CA48EDF1F5F','2013-06-24 20:30');
INSERT INTO user_has_user(user_a_id, user_b_id, date_time) VALUES('677D915E-474A-5DCF-90E1-73097BCC9F7C','3BD0921B-9C7E-E7D5-D762-57D0755692EE','2013-06-16 20:30');
INSERT INTO user_has_user(user_a_id, user_b_id, date_time) VALUES('677D915E-474A-5DCF-90E1-73097BCC9F7C','B5935B67-4627-1C23-03D5-EC1BC1C941C9','2013-06-18 16:00');
INSERT INTO user_has_user(user_a_id, user_b_id, date_time) VALUES('DF47270C-CA5F-5F32-6102-B879B91191A0','75BD8332-6B39-E791-E7EC-B159AFEF79F3','2013-06-23 20:30');
INSERT INTO user_has_user(user_a_id, user_b_id, date_time) VALUES('DF47270C-CA5F-5F32-6102-B879B91191A0','07455569-8213-A66B-323C-8886D7E69C92','2013-06-23 20:30');
INSERT INTO user_has_user(user_a_id, user_b_id, date_time) VALUES('DF47270C-CA5F-5F32-6102-B879B91191A0','B5935B67-4627-1C23-03D5-EC1BC1C941C9','2013-06-22 20:30');
INSERT INTO user_has_user(user_a_id, user_b_id, date_time) VALUES('DF47270C-CA5F-5F32-6102-B879B91191A0','67E40F3D-1727-FE40-848B-E1B5B4532840','2013-06-12 13:30');
INSERT INTO user_has_user(user_a_id, user_b_id, date_time) VALUES('DF47270C-CA5F-5F32-6102-B879B91191A0','508A26A4-76D8-8573-974B-041B5094BAF9','2013-06-13 16:00');
INSERT INTO user_has_user(user_a_id, user_b_id, date_time) VALUES('DF47270C-CA5F-5F32-6102-B879B91191A0','85AC1C46-68F0-525B-0154-EF7CB675030E','2013-06-17 13:30');
INSERT INTO user_has_user(user_a_id, user_b_id, date_time) VALUES('B6FC8C63-1BBC-F6AA-774E-C2DEDFB585B3','583D79DE-154B-AEF2-2782-C0454FA06904','2013-06-24 16:00');
INSERT INTO user_has_user(user_a_id, user_b_id, date_time) VALUES('B6FC8C63-1BBC-F6AA-774E-C2DEDFB585B3','4F620999-FE5D-F530-5C5B-383D6BF3B6EA','2013-06-14 13:30');
INSERT INTO user_has_user(user_a_id, user_b_id, date_time) VALUES('B6FC8C63-1BBC-F6AA-774E-C2DEDFB585B3','1452406E-6AB8-3569-332A-816966FF01FC','2013-06-23 16:00');
INSERT INTO user_has_user(user_a_id, user_b_id, date_time) VALUES('B6FC8C63-1BBC-F6AA-774E-C2DEDFB585B3','62C59B2C-EFDB-8C9D-29BA-FDD5FF1EF737','2013-06-13 16:00');
INSERT INTO user_has_user(user_a_id, user_b_id, date_time) VALUES('B6FC8C63-1BBC-F6AA-774E-C2DEDFB585B3','321E2A3C-4C17-4B6D-F5BF-93322BC032F8','2013-06-16 20:30');
INSERT INTO user_has_user(user_a_id, user_b_id, date_time) VALUES('B6FC8C63-1BBC-F6AA-774E-C2DEDFB585B3','EC436334-CD65-71DA-6E77-F3D58107986C','2013-06-20 20:30');
INSERT INTO user_has_user(user_a_id, user_b_id, date_time) VALUES('B6FC8C63-1BBC-F6AA-774E-C2DEDFB585B3','65FFB931-B691-E694-21F9-A354DF676AFD','2013-06-19 20:30');
INSERT INTO user_has_user(user_a_id, user_b_id, date_time) VALUES('B6FC8C63-1BBC-F6AA-774E-C2DEDFB585B3','472020F4-FDBF-83DA-5F1F-6D6FE45601D1','2013-06-18 20:30');
INSERT INTO user_has_user(user_a_id, user_b_id, date_time) VALUES('B6FC8C63-1BBC-F6AA-774E-C2DEDFB585B3','05D7805C-9E52-5736-9C28-ABF34B4020B7','2013-06-18 16:00');
INSERT INTO user_has_user(user_a_id, user_b_id, date_time) VALUES('B6FC8C63-1BBC-F6AA-774E-C2DEDFB585B3','A079E047-C4D4-0FCD-E30B-B1247128480F','2013-06-14 16:00');
INSERT INTO user_has_user(user_a_id, user_b_id, date_time) VALUES('B6FC8C63-1BBC-F6AA-774E-C2DEDFB585B3','3E2E3065-6D5D-9E28-3C4F-5DB39D930E35','2013-06-11 20:30');
INSERT INTO user_has_user(user_a_id, user_b_id, date_time) VALUES('B6FC8C63-1BBC-F6AA-774E-C2DEDFB585B3','69E2F5E1-3F15-40FF-CE65-9038D04C595E','2013-06-11 20:30');
INSERT INTO user_has_user(user_a_id, user_b_id, date_time) VALUES('B6FC8C63-1BBC-F6AA-774E-C2DEDFB585B3','677D915E-474A-5DCF-90E1-73097BCC9F7C','2013-06-12 16:00');
INSERT INTO user_has_user(user_a_id, user_b_id, date_time) VALUES('B6FC8C63-1BBC-F6AA-774E-C2DEDFB585B3','C34C767D-5CF5-F674-9A48-F2A202844230','2013-06-23 16:00');
INSERT INTO user_has_user(user_a_id, user_b_id, date_time) VALUES('B6FC8C63-1BBC-F6AA-774E-C2DEDFB585B3','5B91B8AA-A597-44E2-65A8-A0FD441D68E6','2013-06-23 16:00');
INSERT INTO user_has_user(user_a_id, user_b_id, date_time) VALUES('B6FC8C63-1BBC-F6AA-774E-C2DEDFB585B3','11935803-75A8-DBB6-448C-FE46C2D92207','2013-06-24 20:30');
INSERT INTO user_has_user(user_a_id, user_b_id, date_time) VALUES('B6FC8C63-1BBC-F6AA-774E-C2DEDFB585B3','C51619D4-F8E4-A961-CE40-150F2C3BCADB','2013-06-18 16:00');
INSERT INTO user_has_user(user_a_id, user_b_id, date_time) VALUES('AE56558E-214D-935D-EC6F-592D8FE2AF3E','D139564C-7CCC-71D9-4F4A-12F9757CC493','2013-06-14 16:00');
INSERT INTO user_has_user(user_a_id, user_b_id, date_time) VALUES('AE56558E-214D-935D-EC6F-592D8FE2AF3E','69E2F5E1-3F15-40FF-CE65-9038D04C595E','2013-06-24 16:00');
INSERT INTO user_has_user(user_a_id, user_b_id, date_time) VALUES('AE56558E-214D-935D-EC6F-592D8FE2AF3E','1B8A4B04-C8AD-1C4E-FCC0-F7338DDFBC22','2013-06-22 20:30');
INSERT INTO user_has_user(user_a_id, user_b_id, date_time) VALUES('AE56558E-214D-935D-EC6F-592D8FE2AF3E','321E2A3C-4C17-4B6D-F5BF-93322BC032F8','2013-06-13 13:30');
INSERT INTO user_has_user(user_a_id, user_b_id, date_time) VALUES('AE56558E-214D-935D-EC6F-592D8FE2AF3E','4901C588-8FC8-4A5F-6E62-CBF4EE1E11CA','2013-06-23 20:30');
INSERT INTO user_has_user(user_a_id, user_b_id, date_time) VALUES('AE56558E-214D-935D-EC6F-592D8FE2AF3E','0390833E-70F0-2B10-EEFE-6C1307D18C5D','2013-06-17 13:30');
INSERT INTO user_has_user(user_a_id, user_b_id, date_time) VALUES('AE56558E-214D-935D-EC6F-592D8FE2AF3E','88B0A16F-DEC6-BFF4-78A8-FF56836D1AF2','2013-06-23 16:00');
INSERT INTO user_has_user(user_a_id, user_b_id, date_time) VALUES('AE56558E-214D-935D-EC6F-592D8FE2AF3E','29023899-2BCA-4F37-28E9-93F5307EB9AD','2013-06-19 16:00');
INSERT INTO user_has_user(user_a_id, user_b_id, date_time) VALUES('AE56558E-214D-935D-EC6F-592D8FE2AF3E','1110B745-985F-B124-CB2E-71B6912E07BB','2013-06-14 20:30');
INSERT INTO user_has_user(user_a_id, user_b_id, date_time) VALUES('AE56558E-214D-935D-EC6F-592D8FE2AF3E','AF21F654-CE8E-19F6-69DF-71FFCE2B40D2','2013-06-19 13:30');
INSERT INTO user_has_user(user_a_id, user_b_id, date_time) VALUES('AE56558E-214D-935D-EC6F-592D8FE2AF3E','C7BEE87A-F280-2318-6252-12677E713CEE','2013-06-12 13:30');
INSERT INTO user_has_user(user_a_id, user_b_id, date_time) VALUES('AE56558E-214D-935D-EC6F-592D8FE2AF3E','583D79DE-154B-AEF2-2782-C0454FA06904','2013-06-18 16:00');
INSERT INTO user_has_user(user_a_id, user_b_id, date_time) VALUES('AE56558E-214D-935D-EC6F-592D8FE2AF3E','5B51142B-CBFD-EC8F-FB97-E3F15F5F036C','2013-06-23 20:30');
INSERT INTO user_has_user(user_a_id, user_b_id, date_time) VALUES('AE56558E-214D-935D-EC6F-592D8FE2AF3E','5957EE61-E70A-68CE-6010-D9406192051D','2013-06-23 16:00');
INSERT INTO user_has_user(user_a_id, user_b_id, date_time) VALUES('01470D00-B899-B82C-6888-C2ABFAA4DB7C','A5CFF350-C056-C33F-2C06-C8A4B42A526A','2013-06-12 16:00');
INSERT INTO user_has_user(user_a_id, user_b_id, date_time) VALUES('01470D00-B899-B82C-6888-C2ABFAA4DB7C','DF47270C-CA5F-5F32-6102-B879B91191A0','2013-06-23 20:30');
INSERT INTO user_has_user(user_a_id, user_b_id, date_time) VALUES('01470D00-B899-B82C-6888-C2ABFAA4DB7C','4F620999-FE5D-F530-5C5B-383D6BF3B6EA','2013-06-23 16:00');
INSERT INTO user_has_user(user_a_id, user_b_id, date_time) VALUES('01470D00-B899-B82C-6888-C2ABFAA4DB7C','508A26A4-76D8-8573-974B-041B5094BAF9','2013-06-14 13:30');
INSERT INTO user_has_user(user_a_id, user_b_id, date_time) VALUES('01470D00-B899-B82C-6888-C2ABFAA4DB7C','65FFB931-B691-E694-21F9-A354DF676AFD','2013-06-12 16:00');
INSERT INTO user_has_user(user_a_id, user_b_id, date_time) VALUES('01470D00-B899-B82C-6888-C2ABFAA4DB7C','886E2863-0AB2-386D-895C-495ABC7B706A','2013-06-13 13:30');
INSERT INTO user_has_user(user_a_id, user_b_id, date_time) VALUES('01470D00-B899-B82C-6888-C2ABFAA4DB7C','D03AD1B0-33B9-FADD-7E2B-CD0A0B582EED','2013-06-18 16:00');
INSERT INTO user_has_user(user_a_id, user_b_id, date_time) VALUES('01470D00-B899-B82C-6888-C2ABFAA4DB7C','283E5DBC-9C57-84EF-BDBD-1B931E29EA84','2013-06-22 16:00');
INSERT INTO user_has_user(user_a_id, user_b_id, date_time) VALUES('01470D00-B899-B82C-6888-C2ABFAA4DB7C','AF21F654-CE8E-19F6-69DF-71FFCE2B40D2','2013-06-23 16:00');
INSERT INTO user_has_user(user_a_id, user_b_id, date_time) VALUES('01470D00-B899-B82C-6888-C2ABFAA4DB7C','938E929F-8FAC-7104-1007-7291FDCF2BCE','2013-06-23 20:30');
INSERT INTO user_has_user(user_a_id, user_b_id, date_time) VALUES('01470D00-B899-B82C-6888-C2ABFAA4DB7C','BE1B7CD4-49E7-062B-D692-6D838C72B170','2013-06-12 16:00');
INSERT INTO user_has_user(user_a_id, user_b_id, date_time) VALUES('01470D00-B899-B82C-6888-C2ABFAA4DB7C','E094682D-6CE2-D50F-8B71-30643E4C5275','2013-06-23 16:00');
INSERT INTO user_has_user(user_a_id, user_b_id, date_time) VALUES('01470D00-B899-B82C-6888-C2ABFAA4DB7C','2D278012-667C-8150-2912-4FA907953089','2013-06-23 16:00');
INSERT INTO user_has_user(user_a_id, user_b_id, date_time) VALUES('01470D00-B899-B82C-6888-C2ABFAA4DB7C','D15ECDDD-0667-A10C-CB94-B85181658EAE','2013-06-24 16:00');
INSERT INTO user_has_user(user_a_id, user_b_id, date_time) VALUES('01470D00-B899-B82C-6888-C2ABFAA4DB7C','AF8284CC-C4C3-F467-DE43-96143BC0DC36','2013-06-22 16:00');
INSERT INTO user_has_user(user_a_id, user_b_id, date_time) VALUES('05D7805C-9E52-5736-9C28-ABF34B4020B7','56CE573E-900C-DC06-0309-99A9B9C5BF72','2013-06-23 16:00');
INSERT INTO user_has_user(user_a_id, user_b_id, date_time) VALUES('A079E047-C4D4-0FCD-E30B-B1247128480F','2BCE0AB1-A220-CF4F-4472-949DF48022B8','2013-06-17 13:30');
INSERT INTO user_has_user(user_a_id, user_b_id, date_time) VALUES('A079E047-C4D4-0FCD-E30B-B1247128480F','CA448B71-6D6A-9E92-27C4-4B439C49E67C','2013-06-11 16:00');
INSERT INTO user_has_user(user_a_id, user_b_id, date_time) VALUES('A079E047-C4D4-0FCD-E30B-B1247128480F','F85ABFFD-7287-D926-53BF-97ABABFB77F0','2013-06-18 20:30');
INSERT INTO user_has_user(user_a_id, user_b_id, date_time) VALUES('A079E047-C4D4-0FCD-E30B-B1247128480F','2D278012-667C-8150-2912-4FA907953089','2013-06-14 20:30');
INSERT INTO user_has_user(user_a_id, user_b_id, date_time) VALUES('A079E047-C4D4-0FCD-E30B-B1247128480F','85AC1C46-68F0-525B-0154-EF7CB675030E','2013-06-18 16:00');
INSERT INTO user_has_user(user_a_id, user_b_id, date_time) VALUES('A079E047-C4D4-0FCD-E30B-B1247128480F','4F620999-FE5D-F530-5C5B-383D6BF3B6EA','2013-06-17 13:30');
INSERT INTO user_has_user(user_a_id, user_b_id, date_time) VALUES('A079E047-C4D4-0FCD-E30B-B1247128480F','AAC5206E-0D7A-EE6C-F725-97DC92093EA3','2013-06-24 20:30');
INSERT INTO user_has_user(user_a_id, user_b_id, date_time) VALUES('A079E047-C4D4-0FCD-E30B-B1247128480F','59589793-A86A-ABC3-8B21-15FEA29F11E8','2013-06-13 20:30');
INSERT INTO user_has_user(user_a_id, user_b_id, date_time) VALUES('A079E047-C4D4-0FCD-E30B-B1247128480F','67E40F3D-1727-FE40-848B-E1B5B4532840','2013-06-12 16:00');
INSERT INTO user_has_user(user_a_id, user_b_id, date_time) VALUES('A079E047-C4D4-0FCD-E30B-B1247128480F','5B91B8AA-A597-44E2-65A8-A0FD441D68E6','2013-06-13 16:00');
INSERT INTO user_has_user(user_a_id, user_b_id, date_time) VALUES('CFD8286A-2AF6-4BE7-0286-901BD4B32747','AAC5206E-0D7A-EE6C-F725-97DC92093EA3','2013-06-23 20:30');
INSERT INTO user_has_user(user_a_id, user_b_id, date_time) VALUES('CFD8286A-2AF6-4BE7-0286-901BD4B32747','5957EE61-E70A-68CE-6010-D9406192051D','2013-06-18 16:00');
INSERT INTO user_has_user(user_a_id, user_b_id, date_time) VALUES('CFD8286A-2AF6-4BE7-0286-901BD4B32747','424554F5-8AA4-7689-F987-A2F4448628AE','2013-06-16 20:30');
INSERT INTO user_has_user(user_a_id, user_b_id, date_time) VALUES('CFD8286A-2AF6-4BE7-0286-901BD4B32747','1FE0A150-1494-976B-EC63-26BDB232678A','2013-06-16 20:30');
INSERT INTO user_has_user(user_a_id, user_b_id, date_time) VALUES('CFD8286A-2AF6-4BE7-0286-901BD4B32747','7D43380E-E23D-30BB-542A-F3F6C64055C7','2013-06-13 13:30');
INSERT INTO user_has_user(user_a_id, user_b_id, date_time) VALUES('CFD8286A-2AF6-4BE7-0286-901BD4B32747','CB9ED083-B89B-99D7-5C96-65E6F9EEB8EE','2013-06-17 13:30');
INSERT INTO user_has_user(user_a_id, user_b_id, date_time) VALUES('CFD8286A-2AF6-4BE7-0286-901BD4B32747','10BB3D40-FB1B-49EA-EEC6-269509E1044F','2013-06-12 13:30');
INSERT INTO user_has_user(user_a_id, user_b_id, date_time) VALUES('CFD8286A-2AF6-4BE7-0286-901BD4B32747','F202E730-834A-5450-80FC-1E91B5E64D96','2013-06-23 16:00');
INSERT INTO user_has_user(user_a_id, user_b_id, date_time) VALUES('CFD8286A-2AF6-4BE7-0286-901BD4B32747','2EC328D8-827D-C07D-6776-4FDF19E1FA6F','2013-06-22 16:00');
INSERT INTO user_has_user(user_a_id, user_b_id, date_time) VALUES('CFD8286A-2AF6-4BE7-0286-901BD4B32747','9DC21369-CD58-EB44-7017-66355B554400','2013-06-11 20:30');
INSERT INTO user_has_user(user_a_id, user_b_id, date_time) VALUES('CFD8286A-2AF6-4BE7-0286-901BD4B32747','75BD8332-6B39-E791-E7EC-B159AFEF79F3','2013-06-11 16:00');
INSERT INTO user_has_user(user_a_id, user_b_id, date_time) VALUES('CFD8286A-2AF6-4BE7-0286-901BD4B32747','3C4810CA-FAB6-7FCD-C94B-5FEEBB572765','2013-06-14 20:30');
INSERT INTO user_has_user(user_a_id, user_b_id, date_time) VALUES('CFD8286A-2AF6-4BE7-0286-901BD4B32747','34AEFF3D-16C0-D4E3-A39B-5AD720B35481','2013-06-12 16:00');
INSERT INTO user_has_user(user_a_id, user_b_id, date_time) VALUES('CFD8286A-2AF6-4BE7-0286-901BD4B32747','5C12270B-DB3B-29A4-97E0-6C18EF59EE82','2013-06-23 16:00');
INSERT INTO user_has_user(user_a_id, user_b_id, date_time) VALUES('CFD8286A-2AF6-4BE7-0286-901BD4B32747','8F78A687-F25F-1905-9744-FC37890A6FAC','2013-06-13 20:30');
INSERT INTO user_has_user(user_a_id, user_b_id, date_time) VALUES('CFD8286A-2AF6-4BE7-0286-901BD4B32747','1EB01F12-5098-4837-8EB8-B55452C6184E','2013-06-13 13:30');
INSERT INTO user_has_user(user_a_id, user_b_id, date_time) VALUES('CFD8286A-2AF6-4BE7-0286-901BD4B32747','69DA7862-A47A-DC4B-7111-91EC5EB2B6D0','2013-06-23 16:00');
INSERT INTO user_has_user(user_a_id, user_b_id, date_time) VALUES('CFD8286A-2AF6-4BE7-0286-901BD4B32747','C7BEE87A-F280-2318-6252-12677E713CEE','2013-06-12 16:00');
INSERT INTO user_has_user(user_a_id, user_b_id, date_time) VALUES('CA448B71-6D6A-9E92-27C4-4B439C49E67C','3C81C78E-5232-F855-DD44-1B542A2D109F','2013-06-12 16:00');
INSERT INTO user_has_user(user_a_id, user_b_id, date_time) VALUES('CA448B71-6D6A-9E92-27C4-4B439C49E67C','283E5DBC-9C57-84EF-BDBD-1B931E29EA84','2013-06-24 16:00');
INSERT INTO user_has_user(user_a_id, user_b_id, date_time) VALUES('CA448B71-6D6A-9E92-27C4-4B439C49E67C','9DC21369-CD58-EB44-7017-66355B554400','2013-06-24 16:00');
INSERT INTO user_has_user(user_a_id, user_b_id, date_time) VALUES('CA448B71-6D6A-9E92-27C4-4B439C49E67C','E271CFD5-BF18-816B-F590-2C05477F4895','2013-06-18 16:00');
INSERT INTO user_has_user(user_a_id, user_b_id, date_time) VALUES('CA448B71-6D6A-9E92-27C4-4B439C49E67C','6EF42EB2-D77E-E4B1-9415-0434D66EE403','2013-06-24 16:00');
INSERT INTO user_has_user(user_a_id, user_b_id, date_time) VALUES('CA448B71-6D6A-9E92-27C4-4B439C49E67C','DF469050-3474-773C-0CC5-8B8477DEC454','2013-06-18 13:30');
INSERT INTO user_has_user(user_a_id, user_b_id, date_time) VALUES('CA448B71-6D6A-9E92-27C4-4B439C49E67C','6D350F2C-5887-F332-387D-FEEDAA4119F8','2013-06-23 20:30');
INSERT INTO user_has_user(user_a_id, user_b_id, date_time) VALUES('CA448B71-6D6A-9E92-27C4-4B439C49E67C','D15ECDDD-0667-A10C-CB94-B85181658EAE','2013-06-12 13:30');
INSERT INTO user_has_user(user_a_id, user_b_id, date_time) VALUES('CA448B71-6D6A-9E92-27C4-4B439C49E67C','F8F86609-FFBE-434C-7D41-B2CA6DCE9E41','2013-06-13 20:30');
INSERT INTO user_has_user(user_a_id, user_b_id, date_time) VALUES('CA448B71-6D6A-9E92-27C4-4B439C49E67C','85AC1C46-68F0-525B-0154-EF7CB675030E','2013-06-19 16:00');
INSERT INTO user_has_user(user_a_id, user_b_id, date_time) VALUES('CA448B71-6D6A-9E92-27C4-4B439C49E67C','221A1D2F-6F25-D812-F270-4979F7A6F9C3','2013-06-14 20:30');
INSERT INTO user_has_user(user_a_id, user_b_id, date_time) VALUES('CA448B71-6D6A-9E92-27C4-4B439C49E67C','05BD296C-D0C4-F0D4-8681-680817F77C85','2013-06-13 16:00');
INSERT INTO user_has_user(user_a_id, user_b_id, date_time) VALUES('CA448B71-6D6A-9E92-27C4-4B439C49E67C','01470D00-B899-B82C-6888-C2ABFAA4DB7C','2013-06-22 20:30');
INSERT INTO user_has_user(user_a_id, user_b_id, date_time) VALUES('CA448B71-6D6A-9E92-27C4-4B439C49E67C','4A4ABFC9-19AD-B67B-DECA-5930168CD46B','2013-06-12 20:30');
INSERT INTO user_has_user(user_a_id, user_b_id, date_time) VALUES('CA448B71-6D6A-9E92-27C4-4B439C49E67C','4901C588-8FC8-4A5F-6E62-CBF4EE1E11CA','2013-06-17 20:30');
INSERT INTO user_has_user(user_a_id, user_b_id, date_time) VALUES('7B39756B-59F8-FA75-7DB0-35F07A3D3A59','54529E47-F0C4-7B85-7C1D-D517D006D641','2013-06-13 13:30');
INSERT INTO user_has_user(user_a_id, user_b_id, date_time) VALUES('7B39756B-59F8-FA75-7DB0-35F07A3D3A59','05D7805C-9E52-5736-9C28-ABF34B4020B7','2013-06-18 16:00');
INSERT INTO user_has_user(user_a_id, user_b_id, date_time) VALUES('7B39756B-59F8-FA75-7DB0-35F07A3D3A59','4F620999-FE5D-F530-5C5B-383D6BF3B6EA','2013-06-23 16:00');
INSERT INTO user_has_user(user_a_id, user_b_id, date_time) VALUES('7B39756B-59F8-FA75-7DB0-35F07A3D3A59','ACDCA258-1B7D-9AA5-1B7B-6C1472EC0CCC','2013-06-23 20:30');
INSERT INTO user_has_user(user_a_id, user_b_id, date_time) VALUES('7B39756B-59F8-FA75-7DB0-35F07A3D3A59','D15ECDDD-0667-A10C-CB94-B85181658EAE','2013-06-19 13:30');
INSERT INTO user_has_user(user_a_id, user_b_id, date_time) VALUES('7B39756B-59F8-FA75-7DB0-35F07A3D3A59','E0FAA3F6-C69B-A126-FE8E-C74A9A1059CD','2013-06-17 20:30');
INSERT INTO user_has_user(user_a_id, user_b_id, date_time) VALUES('7B39756B-59F8-FA75-7DB0-35F07A3D3A59','3BD33655-326E-C265-145B-1E65AD2BF1EE','2013-06-18 20:30');
INSERT INTO user_has_user(user_a_id, user_b_id, date_time) VALUES('7B39756B-59F8-FA75-7DB0-35F07A3D3A59','548C7906-444A-5389-873B-5E3C97F1F47D','2013-06-24 16:00');
INSERT INTO user_has_user(user_a_id, user_b_id, date_time) VALUES('7B39756B-59F8-FA75-7DB0-35F07A3D3A59','751C4BF5-86E2-696E-38C0-9DB196FA12CB','2013-06-17 20:30');
INSERT INTO user_has_user(user_a_id, user_b_id, date_time) VALUES('7B39756B-59F8-FA75-7DB0-35F07A3D3A59','F202E730-834A-5450-80FC-1E91B5E64D96','2013-06-23 16:00');
INSERT INTO user_has_user(user_a_id, user_b_id, date_time) VALUES('7B39756B-59F8-FA75-7DB0-35F07A3D3A59','AF21F654-CE8E-19F6-69DF-71FFCE2B40D2','2013-06-24 20:30');
INSERT INTO user_has_user(user_a_id, user_b_id, date_time) VALUES('7B39756B-59F8-FA75-7DB0-35F07A3D3A59','65FFB931-B691-E694-21F9-A354DF676AFD','2013-06-18 13:30');
INSERT INTO user_has_user(user_a_id, user_b_id, date_time) VALUES('7B39756B-59F8-FA75-7DB0-35F07A3D3A59','75BD8332-6B39-E791-E7EC-B159AFEF79F3','2013-06-13 16:00');
INSERT INTO user_has_user(user_a_id, user_b_id, date_time) VALUES('7B39756B-59F8-FA75-7DB0-35F07A3D3A59','59589793-A86A-ABC3-8B21-15FEA29F11E8','2013-06-13 13:30');
INSERT INTO user_has_user(user_a_id, user_b_id, date_time) VALUES('7B39756B-59F8-FA75-7DB0-35F07A3D3A59','2B95C505-9087-0C20-6859-3A76C14B83D4','2013-06-12 16:00');
INSERT INTO user_has_user(user_a_id, user_b_id, date_time) VALUES('7B39756B-59F8-FA75-7DB0-35F07A3D3A59','321E2A3C-4C17-4B6D-F5BF-93322BC032F8','2013-06-14 16:00');
INSERT INTO user_has_user(user_a_id, user_b_id, date_time) VALUES('7B39756B-59F8-FA75-7DB0-35F07A3D3A59','CA448B71-6D6A-9E92-27C4-4B439C49E67C','2013-06-13 16:00');
INSERT INTO user_has_user(user_a_id, user_b_id, date_time) VALUES('ACDCA258-1B7D-9AA5-1B7B-6C1472EC0CCC','2F78F12D-392E-E282-FBD8-8EDC45358075','2013-06-24 20:30');
INSERT INTO user_has_user(user_a_id, user_b_id, date_time) VALUES('ACDCA258-1B7D-9AA5-1B7B-6C1472EC0CCC','2B95C505-9087-0C20-6859-3A76C14B83D4','2013-06-13 16:00');
INSERT INTO user_has_user(user_a_id, user_b_id, date_time) VALUES('ACDCA258-1B7D-9AA5-1B7B-6C1472EC0CCC','5B91B8AA-A597-44E2-65A8-A0FD441D68E6','2013-06-22 16:00');
INSERT INTO user_has_user(user_a_id, user_b_id, date_time) VALUES('ACDCA258-1B7D-9AA5-1B7B-6C1472EC0CCC','F202E730-834A-5450-80FC-1E91B5E64D96','2013-06-19 13:30');
INSERT INTO user_has_user(user_a_id, user_b_id, date_time) VALUES('ACDCA258-1B7D-9AA5-1B7B-6C1472EC0CCC','AF21F654-CE8E-19F6-69DF-71FFCE2B40D2','2013-06-17 16:00');
INSERT INTO user_has_user(user_a_id, user_b_id, date_time) VALUES('ACDCA258-1B7D-9AA5-1B7B-6C1472EC0CCC','9B80517E-4D80-679B-0D79-6139B818BA29','2013-06-18 20:30');
INSERT INTO user_has_user(user_a_id, user_b_id, date_time) VALUES('ACDCA258-1B7D-9AA5-1B7B-6C1472EC0CCC','C51619D4-F8E4-A961-CE40-150F2C3BCADB','2013-06-24 20:30');
INSERT INTO user_has_user(user_a_id, user_b_id, date_time) VALUES('ACDCA258-1B7D-9AA5-1B7B-6C1472EC0CCC','5A0C2484-B2D2-E755-9E05-9A0DDDE5A889','2013-06-19 13:30');
INSERT INTO user_has_user(user_a_id, user_b_id, date_time) VALUES('ACDCA258-1B7D-9AA5-1B7B-6C1472EC0CCC','7D87FCF1-8A5D-F63C-6E0E-8064CBB22C3E','2013-06-11 20:30');
INSERT INTO user_has_user(user_a_id, user_b_id, date_time) VALUES('ACDCA258-1B7D-9AA5-1B7B-6C1472EC0CCC','9568A2A7-E342-4E5D-7F18-98311B16ADF6','2013-06-14 20:30');
INSERT INTO user_has_user(user_a_id, user_b_id, date_time) VALUES('9B68BF9B-C17B-9763-708D-1668BE3BDB71','419C4810-B3A7-5B51-D502-1DE1ACA3D5F5','2013-06-23 20:30');
INSERT INTO user_has_user(user_a_id, user_b_id, date_time) VALUES('9B68BF9B-C17B-9763-708D-1668BE3BDB71','F52F2D7E-8635-A2BF-2348-72409DA2AD09','2013-06-12 20:30');
INSERT INTO user_has_user(user_a_id, user_b_id, date_time) VALUES('9B68BF9B-C17B-9763-708D-1668BE3BDB71','3C4810CA-FAB6-7FCD-C94B-5FEEBB572765','2013-06-11 20:30');
INSERT INTO user_has_user(user_a_id, user_b_id, date_time) VALUES('9B68BF9B-C17B-9763-708D-1668BE3BDB71','255EDAA7-2572-5F6C-DA42-4FCB793565D3','2013-06-13 13:30');
INSERT INTO user_has_user(user_a_id, user_b_id, date_time) VALUES('9B68BF9B-C17B-9763-708D-1668BE3BDB71','CCA94C5E-40F3-0BBE-CBA5-ABFD1750B308','2013-06-12 16:00');
INSERT INTO user_has_user(user_a_id, user_b_id, date_time) VALUES('9B68BF9B-C17B-9763-708D-1668BE3BDB71','C1180E36-D9B8-D644-9739-B576446C6CBC','2013-06-18 20:30');
INSERT INTO user_has_user(user_a_id, user_b_id, date_time) VALUES('9B68BF9B-C17B-9763-708D-1668BE3BDB71','1A24CCDA-6AEA-9457-57C5-7B48D39D2321','2013-06-23 16:00');
INSERT INTO user_has_user(user_a_id, user_b_id, date_time) VALUES('9B68BF9B-C17B-9763-708D-1668BE3BDB71','3BD33655-326E-C265-145B-1E65AD2BF1EE','2013-06-11 20:30');
INSERT INTO user_has_user(user_a_id, user_b_id, date_time) VALUES('9B68BF9B-C17B-9763-708D-1668BE3BDB71','E5F67B7A-424A-D02F-17DD-DB33564FC356','2013-06-12 16:00');
INSERT INTO user_has_user(user_a_id, user_b_id, date_time) VALUES('9B68BF9B-C17B-9763-708D-1668BE3BDB71','4042C12D-8E21-CB3A-3F4B-7655BA0B55C6','2013-06-19 16:00');
INSERT INTO user_has_user(user_a_id, user_b_id, date_time) VALUES('9B68BF9B-C17B-9763-708D-1668BE3BDB71','F202E730-834A-5450-80FC-1E91B5E64D96','2013-06-23 20:30');
INSERT INTO user_has_user(user_a_id, user_b_id, date_time) VALUES('9B68BF9B-C17B-9763-708D-1668BE3BDB71','AB8FD8F9-4819-BFDB-C878-29AFDBDA0A0D','2013-06-24 20:30');
INSERT INTO user_has_user(user_a_id, user_b_id, date_time) VALUES('2EFCD39B-2C95-E7CE-7CD0-B8C33828F97B','C7BEE87A-F280-2318-6252-12677E713CEE','2013-06-12 13:30');
INSERT INTO user_has_user(user_a_id, user_b_id, date_time) VALUES('2EFCD39B-2C95-E7CE-7CD0-B8C33828F97B','F48003B9-D059-6DDF-8339-B98612C42F21','2013-06-24 20:30');
INSERT INTO user_has_user(user_a_id, user_b_id, date_time) VALUES('2EFCD39B-2C95-E7CE-7CD0-B8C33828F97B','7B39756B-59F8-FA75-7DB0-35F07A3D3A59','2013-06-24 20:30');
INSERT INTO user_has_user(user_a_id, user_b_id, date_time) VALUES('2EFCD39B-2C95-E7CE-7CD0-B8C33828F97B','FF8868A9-8291-5903-761A-5C7938E6487F','2013-06-20 20:30');
INSERT INTO user_has_user(user_a_id, user_b_id, date_time) VALUES('2EFCD39B-2C95-E7CE-7CD0-B8C33828F97B','5C12270B-DB3B-29A4-97E0-6C18EF59EE82','2013-06-23 16:00');
INSERT INTO user_has_user(user_a_id, user_b_id, date_time) VALUES('2EFCD39B-2C95-E7CE-7CD0-B8C33828F97B','78A3BD25-6A99-4FEB-CFDA-35DE80932EEF','2013-06-12 20:30');
INSERT INTO user_has_user(user_a_id, user_b_id, date_time) VALUES('2EFCD39B-2C95-E7CE-7CD0-B8C33828F97B','0141B3A2-F5A8-BDC9-F5E4-C1D658159A83','2013-06-22 16:00');
INSERT INTO user_has_user(user_a_id, user_b_id, date_time) VALUES('2EFCD39B-2C95-E7CE-7CD0-B8C33828F97B','AEEE80F3-E057-25DB-1EFB-F54D729B610B','2013-06-13 20:30');
INSERT INTO user_has_user(user_a_id, user_b_id, date_time) VALUES('2EFCD39B-2C95-E7CE-7CD0-B8C33828F97B','D1EEB861-148A-397D-5CFD-913DCB347117','2013-06-18 13:30');
INSERT INTO user_has_user(user_a_id, user_b_id, date_time) VALUES('88B0A16F-DEC6-BFF4-78A8-FF56836D1AF2','2D278012-667C-8150-2912-4FA907953089','2013-06-17 20:30');
INSERT INTO user_has_user(user_a_id, user_b_id, date_time) VALUES('88B0A16F-DEC6-BFF4-78A8-FF56836D1AF2','1FE0A150-1494-976B-EC63-26BDB232678A','2013-06-13 20:30');
INSERT INTO user_has_user(user_a_id, user_b_id, date_time) VALUES('88B0A16F-DEC6-BFF4-78A8-FF56836D1AF2','112907EE-5EC0-51C0-CA51-78F7343F120F','2013-06-14 20:30');
INSERT INTO user_has_user(user_a_id, user_b_id, date_time) VALUES('88B0A16F-DEC6-BFF4-78A8-FF56836D1AF2','BA6BC6B1-13D9-DFB7-2866-5D75C9F7A370','2013-06-14 16:00');
INSERT INTO user_has_user(user_a_id, user_b_id, date_time) VALUES('11935803-75A8-DBB6-448C-FE46C2D92207','29023899-2BCA-4F37-28E9-93F5307EB9AD','2013-06-18 20:30');
INSERT INTO user_has_user(user_a_id, user_b_id, date_time) VALUES('11935803-75A8-DBB6-448C-FE46C2D92207','11C757E0-845F-3678-C600-21759EE60046','2013-06-23 16:00');
INSERT INTO user_has_user(user_a_id, user_b_id, date_time) VALUES('11935803-75A8-DBB6-448C-FE46C2D92207','C099C601-394A-3827-56CF-84DB97145C6D','2013-06-14 13:30');
INSERT INTO user_has_user(user_a_id, user_b_id, date_time) VALUES('11935803-75A8-DBB6-448C-FE46C2D92207','41731687-B900-210F-B086-945B5434385F','2013-06-13 20:30');
INSERT INTO user_has_user(user_a_id, user_b_id, date_time) VALUES('11935803-75A8-DBB6-448C-FE46C2D92207','F52F2D7E-8635-A2BF-2348-72409DA2AD09','2013-06-13 20:30');
INSERT INTO user_has_user(user_a_id, user_b_id, date_time) VALUES('11935803-75A8-DBB6-448C-FE46C2D92207','AD8C635D-8233-8ED0-B373-FA17EA156520','2013-06-13 13:30');
INSERT INTO user_has_user(user_a_id, user_b_id, date_time) VALUES('11935803-75A8-DBB6-448C-FE46C2D92207','1FE0A150-1494-976B-EC63-26BDB232678A','2013-06-24 20:30');
INSERT INTO user_has_user(user_a_id, user_b_id, date_time) VALUES('11935803-75A8-DBB6-448C-FE46C2D92207','5B51142B-CBFD-EC8F-FB97-E3F15F5F036C','2013-06-13 20:30');
INSERT INTO user_has_user(user_a_id, user_b_id, date_time) VALUES('11935803-75A8-DBB6-448C-FE46C2D92207','59589793-A86A-ABC3-8B21-15FEA29F11E8','2013-06-18 13:30');
INSERT INTO user_has_user(user_a_id, user_b_id, date_time) VALUES('11935803-75A8-DBB6-448C-FE46C2D92207','C27D5BA0-242D-7F4A-3D1F-459BBF17B39F','2013-06-13 20:30');
INSERT INTO user_has_user(user_a_id, user_b_id, date_time) VALUES('11935803-75A8-DBB6-448C-FE46C2D92207','2BCE0AB1-A220-CF4F-4472-949DF48022B8','2013-06-17 16:00');
INSERT INTO user_has_user(user_a_id, user_b_id, date_time) VALUES('E271CFD5-BF18-816B-F590-2C05477F4895','8DF32B6A-18E9-0694-6ED8-8A9D9CDD09FB','2013-06-24 20:30');
INSERT INTO user_has_user(user_a_id, user_b_id, date_time) VALUES('E271CFD5-BF18-816B-F590-2C05477F4895','5A0C2484-B2D2-E755-9E05-9A0DDDE5A889','2013-06-11 16:00');
INSERT INTO user_has_user(user_a_id, user_b_id, date_time) VALUES('E271CFD5-BF18-816B-F590-2C05477F4895','CEAAF76E-4D48-CDD1-C4D5-5516273E7E2C','2013-06-17 13:30');
INSERT INTO user_has_user(user_a_id, user_b_id, date_time) VALUES('E271CFD5-BF18-816B-F590-2C05477F4895','EA9AB53E-C0D1-5CBD-8E49-927E1D4EF7E5','2013-06-22 16:00');
INSERT INTO user_has_user(user_a_id, user_b_id, date_time) VALUES('E271CFD5-BF18-816B-F590-2C05477F4895','ACC151BC-D197-EBE3-0679-D5DD51FF7C3E','2013-06-19 16:00');
INSERT INTO user_has_user(user_a_id, user_b_id, date_time) VALUES('E271CFD5-BF18-816B-F590-2C05477F4895','1110B745-985F-B124-CB2E-71B6912E07BB','2013-06-19 20:30');
INSERT INTO user_has_user(user_a_id, user_b_id, date_time) VALUES('E0F3D500-45FA-B20E-200A-B840952AC9E1','7D555604-03E6-03A7-2C86-B7C8FBFB9A78','2013-06-22 16:00');
INSERT INTO user_has_user(user_a_id, user_b_id, date_time) VALUES('E0F3D500-45FA-B20E-200A-B840952AC9E1','9EB95156-E8F2-2D56-6979-0B7E29E82313','2013-06-20 20:30');
INSERT INTO user_has_user(user_a_id, user_b_id, date_time) VALUES('E0F3D500-45FA-B20E-200A-B840952AC9E1','FB94BC30-B57B-0A06-D357-C024E36DAF96','2013-06-14 20:30');
INSERT INTO user_has_user(user_a_id, user_b_id, date_time) VALUES('E0F3D500-45FA-B20E-200A-B840952AC9E1','548C7906-444A-5389-873B-5E3C97F1F47D','2013-06-22 16:00');
INSERT INTO user_has_user(user_a_id, user_b_id, date_time) VALUES('E0F3D500-45FA-B20E-200A-B840952AC9E1','221A1D2F-6F25-D812-F270-4979F7A6F9C3','2013-06-14 16:00');
INSERT INTO user_has_user(user_a_id, user_b_id, date_time) VALUES('E0F3D500-45FA-B20E-200A-B840952AC9E1','F52F2D7E-8635-A2BF-2348-72409DA2AD09','2013-06-12 13:30');
INSERT INTO user_has_user(user_a_id, user_b_id, date_time) VALUES('E0F3D500-45FA-B20E-200A-B840952AC9E1','11C757E0-845F-3678-C600-21759EE60046','2013-06-23 16:00');
INSERT INTO user_has_user(user_a_id, user_b_id, date_time) VALUES('E0F3D500-45FA-B20E-200A-B840952AC9E1','2EC328D8-827D-C07D-6776-4FDF19E1FA6F','2013-06-24 20:30');
INSERT INTO user_has_user(user_a_id, user_b_id, date_time) VALUES('E0F3D500-45FA-B20E-200A-B840952AC9E1','3E2E3065-6D5D-9E28-3C4F-5DB39D930E35','2013-06-12 13:30');
INSERT INTO user_has_user(user_a_id, user_b_id, date_time) VALUES('E0F3D500-45FA-B20E-200A-B840952AC9E1','472020F4-FDBF-83DA-5F1F-6D6FE45601D1','2013-06-11 20:30');
INSERT INTO user_has_user(user_a_id, user_b_id, date_time) VALUES('E0F3D500-45FA-B20E-200A-B840952AC9E1','50EEFCEA-5E75-B95A-EBAC-129489ABEC3E','2013-06-16 20:30');
INSERT INTO user_has_user(user_a_id, user_b_id, date_time) VALUES('E0F3D500-45FA-B20E-200A-B840952AC9E1','01470D00-B899-B82C-6888-C2ABFAA4DB7C','2013-06-17 13:30');
INSERT INTO user_has_user(user_a_id, user_b_id, date_time) VALUES('E0F3D500-45FA-B20E-200A-B840952AC9E1','83AC0DF6-7043-DC24-08D9-2549BA3FFC80','2013-06-19 20:30');
INSERT INTO user_has_user(user_a_id, user_b_id, date_time) VALUES('2F78F12D-392E-E282-FBD8-8EDC45358075','E0FAA3F6-C69B-A126-FE8E-C74A9A1059CD','2013-06-24 20:30');
INSERT INTO user_has_user(user_a_id, user_b_id, date_time) VALUES('2F78F12D-392E-E282-FBD8-8EDC45358075','221A1D2F-6F25-D812-F270-4979F7A6F9C3','2013-06-22 16:00');
INSERT INTO user_has_user(user_a_id, user_b_id, date_time) VALUES('2F78F12D-392E-E282-FBD8-8EDC45358075','C1180E36-D9B8-D644-9739-B576446C6CBC','2013-06-12 13:30');
INSERT INTO user_has_user(user_a_id, user_b_id, date_time) VALUES('2F78F12D-392E-E282-FBD8-8EDC45358075','9DA3393D-A0EF-7600-0A52-FBA76571BE4C','2013-06-24 16:00');
INSERT INTO user_has_user(user_a_id, user_b_id, date_time) VALUES('585C0703-BBFC-FCD7-97C9-03846622DC1D','E0F3D500-45FA-B20E-200A-B840952AC9E1','2013-06-12 13:30');
INSERT INTO user_has_user(user_a_id, user_b_id, date_time) VALUES('585C0703-BBFC-FCD7-97C9-03846622DC1D','AD8C635D-8233-8ED0-B373-FA17EA156520','2013-06-12 16:00');
INSERT INTO user_has_user(user_a_id, user_b_id, date_time) VALUES('585C0703-BBFC-FCD7-97C9-03846622DC1D','2B63471D-43CC-7BFD-8113-BD82450D6E1E','2013-06-23 20:30');
INSERT INTO user_has_user(user_a_id, user_b_id, date_time) VALUES('585C0703-BBFC-FCD7-97C9-03846622DC1D','D139564C-7CCC-71D9-4F4A-12F9757CC493','2013-06-23 20:30');
INSERT INTO user_has_user(user_a_id, user_b_id, date_time) VALUES('585C0703-BBFC-FCD7-97C9-03846622DC1D','3189BE9B-2211-4D97-857D-84E4CFF0CB13','2013-06-17 16:00');
INSERT INTO user_has_user(user_a_id, user_b_id, date_time) VALUES('585C0703-BBFC-FCD7-97C9-03846622DC1D','8758F7B4-A07E-BF8A-0B94-90DEF7BCD750','2013-06-12 13:30');
INSERT INTO user_has_user(user_a_id, user_b_id, date_time) VALUES('585C0703-BBFC-FCD7-97C9-03846622DC1D','D15ECDDD-0667-A10C-CB94-B85181658EAE','2013-06-12 16:00');
INSERT INTO user_has_user(user_a_id, user_b_id, date_time) VALUES('585C0703-BBFC-FCD7-97C9-03846622DC1D','886E2863-0AB2-386D-895C-495ABC7B706A','2013-06-23 16:00');
INSERT INTO user_has_user(user_a_id, user_b_id, date_time) VALUES('585C0703-BBFC-FCD7-97C9-03846622DC1D','E4629FDB-45C1-F350-4117-30E920A81AC1','2013-06-12 13:30');
INSERT INTO user_has_user(user_a_id, user_b_id, date_time) VALUES('585C0703-BBFC-FCD7-97C9-03846622DC1D','C27D5BA0-242D-7F4A-3D1F-459BBF17B39F','2013-06-12 16:00');
INSERT INTO user_has_user(user_a_id, user_b_id, date_time) VALUES('585C0703-BBFC-FCD7-97C9-03846622DC1D','D9BE7807-3C3C-A634-81BD-F64065FB680D','2013-06-17 13:30');
INSERT INTO user_has_user(user_a_id, user_b_id, date_time) VALUES('585C0703-BBFC-FCD7-97C9-03846622DC1D','78A3BD25-6A99-4FEB-CFDA-35DE80932EEF','2013-06-13 13:30');
INSERT INTO user_has_user(user_a_id, user_b_id, date_time) VALUES('585C0703-BBFC-FCD7-97C9-03846622DC1D','C099C601-394A-3827-56CF-84DB97145C6D','2013-06-18 20:30');
INSERT INTO user_has_user(user_a_id, user_b_id, date_time) VALUES('585C0703-BBFC-FCD7-97C9-03846622DC1D','1A24CCDA-6AEA-9457-57C5-7B48D39D2321','2013-06-23 16:00');
INSERT INTO user_has_user(user_a_id, user_b_id, date_time) VALUES('585C0703-BBFC-FCD7-97C9-03846622DC1D','583D79DE-154B-AEF2-2782-C0454FA06904','2013-06-13 20:30');
INSERT INTO user_has_user(user_a_id, user_b_id, date_time) VALUES('07714E18-8BFC-B7F4-E6AE-CD87616372D2','938E929F-8FAC-7104-1007-7291FDCF2BCE','2013-06-12 16:00');
INSERT INTO user_has_user(user_a_id, user_b_id, date_time) VALUES('07714E18-8BFC-B7F4-E6AE-CD87616372D2','472020F4-FDBF-83DA-5F1F-6D6FE45601D1','2013-06-12 16:00');
INSERT INTO user_has_user(user_a_id, user_b_id, date_time) VALUES('07714E18-8BFC-B7F4-E6AE-CD87616372D2','2B95C505-9087-0C20-6859-3A76C14B83D4','2013-06-23 20:30');
INSERT INTO user_has_user(user_a_id, user_b_id, date_time) VALUES('07714E18-8BFC-B7F4-E6AE-CD87616372D2','EC436334-CD65-71DA-6E77-F3D58107986C','2013-06-18 13:30');
INSERT INTO user_has_user(user_a_id, user_b_id, date_time) VALUES('07714E18-8BFC-B7F4-E6AE-CD87616372D2','255EDAA7-2572-5F6C-DA42-4FCB793565D3','2013-06-13 13:30');
INSERT INTO user_has_user(user_a_id, user_b_id, date_time) VALUES('07714E18-8BFC-B7F4-E6AE-CD87616372D2','10BB3D40-FB1B-49EA-EEC6-269509E1044F','2013-06-24 16:00');
INSERT INTO user_has_user(user_a_id, user_b_id, date_time) VALUES('07714E18-8BFC-B7F4-E6AE-CD87616372D2','1EB01F12-5098-4837-8EB8-B55452C6184E','2013-06-18 13:30');
INSERT INTO user_has_user(user_a_id, user_b_id, date_time) VALUES('07714E18-8BFC-B7F4-E6AE-CD87616372D2','4901C588-8FC8-4A5F-6E62-CBF4EE1E11CA','2013-06-19 20:30');
INSERT INTO user_has_user(user_a_id, user_b_id, date_time) VALUES('07714E18-8BFC-B7F4-E6AE-CD87616372D2','B74ABF89-2298-A61A-E041-2BD940D831E9','2013-06-24 16:00');
INSERT INTO user_has_user(user_a_id, user_b_id, date_time) VALUES('07714E18-8BFC-B7F4-E6AE-CD87616372D2','C099C601-394A-3827-56CF-84DB97145C6D','2013-06-23 20:30');
INSERT INTO user_has_user(user_a_id, user_b_id, date_time) VALUES('07714E18-8BFC-B7F4-E6AE-CD87616372D2','F202E730-834A-5450-80FC-1E91B5E64D96','2013-06-23 16:00');
INSERT INTO user_has_user(user_a_id, user_b_id, date_time) VALUES('07714E18-8BFC-B7F4-E6AE-CD87616372D2','2EC328D8-827D-C07D-6776-4FDF19E1FA6F','2013-06-13 13:30');
INSERT INTO user_has_user(user_a_id, user_b_id, date_time) VALUES('07714E18-8BFC-B7F4-E6AE-CD87616372D2','548C7906-444A-5389-873B-5E3C97F1F47D','2013-06-19 16:00');
INSERT INTO user_has_user(user_a_id, user_b_id, date_time) VALUES('07714E18-8BFC-B7F4-E6AE-CD87616372D2','AC286A49-F1CE-0EA1-FFA1-D29104B0457C','2013-06-23 20:30');
INSERT INTO user_has_user(user_a_id, user_b_id, date_time) VALUES('07714E18-8BFC-B7F4-E6AE-CD87616372D2','05BD296C-D0C4-F0D4-8681-680817F77C85','2013-06-19 20:30');
INSERT INTO user_has_user(user_a_id, user_b_id, date_time) VALUES('D139564C-7CCC-71D9-4F4A-12F9757CC493','472020F4-FDBF-83DA-5F1F-6D6FE45601D1','2013-06-13 13:30');
INSERT INTO user_has_user(user_a_id, user_b_id, date_time) VALUES('D139564C-7CCC-71D9-4F4A-12F9757CC493','AF8284CC-C4C3-F467-DE43-96143BC0DC36','2013-06-24 20:30');
INSERT INTO user_has_user(user_a_id, user_b_id, date_time) VALUES('D139564C-7CCC-71D9-4F4A-12F9757CC493','6DFF963B-C24A-7BDD-891D-3CAEC7DC0EE5','2013-06-23 16:00');
INSERT INTO user_has_user(user_a_id, user_b_id, date_time) VALUES('D139564C-7CCC-71D9-4F4A-12F9757CC493','83DB2C63-2408-B298-63F8-4992861A9395','2013-06-14 20:30');
INSERT INTO user_has_user(user_a_id, user_b_id, date_time) VALUES('D139564C-7CCC-71D9-4F4A-12F9757CC493','825D0DD6-2947-C9A7-FC23-41E4487E81EC','2013-06-23 20:30');
INSERT INTO user_has_user(user_a_id, user_b_id, date_time) VALUES('D139564C-7CCC-71D9-4F4A-12F9757CC493','751C4BF5-86E2-696E-38C0-9DB196FA12CB','2013-06-12 16:00');
INSERT INTO user_has_user(user_a_id, user_b_id, date_time) VALUES('D139564C-7CCC-71D9-4F4A-12F9757CC493','AE37DA94-8A40-7B59-99B8-6930A14DF920','2013-06-19 16:00');
INSERT INTO user_has_user(user_a_id, user_b_id, date_time) VALUES('D139564C-7CCC-71D9-4F4A-12F9757CC493','29EE048B-32A6-CE2E-BF3A-2B51E05BF63F','2013-06-23 20:30');
INSERT INTO user_has_user(user_a_id, user_b_id, date_time) VALUES('D139564C-7CCC-71D9-4F4A-12F9757CC493','EA9AB53E-C0D1-5CBD-8E49-927E1D4EF7E5','2013-06-14 13:30');
INSERT INTO user_has_user(user_a_id, user_b_id, date_time) VALUES('D139564C-7CCC-71D9-4F4A-12F9757CC493','E0F3D500-45FA-B20E-200A-B840952AC9E1','2013-06-22 16:00');
INSERT INTO user_has_user(user_a_id, user_b_id, date_time) VALUES('D139564C-7CCC-71D9-4F4A-12F9757CC493','BA6BC6B1-13D9-DFB7-2866-5D75C9F7A370','2013-06-13 16:00');
INSERT INTO user_has_user(user_a_id, user_b_id, date_time) VALUES('D139564C-7CCC-71D9-4F4A-12F9757CC493','FFCB10C1-731E-5EC7-8ADD-D61E8E3999E2','2013-06-18 13:30');
INSERT INTO user_has_user(user_a_id, user_b_id, date_time) VALUES('D139564C-7CCC-71D9-4F4A-12F9757CC493','AB3019DB-DE8E-8015-8FFB-5E804BA724F3','2013-06-23 16:00');
INSERT INTO user_has_user(user_a_id, user_b_id, date_time) VALUES('D139564C-7CCC-71D9-4F4A-12F9757CC493','1452406E-6AB8-3569-332A-816966FF01FC','2013-06-18 20:30');
INSERT INTO user_has_user(user_a_id, user_b_id, date_time) VALUES('D139564C-7CCC-71D9-4F4A-12F9757CC493','7D555604-03E6-03A7-2C86-B7C8FBFB9A78','2013-06-19 20:30');
INSERT INTO user_has_user(user_a_id, user_b_id, date_time) VALUES('D139564C-7CCC-71D9-4F4A-12F9757CC493','2B95C505-9087-0C20-6859-3A76C14B83D4','2013-06-13 16:00');
INSERT INTO user_has_user(user_a_id, user_b_id, date_time) VALUES('D139564C-7CCC-71D9-4F4A-12F9757CC493','1FE0A150-1494-976B-EC63-26BDB232678A','2013-06-24 16:00');
INSERT INTO user_has_user(user_a_id, user_b_id, date_time) VALUES('D139564C-7CCC-71D9-4F4A-12F9757CC493','DF469050-3474-773C-0CC5-8B8477DEC454','2013-06-19 16:00');
INSERT INTO user_has_user(user_a_id, user_b_id, date_time) VALUES('D139564C-7CCC-71D9-4F4A-12F9757CC493','5C8808D8-1313-ECAB-1A05-D080FA6A4C93','2013-06-22 20:30');
INSERT INTO user_has_user(user_a_id, user_b_id, date_time) VALUES('50EEFCEA-5E75-B95A-EBAC-129489ABEC3E','74DDFE7B-C311-17B5-DA0F-68A31F60CB6F','2013-06-18 16:00');
INSERT INTO user_has_user(user_a_id, user_b_id, date_time) VALUES('50EEFCEA-5E75-B95A-EBAC-129489ABEC3E','AB8FD8F9-4819-BFDB-C878-29AFDBDA0A0D','2013-06-23 20:30');
INSERT INTO user_has_user(user_a_id, user_b_id, date_time) VALUES('50EEFCEA-5E75-B95A-EBAC-129489ABEC3E','1C602BA2-33C7-51A8-3E4A-5C1D3E38D4A8','2013-06-17 20:30');
INSERT INTO user_has_user(user_a_id, user_b_id, date_time) VALUES('50EEFCEA-5E75-B95A-EBAC-129489ABEC3E','78A3BD25-6A99-4FEB-CFDA-35DE80932EEF','2013-06-23 16:00');
INSERT INTO user_has_user(user_a_id, user_b_id, date_time) VALUES('50EEFCEA-5E75-B95A-EBAC-129489ABEC3E','AEEE80F3-E057-25DB-1EFB-F54D729B610B','2013-06-13 20:30');
INSERT INTO user_has_user(user_a_id, user_b_id, date_time) VALUES('50EEFCEA-5E75-B95A-EBAC-129489ABEC3E','A045F8E7-A117-E313-A433-2382DABDE0CF','2013-06-20 20:30');
INSERT INTO user_has_user(user_a_id, user_b_id, date_time) VALUES('50EEFCEA-5E75-B95A-EBAC-129489ABEC3E','1EEA3CC3-3944-EBF6-9146-307BD5234012','2013-06-22 20:30');
INSERT INTO user_has_user(user_a_id, user_b_id, date_time) VALUES('50EEFCEA-5E75-B95A-EBAC-129489ABEC3E','56CE573E-900C-DC06-0309-99A9B9C5BF72','2013-06-23 16:00');
INSERT INTO user_has_user(user_a_id, user_b_id, date_time) VALUES('50EEFCEA-5E75-B95A-EBAC-129489ABEC3E','FB94BC30-B57B-0A06-D357-C024E36DAF96','2013-06-23 20:30');
INSERT INTO user_has_user(user_a_id, user_b_id, date_time) VALUES('0390833E-70F0-2B10-EEFE-6C1307D18C5D','886E2863-0AB2-386D-895C-495ABC7B706A','2013-06-13 13:30');
INSERT INTO user_has_user(user_a_id, user_b_id, date_time) VALUES('0390833E-70F0-2B10-EEFE-6C1307D18C5D','C4DE709B-D349-3A63-D508-E36B35317F72','2013-06-22 20:30');
INSERT INTO user_has_user(user_a_id, user_b_id, date_time) VALUES('0390833E-70F0-2B10-EEFE-6C1307D18C5D','34AEFF3D-16C0-D4E3-A39B-5AD720B35481','2013-06-13 16:00');
INSERT INTO user_has_user(user_a_id, user_b_id, date_time) VALUES('0390833E-70F0-2B10-EEFE-6C1307D18C5D','930CD5E9-4A5A-5FB5-D2A7-5F4E2041936B','2013-06-20 20:30');
INSERT INTO user_has_user(user_a_id, user_b_id, date_time) VALUES('0390833E-70F0-2B10-EEFE-6C1307D18C5D','4042C12D-8E21-CB3A-3F4B-7655BA0B55C6','2013-06-17 13:30');
INSERT INTO user_has_user(user_a_id, user_b_id, date_time) VALUES('AAC5206E-0D7A-EE6C-F725-97DC92093EA3','C7BEE87A-F280-2318-6252-12677E713CEE','2013-06-13 16:00');
INSERT INTO user_has_user(user_a_id, user_b_id, date_time) VALUES('AAC5206E-0D7A-EE6C-F725-97DC92093EA3','69DA7862-A47A-DC4B-7111-91EC5EB2B6D0','2013-06-23 16:00');
INSERT INTO user_has_user(user_a_id, user_b_id, date_time) VALUES('D3F86B6D-082D-BE03-0124-A3A9CF95E65E','7D87FCF1-8A5D-F63C-6E0E-8064CBB22C3E','2013-06-18 13:30');
INSERT INTO user_has_user(user_a_id, user_b_id, date_time) VALUES('D3F86B6D-082D-BE03-0124-A3A9CF95E65E','DF469050-3474-773C-0CC5-8B8477DEC454','2013-06-13 13:30');
INSERT INTO user_has_user(user_a_id, user_b_id, date_time) VALUES('D3F86B6D-082D-BE03-0124-A3A9CF95E65E','BA010AE7-2507-6475-D233-70BB577F6BF8','2013-06-13 13:30');
INSERT INTO user_has_user(user_a_id, user_b_id, date_time) VALUES('D3F86B6D-082D-BE03-0124-A3A9CF95E65E','9EB95156-E8F2-2D56-6979-0B7E29E82313','2013-06-18 16:00');
INSERT INTO user_has_user(user_a_id, user_b_id, date_time) VALUES('D3F86B6D-082D-BE03-0124-A3A9CF95E65E','1A24CCDA-6AEA-9457-57C5-7B48D39D2321','2013-06-12 13:30');
INSERT INTO user_has_user(user_a_id, user_b_id, date_time) VALUES('D3F86B6D-082D-BE03-0124-A3A9CF95E65E','1452406E-6AB8-3569-332A-816966FF01FC','2013-06-23 16:00');
INSERT INTO user_has_user(user_a_id, user_b_id, date_time) VALUES('D3F86B6D-082D-BE03-0124-A3A9CF95E65E','3189BE9B-2211-4D97-857D-84E4CFF0CB13','2013-06-16 20:30');
INSERT INTO user_has_user(user_a_id, user_b_id, date_time) VALUES('D3F86B6D-082D-BE03-0124-A3A9CF95E65E','AE56558E-214D-935D-EC6F-592D8FE2AF3E','2013-06-23 20:30');
INSERT INTO user_has_user(user_a_id, user_b_id, date_time) VALUES('D3F86B6D-082D-BE03-0124-A3A9CF95E65E','AC286A49-F1CE-0EA1-FFA1-D29104B0457C','2013-06-22 16:00');
INSERT INTO user_has_user(user_a_id, user_b_id, date_time) VALUES('D3F86B6D-082D-BE03-0124-A3A9CF95E65E','E0FAA3F6-C69B-A126-FE8E-C74A9A1059CD','2013-06-23 16:00');
INSERT INTO user_has_user(user_a_id, user_b_id, date_time) VALUES('D3F86B6D-082D-BE03-0124-A3A9CF95E65E','3BD33655-326E-C265-145B-1E65AD2BF1EE','2013-06-13 20:30');
INSERT INTO user_has_user(user_a_id, user_b_id, date_time) VALUES('E094682D-6CE2-D50F-8B71-30643E4C5275','EC436334-CD65-71DA-6E77-F3D58107986C','2013-06-24 16:00');
INSERT INTO user_has_user(user_a_id, user_b_id, date_time) VALUES('E094682D-6CE2-D50F-8B71-30643E4C5275','AF21F654-CE8E-19F6-69DF-71FFCE2B40D2','2013-06-22 20:30');
INSERT INTO user_has_user(user_a_id, user_b_id, date_time) VALUES('E094682D-6CE2-D50F-8B71-30643E4C5275','83A6782F-0604-6ABA-4DA6-7DB3A1461E46','2013-06-18 20:30');
INSERT INTO user_has_user(user_a_id, user_b_id, date_time) VALUES('E094682D-6CE2-D50F-8B71-30643E4C5275','75BD8332-6B39-E791-E7EC-B159AFEF79F3','2013-06-22 16:00');
INSERT INTO user_has_user(user_a_id, user_b_id, date_time) VALUES('E094682D-6CE2-D50F-8B71-30643E4C5275','DF469050-3474-773C-0CC5-8B8477DEC454','2013-06-12 16:00');
INSERT INTO user_has_user(user_a_id, user_b_id, date_time) VALUES('E094682D-6CE2-D50F-8B71-30643E4C5275','83AC0DF6-7043-DC24-08D9-2549BA3FFC80','2013-06-19 16:00');
INSERT INTO user_has_user(user_a_id, user_b_id, date_time) VALUES('E094682D-6CE2-D50F-8B71-30643E4C5275','AB3019DB-DE8E-8015-8FFB-5E804BA724F3','2013-06-17 16:00');
INSERT INTO user_has_user(user_a_id, user_b_id, date_time) VALUES('E094682D-6CE2-D50F-8B71-30643E4C5275','A5CFF350-C056-C33F-2C06-C8A4B42A526A','2013-06-12 20:30');
INSERT INTO user_has_user(user_a_id, user_b_id, date_time) VALUES('E094682D-6CE2-D50F-8B71-30643E4C5275','897B13DE-96AE-45DD-7563-57DECFBA9BDC','2013-06-18 20:30');
INSERT INTO user_has_user(user_a_id, user_b_id, date_time) VALUES('E094682D-6CE2-D50F-8B71-30643E4C5275','AD8C635D-8233-8ED0-B373-FA17EA156520','2013-06-12 16:00');
INSERT INTO user_has_user(user_a_id, user_b_id, date_time) VALUES('E094682D-6CE2-D50F-8B71-30643E4C5275','AC286A49-F1CE-0EA1-FFA1-D29104B0457C','2013-06-23 20:30');
INSERT INTO user_has_user(user_a_id, user_b_id, date_time) VALUES('E094682D-6CE2-D50F-8B71-30643E4C5275','54A442AA-19D5-48B4-1088-0D732BAFF92B','2013-06-16 20:30');
INSERT INTO user_has_user(user_a_id, user_b_id, date_time) VALUES('E094682D-6CE2-D50F-8B71-30643E4C5275','11935803-75A8-DBB6-448C-FE46C2D92207','2013-06-23 16:00');
INSERT INTO user_has_user(user_a_id, user_b_id, date_time) VALUES('E094682D-6CE2-D50F-8B71-30643E4C5275','283E5DBC-9C57-84EF-BDBD-1B931E29EA84','2013-06-12 16:00');
INSERT INTO user_has_user(user_a_id, user_b_id, date_time) VALUES('54529E47-F0C4-7B85-7C1D-D517D006D641','74DDFE7B-C311-17B5-DA0F-68A31F60CB6F','2013-06-12 20:30');
INSERT INTO user_has_user(user_a_id, user_b_id, date_time) VALUES('54529E47-F0C4-7B85-7C1D-D517D006D641','F671E5BB-2685-6A1E-0002-A5E0F757BF62','2013-06-12 16:00');
INSERT INTO user_has_user(user_a_id, user_b_id, date_time) VALUES('54529E47-F0C4-7B85-7C1D-D517D006D641','69DA7862-A47A-DC4B-7111-91EC5EB2B6D0','2013-06-17 20:30');
INSERT INTO user_has_user(user_a_id, user_b_id, date_time) VALUES('54529E47-F0C4-7B85-7C1D-D517D006D641','07714E18-8BFC-B7F4-E6AE-CD87616372D2','2013-06-23 20:30');
INSERT INTO user_has_user(user_a_id, user_b_id, date_time) VALUES('54529E47-F0C4-7B85-7C1D-D517D006D641','D1EEB861-148A-397D-5CFD-913DCB347117','2013-06-14 13:30');
INSERT INTO user_has_user(user_a_id, user_b_id, date_time) VALUES('54529E47-F0C4-7B85-7C1D-D517D006D641','F797CB7A-9A05-3A56-040A-B66680E0B180','2013-06-14 20:30');
INSERT INTO user_has_user(user_a_id, user_b_id, date_time) VALUES('4A4ABFC9-19AD-B67B-DECA-5930168CD46B','5424E3A7-A8CE-679A-EED7-2FA107458B84','2013-06-12 16:00');
INSERT INTO user_has_user(user_a_id, user_b_id, date_time) VALUES('4A4ABFC9-19AD-B67B-DECA-5930168CD46B','8DF32B6A-18E9-0694-6ED8-8A9D9CDD09FB','2013-06-12 13:30');
INSERT INTO user_has_user(user_a_id, user_b_id, date_time) VALUES('4A4ABFC9-19AD-B67B-DECA-5930168CD46B','71DA7647-499A-64E8-1727-41D4BDB5B51A','2013-06-18 13:30');
INSERT INTO user_has_user(user_a_id, user_b_id, date_time) VALUES('4A4ABFC9-19AD-B67B-DECA-5930168CD46B','E703600E-348B-215B-1B10-45D888DA7A4B','2013-06-18 13:30');
INSERT INTO user_has_user(user_a_id, user_b_id, date_time) VALUES('4A4ABFC9-19AD-B67B-DECA-5930168CD46B','1C602BA2-33C7-51A8-3E4A-5C1D3E38D4A8','2013-06-18 20:30');
INSERT INTO user_has_user(user_a_id, user_b_id, date_time) VALUES('4A4ABFC9-19AD-B67B-DECA-5930168CD46B','6EF42EB2-D77E-E4B1-9415-0434D66EE403','2013-06-17 16:00');
INSERT INTO user_has_user(user_a_id, user_b_id, date_time) VALUES('4A4ABFC9-19AD-B67B-DECA-5930168CD46B','116487B3-E1F3-187E-2607-F2B59F0530EB','2013-06-23 20:30');
INSERT INTO user_has_user(user_a_id, user_b_id, date_time) VALUES('4A4ABFC9-19AD-B67B-DECA-5930168CD46B','78A3BD25-6A99-4FEB-CFDA-35DE80932EEF','2013-06-19 16:00');
INSERT INTO user_has_user(user_a_id, user_b_id, date_time) VALUES('4A4ABFC9-19AD-B67B-DECA-5930168CD46B','10BB3D40-FB1B-49EA-EEC6-269509E1044F','2013-06-13 13:30');
INSERT INTO user_has_user(user_a_id, user_b_id, date_time) VALUES('4A4ABFC9-19AD-B67B-DECA-5930168CD46B','F8F86609-FFBE-434C-7D41-B2CA6DCE9E41','2013-06-24 16:00');
INSERT INTO user_has_user(user_a_id, user_b_id, date_time) VALUES('4A4ABFC9-19AD-B67B-DECA-5930168CD46B','611E0189-717E-2F4F-D749-A78DEF80D697','2013-06-18 20:30');
INSERT INTO user_has_user(user_a_id, user_b_id, date_time) VALUES('4A4ABFC9-19AD-B67B-DECA-5930168CD46B','E0FAA3F6-C69B-A126-FE8E-C74A9A1059CD','2013-06-12 16:00');
INSERT INTO user_has_user(user_a_id, user_b_id, date_time) VALUES('4A4ABFC9-19AD-B67B-DECA-5930168CD46B','54529E47-F0C4-7B85-7C1D-D517D006D641','2013-06-22 16:00');
INSERT INTO user_has_user(user_a_id, user_b_id, date_time) VALUES('4A4ABFC9-19AD-B67B-DECA-5930168CD46B','1110B745-985F-B124-CB2E-71B6912E07BB','2013-06-13 20:30');
INSERT INTO user_has_user(user_a_id, user_b_id, date_time) VALUES('8758F7B4-A07E-BF8A-0B94-90DEF7BCD750','D15ECDDD-0667-A10C-CB94-B85181658EAE','2013-06-12 20:30');
INSERT INTO user_has_user(user_a_id, user_b_id, date_time) VALUES('8758F7B4-A07E-BF8A-0B94-90DEF7BCD750','67E40F3D-1727-FE40-848B-E1B5B4532840','2013-06-13 20:30');
INSERT INTO user_has_user(user_a_id, user_b_id, date_time) VALUES('C51619D4-F8E4-A961-CE40-150F2C3BCADB','2B95C505-9087-0C20-6859-3A76C14B83D4','2013-06-18 20:30');
INSERT INTO user_has_user(user_a_id, user_b_id, date_time) VALUES('8149B8E5-C040-2F86-6AA4-0370988BBCFD','FB94BC30-B57B-0A06-D357-C024E36DAF96','2013-06-19 16:00');
INSERT INTO user_has_user(user_a_id, user_b_id, date_time) VALUES('8149B8E5-C040-2F86-6AA4-0370988BBCFD','6D350F2C-5887-F332-387D-FEEDAA4119F8','2013-06-14 13:30');
INSERT INTO user_has_user(user_a_id, user_b_id, date_time) VALUES('8149B8E5-C040-2F86-6AA4-0370988BBCFD','BFF2FD42-BE75-D679-720A-2AD2326E97CA','2013-06-14 13:30');
INSERT INTO user_has_user(user_a_id, user_b_id, date_time) VALUES('8149B8E5-C040-2F86-6AA4-0370988BBCFD','FF8868A9-8291-5903-761A-5C7938E6487F','2013-06-18 20:30');
INSERT INTO user_has_user(user_a_id, user_b_id, date_time) VALUES('8149B8E5-C040-2F86-6AA4-0370988BBCFD','819AA817-0CB1-6DF3-20CF-CF835E1793F9','2013-06-23 16:00');
INSERT INTO user_has_user(user_a_id, user_b_id, date_time) VALUES('6EF42EB2-D77E-E4B1-9415-0434D66EE403','F48003B9-D059-6DDF-8339-B98612C42F21','2013-06-19 16:00');
INSERT INTO user_has_user(user_a_id, user_b_id, date_time) VALUES('6EF42EB2-D77E-E4B1-9415-0434D66EE403','A5CFF350-C056-C33F-2C06-C8A4B42A526A','2013-06-13 13:30');
INSERT INTO user_has_user(user_a_id, user_b_id, date_time) VALUES('6EF42EB2-D77E-E4B1-9415-0434D66EE403','486AFE8A-3EA9-CE18-CF21-5360FBFBB4BD','2013-06-23 20:30');
INSERT INTO user_has_user(user_a_id, user_b_id, date_time) VALUES('6EF42EB2-D77E-E4B1-9415-0434D66EE403','3C81C78E-5232-F855-DD44-1B542A2D109F','2013-06-17 13:30');
INSERT INTO user_has_user(user_a_id, user_b_id, date_time) VALUES('6EF42EB2-D77E-E4B1-9415-0434D66EE403','AE56558E-214D-935D-EC6F-592D8FE2AF3E','2013-06-18 13:30');
INSERT INTO user_has_user(user_a_id, user_b_id, date_time) VALUES('6EF42EB2-D77E-E4B1-9415-0434D66EE403','41731687-B900-210F-B086-945B5434385F','2013-06-18 20:30');
INSERT INTO user_has_user(user_a_id, user_b_id, date_time) VALUES('6EF42EB2-D77E-E4B1-9415-0434D66EE403','2C0D1805-A61C-53C8-B1A5-0198EAE187A4','2013-06-13 13:30');
INSERT INTO user_has_user(user_a_id, user_b_id, date_time) VALUES('6EF42EB2-D77E-E4B1-9415-0434D66EE403','E703600E-348B-215B-1B10-45D888DA7A4B','2013-06-18 16:00');
INSERT INTO user_has_user(user_a_id, user_b_id, date_time) VALUES('6EF42EB2-D77E-E4B1-9415-0434D66EE403','05D7805C-9E52-5736-9C28-ABF34B4020B7','2013-06-23 16:00');
INSERT INTO user_has_user(user_a_id, user_b_id, date_time) VALUES('6EF42EB2-D77E-E4B1-9415-0434D66EE403','74DDFE7B-C311-17B5-DA0F-68A31F60CB6F','2013-06-19 20:30');
INSERT INTO user_has_user(user_a_id, user_b_id, date_time) VALUES('6EF42EB2-D77E-E4B1-9415-0434D66EE403','6DFF963B-C24A-7BDD-891D-3CAEC7DC0EE5','2013-06-23 20:30');
INSERT INTO user_has_user(user_a_id, user_b_id, date_time) VALUES('6EF42EB2-D77E-E4B1-9415-0434D66EE403','DF47270C-CA5F-5F32-6102-B879B91191A0','2013-06-14 20:30');
INSERT INTO user_has_user(user_a_id, user_b_id, date_time) VALUES('6EF42EB2-D77E-E4B1-9415-0434D66EE403','29EE048B-32A6-CE2E-BF3A-2B51E05BF63F','2013-06-22 20:30');
INSERT INTO user_has_user(user_a_id, user_b_id, date_time) VALUES('6EF42EB2-D77E-E4B1-9415-0434D66EE403','F8F86609-FFBE-434C-7D41-B2CA6DCE9E41','2013-06-19 20:30');
INSERT INTO user_has_user(user_a_id, user_b_id, date_time) VALUES('2B63471D-43CC-7BFD-8113-BD82450D6E1E','E0FAA3F6-C69B-A126-FE8E-C74A9A1059CD','2013-06-20 20:30');
INSERT INTO user_has_user(user_a_id, user_b_id, date_time) VALUES('2B63471D-43CC-7BFD-8113-BD82450D6E1E','1A24CCDA-6AEA-9457-57C5-7B48D39D2321','2013-06-23 16:00');
INSERT INTO user_has_user(user_a_id, user_b_id, date_time) VALUES('2B63471D-43CC-7BFD-8113-BD82450D6E1E','283E5DBC-9C57-84EF-BDBD-1B931E29EA84','2013-06-23 16:00');
INSERT INTO user_has_user(user_a_id, user_b_id, date_time) VALUES('2B63471D-43CC-7BFD-8113-BD82450D6E1E','D15ECDDD-0667-A10C-CB94-B85181658EAE','2013-06-22 20:30');
INSERT INTO user_has_user(user_a_id, user_b_id, date_time) VALUES('85AC1C46-68F0-525B-0154-EF7CB675030E','26C7CC39-3558-90E5-5B81-ABB97ACCFC0B','2013-06-18 20:30');
INSERT INTO user_has_user(user_a_id, user_b_id, date_time) VALUES('85AC1C46-68F0-525B-0154-EF7CB675030E','5D7A5B3A-2B15-89F6-EE50-665BA36B9611','2013-06-11 20:30');
INSERT INTO user_has_user(user_a_id, user_b_id, date_time) VALUES('85AC1C46-68F0-525B-0154-EF7CB675030E','AA2C3BD6-A365-711E-FC96-FA8D4B55467C','2013-06-23 16:00');
INSERT INTO user_has_user(user_a_id, user_b_id, date_time) VALUES('85AC1C46-68F0-525B-0154-EF7CB675030E','2D278012-667C-8150-2912-4FA907953089','2013-06-13 13:30');
INSERT INTO user_has_user(user_a_id, user_b_id, date_time) VALUES('85AC1C46-68F0-525B-0154-EF7CB675030E','1EB01F12-5098-4837-8EB8-B55452C6184E','2013-06-18 13:30');
INSERT INTO user_has_user(user_a_id, user_b_id, date_time) VALUES('85AC1C46-68F0-525B-0154-EF7CB675030E','AF8284CC-C4C3-F467-DE43-96143BC0DC36','2013-06-23 20:30');
INSERT INTO user_has_user(user_a_id, user_b_id, date_time) VALUES('85AC1C46-68F0-525B-0154-EF7CB675030E','10BB3D40-FB1B-49EA-EEC6-269509E1044F','2013-06-13 13:30');
INSERT INTO user_has_user(user_a_id, user_b_id, date_time) VALUES('85AC1C46-68F0-525B-0154-EF7CB675030E','0D495B9F-FA33-F473-B810-81668CDF345E','2013-06-22 20:30');
INSERT INTO user_has_user(user_a_id, user_b_id, date_time) VALUES('85AC1C46-68F0-525B-0154-EF7CB675030E','F48003B9-D059-6DDF-8339-B98612C42F21','2013-06-16 20:30');
INSERT INTO user_has_user(user_a_id, user_b_id, date_time) VALUES('85AC1C46-68F0-525B-0154-EF7CB675030E','3C81C78E-5232-F855-DD44-1B542A2D109F','2013-06-17 16:00');
INSERT INTO user_has_user(user_a_id, user_b_id, date_time) VALUES('85AC1C46-68F0-525B-0154-EF7CB675030E','96081667-1355-8BEF-896E-FCA4FC623E86','2013-06-22 16:00');
INSERT INTO user_has_user(user_a_id, user_b_id, date_time) VALUES('85AC1C46-68F0-525B-0154-EF7CB675030E','BE1B7CD4-49E7-062B-D692-6D838C72B170','2013-06-13 20:30');
INSERT INTO user_has_user(user_a_id, user_b_id, date_time) VALUES('85AC1C46-68F0-525B-0154-EF7CB675030E','B74ABF89-2298-A61A-E041-2BD940D831E9','2013-06-12 16:00');
INSERT INTO user_has_user(user_a_id, user_b_id, date_time) VALUES('85AC1C46-68F0-525B-0154-EF7CB675030E','AAC5206E-0D7A-EE6C-F725-97DC92093EA3','2013-06-16 20:30');
INSERT INTO user_has_user(user_a_id, user_b_id, date_time) VALUES('85AC1C46-68F0-525B-0154-EF7CB675030E','AFB755FC-10DB-15EB-EC9D-B4484CAD62F7','2013-06-14 16:00');
INSERT INTO user_has_user(user_a_id, user_b_id, date_time) VALUES('85AC1C46-68F0-525B-0154-EF7CB675030E','BA010AE7-2507-6475-D233-70BB577F6BF8','2013-06-11 20:30');
INSERT INTO user_has_user(user_a_id, user_b_id, date_time) VALUES('548C7906-444A-5389-873B-5E3C97F1F47D','29023899-2BCA-4F37-28E9-93F5307EB9AD','2013-06-22 20:30');
INSERT INTO user_has_user(user_a_id, user_b_id, date_time) VALUES('548C7906-444A-5389-873B-5E3C97F1F47D','116487B3-E1F3-187E-2607-F2B59F0530EB','2013-06-23 16:00');
INSERT INTO user_has_user(user_a_id, user_b_id, date_time) VALUES('548C7906-444A-5389-873B-5E3C97F1F47D','6EF42EB2-D77E-E4B1-9415-0434D66EE403','2013-06-23 20:30');
INSERT INTO user_has_user(user_a_id, user_b_id, date_time) VALUES('A045F8E7-A117-E313-A433-2382DABDE0CF','C1180E36-D9B8-D644-9739-B576446C6CBC','2013-06-14 16:00');
INSERT INTO user_has_user(user_a_id, user_b_id, date_time) VALUES('A045F8E7-A117-E313-A433-2382DABDE0CF','2F78F12D-392E-E282-FBD8-8EDC45358075','2013-06-13 20:30');
INSERT INTO user_has_user(user_a_id, user_b_id, date_time) VALUES('A045F8E7-A117-E313-A433-2382DABDE0CF','4F620999-FE5D-F530-5C5B-383D6BF3B6EA','2013-06-19 16:00');
INSERT INTO user_has_user(user_a_id, user_b_id, date_time) VALUES('A045F8E7-A117-E313-A433-2382DABDE0CF','CEAAF76E-4D48-CDD1-C4D5-5516273E7E2C','2013-06-18 16:00');
INSERT INTO user_has_user(user_a_id, user_b_id, date_time) VALUES('A045F8E7-A117-E313-A433-2382DABDE0CF','4A4ABFC9-19AD-B67B-DECA-5930168CD46B','2013-06-22 16:00');
INSERT INTO user_has_user(user_a_id, user_b_id, date_time) VALUES('A045F8E7-A117-E313-A433-2382DABDE0CF','0141B3A2-F5A8-BDC9-F5E4-C1D658159A83','2013-06-23 16:00');
INSERT INTO user_has_user(user_a_id, user_b_id, date_time) VALUES('A045F8E7-A117-E313-A433-2382DABDE0CF','3BD33655-326E-C265-145B-1E65AD2BF1EE','2013-06-19 16:00');
INSERT INTO user_has_user(user_a_id, user_b_id, date_time) VALUES('A045F8E7-A117-E313-A433-2382DABDE0CF','751C4BF5-86E2-696E-38C0-9DB196FA12CB','2013-06-14 16:00');
INSERT INTO user_has_user(user_a_id, user_b_id, date_time) VALUES('A045F8E7-A117-E313-A433-2382DABDE0CF','E271CFD5-BF18-816B-F590-2C05477F4895','2013-06-13 13:30');
INSERT INTO user_has_user(user_a_id, user_b_id, date_time) VALUES('A045F8E7-A117-E313-A433-2382DABDE0CF','9DA3393D-A0EF-7600-0A52-FBA76571BE4C','2013-06-13 20:30');
INSERT INTO user_has_user(user_a_id, user_b_id, date_time) VALUES('A045F8E7-A117-E313-A433-2382DABDE0CF','D3F86B6D-082D-BE03-0124-A3A9CF95E65E','2013-06-13 20:30');
INSERT INTO user_has_user(user_a_id, user_b_id, date_time) VALUES('A045F8E7-A117-E313-A433-2382DABDE0CF','3E2E3065-6D5D-9E28-3C4F-5DB39D930E35','2013-06-14 13:30');
INSERT INTO user_has_user(user_a_id, user_b_id, date_time) VALUES('A045F8E7-A117-E313-A433-2382DABDE0CF','69E2F5E1-3F15-40FF-CE65-9038D04C595E','2013-06-22 20:30');
INSERT INTO user_has_user(user_a_id, user_b_id, date_time) VALUES('A045F8E7-A117-E313-A433-2382DABDE0CF','8758F7B4-A07E-BF8A-0B94-90DEF7BCD750','2013-06-13 13:30');
INSERT INTO user_has_user(user_a_id, user_b_id, date_time) VALUES('A045F8E7-A117-E313-A433-2382DABDE0CF','6DFF963B-C24A-7BDD-891D-3CAEC7DC0EE5','2013-06-12 20:30');
INSERT INTO user_has_user(user_a_id, user_b_id, date_time) VALUES('A045F8E7-A117-E313-A433-2382DABDE0CF','10595462-1F79-2FFA-7305-F57C99F21F8D','2013-06-24 16:00');
INSERT INTO user_has_user(user_a_id, user_b_id, date_time) VALUES('A045F8E7-A117-E313-A433-2382DABDE0CF','01470D00-B899-B82C-6888-C2ABFAA4DB7C','2013-06-23 16:00');
INSERT INTO user_has_user(user_a_id, user_b_id, date_time) VALUES('F52F2D7E-8635-A2BF-2348-72409DA2AD09','AEEE80F3-E057-25DB-1EFB-F54D729B610B','2013-06-14 13:30');
INSERT INTO user_has_user(user_a_id, user_b_id, date_time) VALUES('F52F2D7E-8635-A2BF-2348-72409DA2AD09','05D7805C-9E52-5736-9C28-ABF34B4020B7','2013-06-12 13:30');
INSERT INTO user_has_user(user_a_id, user_b_id, date_time) VALUES('F52F2D7E-8635-A2BF-2348-72409DA2AD09','1EB01F12-5098-4837-8EB8-B55452C6184E','2013-06-18 20:30');
INSERT INTO user_has_user(user_a_id, user_b_id, date_time) VALUES('F52F2D7E-8635-A2BF-2348-72409DA2AD09','A97E3154-A08A-1359-EB39-9B39250F8035','2013-06-19 16:00');
INSERT INTO user_has_user(user_a_id, user_b_id, date_time) VALUES('F52F2D7E-8635-A2BF-2348-72409DA2AD09','96081667-1355-8BEF-896E-FCA4FC623E86','2013-06-18 20:30');
INSERT INTO user_has_user(user_a_id, user_b_id, date_time) VALUES('F52F2D7E-8635-A2BF-2348-72409DA2AD09','677D915E-474A-5DCF-90E1-73097BCC9F7C','2013-06-18 16:00');
INSERT INTO user_has_user(user_a_id, user_b_id, date_time) VALUES('F52F2D7E-8635-A2BF-2348-72409DA2AD09','BA6BC6B1-13D9-DFB7-2866-5D75C9F7A370','2013-06-17 13:30');
INSERT INTO user_has_user(user_a_id, user_b_id, date_time) VALUES('F52F2D7E-8635-A2BF-2348-72409DA2AD09','9EB95156-E8F2-2D56-6979-0B7E29E82313','2013-06-24 16:00');
INSERT INTO user_has_user(user_a_id, user_b_id, date_time) VALUES('F52F2D7E-8635-A2BF-2348-72409DA2AD09','5D7A5B3A-2B15-89F6-EE50-665BA36B9611','2013-06-23 16:00');
INSERT INTO user_has_user(user_a_id, user_b_id, date_time) VALUES('F52F2D7E-8635-A2BF-2348-72409DA2AD09','1A24CCDA-6AEA-9457-57C5-7B48D39D2321','2013-06-23 20:30');
INSERT INTO user_has_user(user_a_id, user_b_id, date_time) VALUES('F52F2D7E-8635-A2BF-2348-72409DA2AD09','EA9AB53E-C0D1-5CBD-8E49-927E1D4EF7E5','2013-06-14 13:30');
INSERT INTO user_has_user(user_a_id, user_b_id, date_time) VALUES('F52F2D7E-8635-A2BF-2348-72409DA2AD09','C099C601-394A-3827-56CF-84DB97145C6D','2013-06-24 20:30');
INSERT INTO user_has_user(user_a_id, user_b_id, date_time) VALUES('F52F2D7E-8635-A2BF-2348-72409DA2AD09','10595462-1F79-2FFA-7305-F57C99F21F8D','2013-06-19 20:30');
INSERT INTO user_has_user(user_a_id, user_b_id, date_time) VALUES('F52F2D7E-8635-A2BF-2348-72409DA2AD09','583D79DE-154B-AEF2-2782-C0454FA06904','2013-06-23 20:30');
INSERT INTO user_has_user(user_a_id, user_b_id, date_time) VALUES('F52F2D7E-8635-A2BF-2348-72409DA2AD09','9568A2A7-E342-4E5D-7F18-98311B16ADF6','2013-06-14 13:30');
INSERT INTO user_has_user(user_a_id, user_b_id, date_time) VALUES('F52F2D7E-8635-A2BF-2348-72409DA2AD09','AD8C635D-8233-8ED0-B373-FA17EA156520','2013-06-19 16:00');
INSERT INTO user_has_user(user_a_id, user_b_id, date_time) VALUES('F52F2D7E-8635-A2BF-2348-72409DA2AD09','BA010AE7-2507-6475-D233-70BB577F6BF8','2013-06-13 16:00');
INSERT INTO user_has_user(user_a_id, user_b_id, date_time) VALUES('F52F2D7E-8635-A2BF-2348-72409DA2AD09','50EEFCEA-5E75-B95A-EBAC-129489ABEC3E','2013-06-18 20:30');
INSERT INTO user_has_user(user_a_id, user_b_id, date_time) VALUES('F52F2D7E-8635-A2BF-2348-72409DA2AD09','E0F3D500-45FA-B20E-200A-B840952AC9E1','2013-06-18 20:30');
INSERT INTO user_has_user(user_a_id, user_b_id, date_time) VALUES('3C81C78E-5232-F855-DD44-1B542A2D109F','116487B3-E1F3-187E-2607-F2B59F0530EB','2013-06-22 16:00');
INSERT INTO user_has_user(user_a_id, user_b_id, date_time) VALUES('3C81C78E-5232-F855-DD44-1B542A2D109F','0D495B9F-FA33-F473-B810-81668CDF345E','2013-06-12 13:30');
INSERT INTO user_has_user(user_a_id, user_b_id, date_time) VALUES('3C81C78E-5232-F855-DD44-1B542A2D109F','5D7A5B3A-2B15-89F6-EE50-665BA36B9611','2013-06-23 20:30');
INSERT INTO user_has_user(user_a_id, user_b_id, date_time) VALUES('3C81C78E-5232-F855-DD44-1B542A2D109F','897B13DE-96AE-45DD-7563-57DECFBA9BDC','2013-06-14 20:30');
INSERT INTO user_has_user(user_a_id, user_b_id, date_time) VALUES('05BD296C-D0C4-F0D4-8681-680817F77C85','10BB3D40-FB1B-49EA-EEC6-269509E1044F','2013-06-12 13:30');
INSERT INTO user_has_user(user_a_id, user_b_id, date_time) VALUES('05BD296C-D0C4-F0D4-8681-680817F77C85','0390833E-70F0-2B10-EEFE-6C1307D18C5D','2013-06-22 16:00');
INSERT INTO user_has_user(user_a_id, user_b_id, date_time) VALUES('05BD296C-D0C4-F0D4-8681-680817F77C85','8149B8E5-C040-2F86-6AA4-0370988BBCFD','2013-06-13 13:30');
INSERT INTO user_has_user(user_a_id, user_b_id, date_time) VALUES('05BD296C-D0C4-F0D4-8681-680817F77C85','1B8A4B04-C8AD-1C4E-FCC0-F7338DDFBC22','2013-06-23 16:00');
INSERT INTO user_has_user(user_a_id, user_b_id, date_time) VALUES('05BD296C-D0C4-F0D4-8681-680817F77C85','F88361D5-E525-F60C-95E3-21662F706559','2013-06-14 20:30');
INSERT INTO user_has_user(user_a_id, user_b_id, date_time) VALUES('05BD296C-D0C4-F0D4-8681-680817F77C85','260C72C1-8E47-B72A-E8F1-6D1B7D88E507','2013-06-19 16:00');
INSERT INTO user_has_user(user_a_id, user_b_id, date_time) VALUES('05BD296C-D0C4-F0D4-8681-680817F77C85','5C8808D8-1313-ECAB-1A05-D080FA6A4C93','2013-06-22 20:30');
INSERT INTO user_has_user(user_a_id, user_b_id, date_time) VALUES('05BD296C-D0C4-F0D4-8681-680817F77C85','472020F4-FDBF-83DA-5F1F-6D6FE45601D1','2013-06-22 16:00');
INSERT INTO user_has_user(user_a_id, user_b_id, date_time) VALUES('05BD296C-D0C4-F0D4-8681-680817F77C85','ACC151BC-D197-EBE3-0679-D5DD51FF7C3E','2013-06-19 20:30');
INSERT INTO user_has_user(user_a_id, user_b_id, date_time) VALUES('05BD296C-D0C4-F0D4-8681-680817F77C85','583D79DE-154B-AEF2-2782-C0454FA06904','2013-06-13 20:30');
INSERT INTO user_has_user(user_a_id, user_b_id, date_time) VALUES('05BD296C-D0C4-F0D4-8681-680817F77C85','07714E18-8BFC-B7F4-E6AE-CD87616372D2','2013-06-18 13:30');
INSERT INTO user_has_user(user_a_id, user_b_id, date_time) VALUES('05BD296C-D0C4-F0D4-8681-680817F77C85','D8579FCC-BB44-C11A-7356-5F5D59199B67','2013-06-23 16:00');
INSERT INTO user_has_user(user_a_id, user_b_id, date_time) VALUES('05BD296C-D0C4-F0D4-8681-680817F77C85','AF21F654-CE8E-19F6-69DF-71FFCE2B40D2','2013-06-23 16:00');
INSERT INTO user_has_user(user_a_id, user_b_id, date_time) VALUES('05BD296C-D0C4-F0D4-8681-680817F77C85','2EC328D8-827D-C07D-6776-4FDF19E1FA6F','2013-06-23 16:00');
INSERT INTO user_has_user(user_a_id, user_b_id, date_time) VALUES('05BD296C-D0C4-F0D4-8681-680817F77C85','221A1D2F-6F25-D812-F270-4979F7A6F9C3','2013-06-13 13:30');
INSERT INTO user_has_user(user_a_id, user_b_id, date_time) VALUES('05BD296C-D0C4-F0D4-8681-680817F77C85','50EEFCEA-5E75-B95A-EBAC-129489ABEC3E','2013-06-18 20:30');
INSERT INTO user_has_user(user_a_id, user_b_id, date_time) VALUES('E6EB03E4-5BD7-F408-ED85-357B88AFBE77','AEEE80F3-E057-25DB-1EFB-F54D729B610B','2013-06-22 16:00');
INSERT INTO user_has_user(user_a_id, user_b_id, date_time) VALUES('E6EB03E4-5BD7-F408-ED85-357B88AFBE77','1110B745-985F-B124-CB2E-71B6912E07BB','2013-06-13 16:00');
INSERT INTO user_has_user(user_a_id, user_b_id, date_time) VALUES('E6EB03E4-5BD7-F408-ED85-357B88AFBE77','510DFF0B-0DAD-FBEB-2F07-CD283A4B9487','2013-06-19 16:00');
INSERT INTO user_has_user(user_a_id, user_b_id, date_time) VALUES('6D350F2C-5887-F332-387D-FEEDAA4119F8','8149B8E5-C040-2F86-6AA4-0370988BBCFD','2013-06-22 16:00');
INSERT INTO user_has_user(user_a_id, user_b_id, date_time) VALUES('6D350F2C-5887-F332-387D-FEEDAA4119F8','F85ABFFD-7287-D926-53BF-97ABABFB77F0','2013-06-18 20:30');
INSERT INTO user_has_user(user_a_id, user_b_id, date_time) VALUES('6D350F2C-5887-F332-387D-FEEDAA4119F8','FF8868A9-8291-5903-761A-5C7938E6487F','2013-06-19 16:00');
INSERT INTO user_has_user(user_a_id, user_b_id, date_time) VALUES('6D350F2C-5887-F332-387D-FEEDAA4119F8','AAC5206E-0D7A-EE6C-F725-97DC92093EA3','2013-06-24 20:30');
INSERT INTO user_has_user(user_a_id, user_b_id, date_time) VALUES('6D350F2C-5887-F332-387D-FEEDAA4119F8','50EEFCEA-5E75-B95A-EBAC-129489ABEC3E','2013-06-11 20:30');
INSERT INTO user_has_user(user_a_id, user_b_id, date_time) VALUES('6D350F2C-5887-F332-387D-FEEDAA4119F8','85AC1C46-68F0-525B-0154-EF7CB675030E','2013-06-23 16:00');
INSERT INTO user_has_user(user_a_id, user_b_id, date_time) VALUES('6D350F2C-5887-F332-387D-FEEDAA4119F8','D9BE7807-3C3C-A634-81BD-F64065FB680D','2013-06-17 13:30');
INSERT INTO user_has_user(user_a_id, user_b_id, date_time) VALUES('6D350F2C-5887-F332-387D-FEEDAA4119F8','41731687-B900-210F-B086-945B5434385F','2013-06-23 20:30');
INSERT INTO user_has_user(user_a_id, user_b_id, date_time) VALUES('6D350F2C-5887-F332-387D-FEEDAA4119F8','6EF42EB2-D77E-E4B1-9415-0434D66EE403','2013-06-19 16:00');
INSERT INTO user_has_user(user_a_id, user_b_id, date_time) VALUES('6D350F2C-5887-F332-387D-FEEDAA4119F8','3C4810CA-FAB6-7FCD-C94B-5FEEBB572765','2013-06-17 20:30');
INSERT INTO user_has_user(user_a_id, user_b_id, date_time) VALUES('6D350F2C-5887-F332-387D-FEEDAA4119F8','EC436334-CD65-71DA-6E77-F3D58107986C','2013-06-22 16:00');
INSERT INTO user_has_user(user_a_id, user_b_id, date_time) VALUES('6D350F2C-5887-F332-387D-FEEDAA4119F8','29EE048B-32A6-CE2E-BF3A-2B51E05BF63F','2013-06-22 20:30');
INSERT INTO user_has_user(user_a_id, user_b_id, date_time) VALUES('6D350F2C-5887-F332-387D-FEEDAA4119F8','BA6BC6B1-13D9-DFB7-2866-5D75C9F7A370','2013-06-22 20:30');
INSERT INTO user_has_user(user_a_id, user_b_id, date_time) VALUES('6D350F2C-5887-F332-387D-FEEDAA4119F8','3B1DD2B4-F9DE-D8FB-C62A-8332C401CAFD','2013-06-22 20:30');
INSERT INTO user_has_user(user_a_id, user_b_id, date_time) VALUES('CF4A9F36-373A-C301-EA85-A0C34486BA9F','FFCB10C1-731E-5EC7-8ADD-D61E8E3999E2','2013-06-14 13:30');
INSERT INTO user_has_user(user_a_id, user_b_id, date_time) VALUES('CF4A9F36-373A-C301-EA85-A0C34486BA9F','1B8A4B04-C8AD-1C4E-FCC0-F7338DDFBC22','2013-06-23 20:30');
INSERT INTO user_has_user(user_a_id, user_b_id, date_time) VALUES('CF4A9F36-373A-C301-EA85-A0C34486BA9F','BA010AE7-2507-6475-D233-70BB577F6BF8','2013-06-24 20:30');
INSERT INTO user_has_user(user_a_id, user_b_id, date_time) VALUES('CF4A9F36-373A-C301-EA85-A0C34486BA9F','BFF2FD42-BE75-D679-720A-2AD2326E97CA','2013-06-19 20:30');
INSERT INTO user_has_user(user_a_id, user_b_id, date_time) VALUES('CF4A9F36-373A-C301-EA85-A0C34486BA9F','E6EB03E4-5BD7-F408-ED85-357B88AFBE77','2013-06-19 13:30');
INSERT INTO user_has_user(user_a_id, user_b_id, date_time) VALUES('CF4A9F36-373A-C301-EA85-A0C34486BA9F','AB8FD8F9-4819-BFDB-C878-29AFDBDA0A0D','2013-06-22 16:00');
INSERT INTO user_has_user(user_a_id, user_b_id, date_time) VALUES('CF4A9F36-373A-C301-EA85-A0C34486BA9F','3C81C78E-5232-F855-DD44-1B542A2D109F','2013-06-23 20:30');
INSERT INTO user_has_user(user_a_id, user_b_id, date_time) VALUES('CF4A9F36-373A-C301-EA85-A0C34486BA9F','F8F86609-FFBE-434C-7D41-B2CA6DCE9E41','2013-06-22 20:30');
INSERT INTO user_has_user(user_a_id, user_b_id, date_time) VALUES('361DB271-EB36-2F8F-3D58-A4721F928925','F88361D5-E525-F60C-95E3-21662F706559','2013-06-14 20:30');
INSERT INTO user_has_user(user_a_id, user_b_id, date_time) VALUES('361DB271-EB36-2F8F-3D58-A4721F928925','10BB3D40-FB1B-49EA-EEC6-269509E1044F','2013-06-18 20:30');
INSERT INTO user_has_user(user_a_id, user_b_id, date_time) VALUES('361DB271-EB36-2F8F-3D58-A4721F928925','02B331FB-D3E3-2502-9F6F-CF627C1C0C57','2013-06-19 16:00');
INSERT INTO user_has_user(user_a_id, user_b_id, date_time) VALUES('361DB271-EB36-2F8F-3D58-A4721F928925','E5F67B7A-424A-D02F-17DD-DB33564FC356','2013-06-12 13:30');
INSERT INTO user_has_user(user_a_id, user_b_id, date_time) VALUES('361DB271-EB36-2F8F-3D58-A4721F928925','AC286A49-F1CE-0EA1-FFA1-D29104B0457C','2013-06-23 20:30');
INSERT INTO user_has_user(user_a_id, user_b_id, date_time) VALUES('361DB271-EB36-2F8F-3D58-A4721F928925','41731687-B900-210F-B086-945B5434385F','2013-06-23 20:30');
INSERT INTO user_has_user(user_a_id, user_b_id, date_time) VALUES('361DB271-EB36-2F8F-3D58-A4721F928925','F52F2D7E-8635-A2BF-2348-72409DA2AD09','2013-06-12 20:30');
INSERT INTO user_has_user(user_a_id, user_b_id, date_time) VALUES('361DB271-EB36-2F8F-3D58-A4721F928925','50EEFCEA-5E75-B95A-EBAC-129489ABEC3E','2013-06-13 20:30');
INSERT INTO user_has_user(user_a_id, user_b_id, date_time) VALUES('361DB271-EB36-2F8F-3D58-A4721F928925','4042C12D-8E21-CB3A-3F4B-7655BA0B55C6','2013-06-20 20:30');
INSERT INTO user_has_user(user_a_id, user_b_id, date_time) VALUES('361DB271-EB36-2F8F-3D58-A4721F928925','3C81C78E-5232-F855-DD44-1B542A2D109F','2013-06-23 16:00');
INSERT INTO user_has_user(user_a_id, user_b_id, date_time) VALUES('361DB271-EB36-2F8F-3D58-A4721F928925','3B1DD2B4-F9DE-D8FB-C62A-8332C401CAFD','2013-06-24 20:30');
INSERT INTO user_has_user(user_a_id, user_b_id, date_time) VALUES('361DB271-EB36-2F8F-3D58-A4721F928925','AFB755FC-10DB-15EB-EC9D-B4484CAD62F7','2013-06-24 16:00');
INSERT INTO user_has_user(user_a_id, user_b_id, date_time) VALUES('361DB271-EB36-2F8F-3D58-A4721F928925','1C602BA2-33C7-51A8-3E4A-5C1D3E38D4A8','2013-06-18 20:30');
INSERT INTO user_has_user(user_a_id, user_b_id, date_time) VALUES('361DB271-EB36-2F8F-3D58-A4721F928925','01470D00-B899-B82C-6888-C2ABFAA4DB7C','2013-06-24 20:30');
INSERT INTO user_has_user(user_a_id, user_b_id, date_time) VALUES('361DB271-EB36-2F8F-3D58-A4721F928925','548C7906-444A-5389-873B-5E3C97F1F47D','2013-06-22 20:30');
INSERT INTO user_has_user(user_a_id, user_b_id, date_time) VALUES('361DB271-EB36-2F8F-3D58-A4721F928925','B6FC8C63-1BBC-F6AA-774E-C2DEDFB585B3','2013-06-24 16:00');
INSERT INTO user_has_user(user_a_id, user_b_id, date_time) VALUES('361DB271-EB36-2F8F-3D58-A4721F928925','C7BEE87A-F280-2318-6252-12677E713CEE','2013-06-23 20:30');
INSERT INTO user_has_user(user_a_id, user_b_id, date_time) VALUES('361DB271-EB36-2F8F-3D58-A4721F928925','7D43380E-E23D-30BB-542A-F3F6C64055C7','2013-06-13 13:30');
INSERT INTO user_has_user(user_a_id, user_b_id, date_time) VALUES('D8579FCC-BB44-C11A-7356-5F5D59199B67','D03AD1B0-33B9-FADD-7E2B-CD0A0B582EED','2013-06-19 16:00');
INSERT INTO user_has_user(user_a_id, user_b_id, date_time) VALUES('D8579FCC-BB44-C11A-7356-5F5D59199B67','897B13DE-96AE-45DD-7563-57DECFBA9BDC','2013-06-18 16:00');
INSERT INTO user_has_user(user_a_id, user_b_id, date_time) VALUES('D8579FCC-BB44-C11A-7356-5F5D59199B67','34AEFF3D-16C0-D4E3-A39B-5AD720B35481','2013-06-14 13:30');
INSERT INTO user_has_user(user_a_id, user_b_id, date_time) VALUES('D8579FCC-BB44-C11A-7356-5F5D59199B67','3B1DD2B4-F9DE-D8FB-C62A-8332C401CAFD','2013-06-12 13:30');
INSERT INTO user_has_user(user_a_id, user_b_id, date_time) VALUES('D8579FCC-BB44-C11A-7356-5F5D59199B67','9DA3393D-A0EF-7600-0A52-FBA76571BE4C','2013-06-14 16:00');
INSERT INTO user_has_user(user_a_id, user_b_id, date_time) VALUES('D8579FCC-BB44-C11A-7356-5F5D59199B67','2BCE0AB1-A220-CF4F-4472-949DF48022B8','2013-06-14 20:30');
INSERT INTO user_has_user(user_a_id, user_b_id, date_time) VALUES('D8579FCC-BB44-C11A-7356-5F5D59199B67','10595462-1F79-2FFA-7305-F57C99F21F8D','2013-06-13 16:00');
INSERT INTO user_has_user(user_a_id, user_b_id, date_time) VALUES('D8579FCC-BB44-C11A-7356-5F5D59199B67','FFCB10C1-731E-5EC7-8ADD-D61E8E3999E2','2013-06-14 16:00');
INSERT INTO user_has_user(user_a_id, user_b_id, date_time) VALUES('D8579FCC-BB44-C11A-7356-5F5D59199B67','5957EE61-E70A-68CE-6010-D9406192051D','2013-06-23 20:30');
INSERT INTO user_has_user(user_a_id, user_b_id, date_time) VALUES('D8579FCC-BB44-C11A-7356-5F5D59199B67','AEEE80F3-E057-25DB-1EFB-F54D729B610B','2013-06-18 20:30');
INSERT INTO user_has_user(user_a_id, user_b_id, date_time) VALUES('9DA3393D-A0EF-7600-0A52-FBA76571BE4C','BE1B7CD4-49E7-062B-D692-6D838C72B170','2013-06-11 16:00');
INSERT INTO user_has_user(user_a_id, user_b_id, date_time) VALUES('9DA3393D-A0EF-7600-0A52-FBA76571BE4C','A079E047-C4D4-0FCD-E30B-B1247128480F','2013-06-17 13:30');
INSERT INTO user_has_user(user_a_id, user_b_id, date_time) VALUES('9DA3393D-A0EF-7600-0A52-FBA76571BE4C','CEAAF76E-4D48-CDD1-C4D5-5516273E7E2C','2013-06-19 20:30');
INSERT INTO user_has_user(user_a_id, user_b_id, date_time) VALUES('9DA3393D-A0EF-7600-0A52-FBA76571BE4C','5D7A5B3A-2B15-89F6-EE50-665BA36B9611','2013-06-14 20:30');
INSERT INTO user_has_user(user_a_id, user_b_id, date_time) VALUES('9DA3393D-A0EF-7600-0A52-FBA76571BE4C','0141B3A2-F5A8-BDC9-F5E4-C1D658159A83','2013-06-12 16:00');
INSERT INTO user_has_user(user_a_id, user_b_id, date_time) VALUES('9DA3393D-A0EF-7600-0A52-FBA76571BE4C','1F66C4C9-3DD5-23B0-2BFE-9DEB9E2E5724','2013-06-23 16:00');
INSERT INTO user_has_user(user_a_id, user_b_id, date_time) VALUES('9DA3393D-A0EF-7600-0A52-FBA76571BE4C','AEEE80F3-E057-25DB-1EFB-F54D729B610B','2013-06-20 20:30');
INSERT INTO user_has_user(user_a_id, user_b_id, date_time) VALUES('9DA3393D-A0EF-7600-0A52-FBA76571BE4C','A97E3154-A08A-1359-EB39-9B39250F8035','2013-06-12 13:30');
INSERT INTO user_has_user(user_a_id, user_b_id, date_time) VALUES('9DA3393D-A0EF-7600-0A52-FBA76571BE4C','BFF2FD42-BE75-D679-720A-2AD2326E97CA','2013-06-22 20:30');
INSERT INTO user_has_user(user_a_id, user_b_id, date_time) VALUES('9DA3393D-A0EF-7600-0A52-FBA76571BE4C','0390833E-70F0-2B10-EEFE-6C1307D18C5D','2013-06-22 20:30');
INSERT INTO user_has_user(user_a_id, user_b_id, date_time) VALUES('9DA3393D-A0EF-7600-0A52-FBA76571BE4C','F48003B9-D059-6DDF-8339-B98612C42F21','2013-06-17 13:30');
INSERT INTO user_has_user(user_a_id, user_b_id, date_time) VALUES('9DA3393D-A0EF-7600-0A52-FBA76571BE4C','938E929F-8FAC-7104-1007-7291FDCF2BCE','2013-06-17 16:00');
INSERT INTO user_has_user(user_a_id, user_b_id, date_time) VALUES('9DA3393D-A0EF-7600-0A52-FBA76571BE4C','D139564C-7CCC-71D9-4F4A-12F9757CC493','2013-06-18 20:30');
INSERT INTO user_has_user(user_a_id, user_b_id, date_time) VALUES('9DA3393D-A0EF-7600-0A52-FBA76571BE4C','221A1D2F-6F25-D812-F270-4979F7A6F9C3','2013-06-12 13:30');
INSERT INTO user_has_user(user_a_id, user_b_id, date_time) VALUES('9DA3393D-A0EF-7600-0A52-FBA76571BE4C','1C602BA2-33C7-51A8-3E4A-5C1D3E38D4A8','2013-06-16 20:30');
INSERT INTO user_has_user(user_a_id, user_b_id, date_time) VALUES('611E0189-717E-2F4F-D749-A78DEF80D697','3E2E3065-6D5D-9E28-3C4F-5DB39D930E35','2013-06-14 13:30');
INSERT INTO user_has_user(user_a_id, user_b_id, date_time) VALUES('611E0189-717E-2F4F-D749-A78DEF80D697','E0F3D500-45FA-B20E-200A-B840952AC9E1','2013-06-12 13:30');
INSERT INTO user_has_user(user_a_id, user_b_id, date_time) VALUES('611E0189-717E-2F4F-D749-A78DEF80D697','B74ABF89-2298-A61A-E041-2BD940D831E9','2013-06-12 20:30');
INSERT INTO user_has_user(user_a_id, user_b_id, date_time) VALUES('611E0189-717E-2F4F-D749-A78DEF80D697','419C4810-B3A7-5B51-D502-1DE1ACA3D5F5','2013-06-13 16:00');
INSERT INTO user_has_user(user_a_id, user_b_id, date_time) VALUES('611E0189-717E-2F4F-D749-A78DEF80D697','07714E18-8BFC-B7F4-E6AE-CD87616372D2','2013-06-22 16:00');
INSERT INTO user_has_user(user_a_id, user_b_id, date_time) VALUES('611E0189-717E-2F4F-D749-A78DEF80D697','11C757E0-845F-3678-C600-21759EE60046','2013-06-19 16:00');
INSERT INTO user_has_user(user_a_id, user_b_id, date_time) VALUES('611E0189-717E-2F4F-D749-A78DEF80D697','424554F5-8AA4-7689-F987-A2F4448628AE','2013-06-18 13:30');
INSERT INTO user_has_user(user_a_id, user_b_id, date_time) VALUES('611E0189-717E-2F4F-D749-A78DEF80D697','9DC21369-CD58-EB44-7017-66355B554400','2013-06-19 13:30');
INSERT INTO user_has_user(user_a_id, user_b_id, date_time) VALUES('611E0189-717E-2F4F-D749-A78DEF80D697','A5CFF350-C056-C33F-2C06-C8A4B42A526A','2013-06-19 13:30');
INSERT INTO user_has_user(user_a_id, user_b_id, date_time) VALUES('611E0189-717E-2F4F-D749-A78DEF80D697','62C59B2C-EFDB-8C9D-29BA-FDD5FF1EF737','2013-06-24 16:00');
INSERT INTO user_has_user(user_a_id, user_b_id, date_time) VALUES('611E0189-717E-2F4F-D749-A78DEF80D697','05D7805C-9E52-5736-9C28-ABF34B4020B7','2013-06-23 16:00');
INSERT INTO user_has_user(user_a_id, user_b_id, date_time) VALUES('611E0189-717E-2F4F-D749-A78DEF80D697','5C12270B-DB3B-29A4-97E0-6C18EF59EE82','2013-06-23 20:30');
INSERT INTO user_has_user(user_a_id, user_b_id, date_time) VALUES('611E0189-717E-2F4F-D749-A78DEF80D697','C099C601-394A-3827-56CF-84DB97145C6D','2013-06-23 20:30');
INSERT INTO user_has_user(user_a_id, user_b_id, date_time) VALUES('611E0189-717E-2F4F-D749-A78DEF80D697','D3F86B6D-082D-BE03-0124-A3A9CF95E65E','2013-06-13 20:30');
INSERT INTO user_has_user(user_a_id, user_b_id, date_time) VALUES('611E0189-717E-2F4F-D749-A78DEF80D697','1FE0A150-1494-976B-EC63-26BDB232678A','2013-06-22 20:30');
INSERT INTO user_has_user(user_a_id, user_b_id, date_time) VALUES('611E0189-717E-2F4F-D749-A78DEF80D697','F671E5BB-2685-6A1E-0002-A5E0F757BF62','2013-06-17 16:00');
INSERT INTO user_has_user(user_a_id, user_b_id, date_time) VALUES('611E0189-717E-2F4F-D749-A78DEF80D697','10BB3D40-FB1B-49EA-EEC6-269509E1044F','2013-06-13 20:30');
INSERT INTO user_has_user(user_a_id, user_b_id, date_time) VALUES('AEEE80F3-E057-25DB-1EFB-F54D729B610B','B74ABF89-2298-A61A-E041-2BD940D831E9','2013-06-18 13:30');
INSERT INTO user_has_user(user_a_id, user_b_id, date_time) VALUES('AEEE80F3-E057-25DB-1EFB-F54D729B610B','825D0DD6-2947-C9A7-FC23-41E4487E81EC','2013-06-24 20:30');
INSERT INTO user_has_user(user_a_id, user_b_id, date_time) VALUES('AEEE80F3-E057-25DB-1EFB-F54D729B610B','96081667-1355-8BEF-896E-FCA4FC623E86','2013-06-18 13:30');
INSERT INTO user_has_user(user_a_id, user_b_id, date_time) VALUES('AEEE80F3-E057-25DB-1EFB-F54D729B610B','F671E5BB-2685-6A1E-0002-A5E0F757BF62','2013-06-24 20:30');
INSERT INTO user_has_user(user_a_id, user_b_id, date_time) VALUES('AEEE80F3-E057-25DB-1EFB-F54D729B610B','732D82FD-F6FA-7ED0-2C96-3C05796BC720','2013-06-23 16:00');
INSERT INTO user_has_user(user_a_id, user_b_id, date_time) VALUES('AEEE80F3-E057-25DB-1EFB-F54D729B610B','BFF2FD42-BE75-D679-720A-2AD2326E97CA','2013-06-13 20:30');
INSERT INTO user_has_user(user_a_id, user_b_id, date_time) VALUES('AEEE80F3-E057-25DB-1EFB-F54D729B610B','1483DF14-81F7-08E8-21E8-AB9219D2458F','2013-06-22 16:00');
INSERT INTO user_has_user(user_a_id, user_b_id, date_time) VALUES('AEEE80F3-E057-25DB-1EFB-F54D729B610B','4A4ABFC9-19AD-B67B-DECA-5930168CD46B','2013-06-20 20:30');
INSERT INTO user_has_user(user_a_id, user_b_id, date_time) VALUES('AEEE80F3-E057-25DB-1EFB-F54D729B610B','AD8C635D-8233-8ED0-B373-FA17EA156520','2013-06-23 20:30');
INSERT INTO user_has_user(user_a_id, user_b_id, date_time) VALUES('D9BE7807-3C3C-A634-81BD-F64065FB680D','D03AD1B0-33B9-FADD-7E2B-CD0A0B582EED','2013-06-18 13:30');
INSERT INTO user_has_user(user_a_id, user_b_id, date_time) VALUES('D9BE7807-3C3C-A634-81BD-F64065FB680D','C1180E36-D9B8-D644-9739-B576446C6CBC','2013-06-22 16:00');
INSERT INTO user_has_user(user_a_id, user_b_id, date_time) VALUES('D9BE7807-3C3C-A634-81BD-F64065FB680D','F88361D5-E525-F60C-95E3-21662F706559','2013-06-17 16:00');
INSERT INTO user_has_user(user_a_id, user_b_id, date_time) VALUES('D9BE7807-3C3C-A634-81BD-F64065FB680D','D1EEB861-148A-397D-5CFD-913DCB347117','2013-06-17 13:30');
INSERT INTO user_has_user(user_a_id, user_b_id, date_time) VALUES('D9BE7807-3C3C-A634-81BD-F64065FB680D','260C72C1-8E47-B72A-E8F1-6D1B7D88E507','2013-06-12 13:30');
INSERT INTO user_has_user(user_a_id, user_b_id, date_time) VALUES('D9BE7807-3C3C-A634-81BD-F64065FB680D','80B0E4FA-66EB-7592-D6AA-2C80CE69C58F','2013-06-16 20:30');
INSERT INTO user_has_user(user_a_id, user_b_id, date_time) VALUES('D9BE7807-3C3C-A634-81BD-F64065FB680D','EA9AB53E-C0D1-5CBD-8E49-927E1D4EF7E5','2013-06-18 16:00');
INSERT INTO user_has_user(user_a_id, user_b_id, date_time) VALUES('D9BE7807-3C3C-A634-81BD-F64065FB680D','A045F8E7-A117-E313-A433-2382DABDE0CF','2013-06-18 13:30');
INSERT INTO user_has_user(user_a_id, user_b_id, date_time) VALUES('3E2E3065-6D5D-9E28-3C4F-5DB39D930E35','50EEFCEA-5E75-B95A-EBAC-129489ABEC3E','2013-06-19 13:30');
INSERT INTO user_has_user(user_a_id, user_b_id, date_time) VALUES('897B13DE-96AE-45DD-7563-57DECFBA9BDC','DF47270C-CA5F-5F32-6102-B879B91191A0','2013-06-19 13:30');
INSERT INTO user_has_user(user_a_id, user_b_id, date_time) VALUES('897B13DE-96AE-45DD-7563-57DECFBA9BDC','EC436334-CD65-71DA-6E77-F3D58107986C','2013-06-23 16:00');
INSERT INTO user_has_user(user_a_id, user_b_id, date_time) VALUES('897B13DE-96AE-45DD-7563-57DECFBA9BDC','5C8808D8-1313-ECAB-1A05-D080FA6A4C93','2013-06-12 13:30');
INSERT INTO user_has_user(user_a_id, user_b_id, date_time) VALUES('897B13DE-96AE-45DD-7563-57DECFBA9BDC','CEAAF76E-4D48-CDD1-C4D5-5516273E7E2C','2013-06-13 13:30');
INSERT INTO user_has_user(user_a_id, user_b_id, date_time) VALUES('897B13DE-96AE-45DD-7563-57DECFBA9BDC','54529E47-F0C4-7B85-7C1D-D517D006D641','2013-06-12 13:30');
INSERT INTO user_has_user(user_a_id, user_b_id, date_time) VALUES('897B13DE-96AE-45DD-7563-57DECFBA9BDC','E094682D-6CE2-D50F-8B71-30643E4C5275','2013-06-23 16:00');
INSERT INTO user_has_user(user_a_id, user_b_id, date_time) VALUES('897B13DE-96AE-45DD-7563-57DECFBA9BDC','E703600E-348B-215B-1B10-45D888DA7A4B','2013-06-13 20:30');
INSERT INTO user_has_user(user_a_id, user_b_id, date_time) VALUES('897B13DE-96AE-45DD-7563-57DECFBA9BDC','9B80517E-4D80-679B-0D79-6139B818BA29','2013-06-14 20:30');
INSERT INTO user_has_user(user_a_id, user_b_id, date_time) VALUES('897B13DE-96AE-45DD-7563-57DECFBA9BDC','29023899-2BCA-4F37-28E9-93F5307EB9AD','2013-06-20 20:30');
INSERT INTO user_has_user(user_a_id, user_b_id, date_time) VALUES('897B13DE-96AE-45DD-7563-57DECFBA9BDC','F85ABFFD-7287-D926-53BF-97ABABFB77F0','2013-06-11 20:30');
INSERT INTO user_has_user(user_a_id, user_b_id, date_time) VALUES('897B13DE-96AE-45DD-7563-57DECFBA9BDC','116487B3-E1F3-187E-2607-F2B59F0530EB','2013-06-24 20:30');
INSERT INTO user_has_user(user_a_id, user_b_id, date_time) VALUES('897B13DE-96AE-45DD-7563-57DECFBA9BDC','BFF2FD42-BE75-D679-720A-2AD2326E97CA','2013-06-22 16:00');
INSERT INTO user_has_user(user_a_id, user_b_id, date_time) VALUES('897B13DE-96AE-45DD-7563-57DECFBA9BDC','CFD8286A-2AF6-4BE7-0286-901BD4B32747','2013-06-18 13:30');
INSERT INTO user_has_user(user_a_id, user_b_id, date_time) VALUES('897B13DE-96AE-45DD-7563-57DECFBA9BDC','88B0A16F-DEC6-BFF4-78A8-FF56836D1AF2','2013-06-13 16:00');
INSERT INTO user_has_user(user_a_id, user_b_id, date_time) VALUES('897B13DE-96AE-45DD-7563-57DECFBA9BDC','8149B8E5-C040-2F86-6AA4-0370988BBCFD','2013-06-22 16:00');
INSERT INTO user_has_user(user_a_id, user_b_id, date_time) VALUES('897B13DE-96AE-45DD-7563-57DECFBA9BDC','BED0B0B3-DC46-270A-F1A6-F7EB9E200D3C','2013-06-22 16:00');
INSERT INTO user_has_user(user_a_id, user_b_id, date_time) VALUES('3BD0921B-9C7E-E7D5-D762-57D0755692EE','F88361D5-E525-F60C-95E3-21662F706559','2013-06-23 16:00');
INSERT INTO user_has_user(user_a_id, user_b_id, date_time) VALUES('3BD0921B-9C7E-E7D5-D762-57D0755692EE','AD8C635D-8233-8ED0-B373-FA17EA156520','2013-06-19 20:30');
INSERT INTO user_has_user(user_a_id, user_b_id, date_time) VALUES('3BD0921B-9C7E-E7D5-D762-57D0755692EE','C34C767D-5CF5-F674-9A48-F2A202844230','2013-06-23 20:30');
INSERT INTO user_has_user(user_a_id, user_b_id, date_time) VALUES('3BD0921B-9C7E-E7D5-D762-57D0755692EE','9B68BF9B-C17B-9763-708D-1668BE3BDB71','2013-06-23 20:30');
INSERT INTO user_has_user(user_a_id, user_b_id, date_time) VALUES('3BD0921B-9C7E-E7D5-D762-57D0755692EE','29EE048B-32A6-CE2E-BF3A-2B51E05BF63F','2013-06-23 16:00');
INSERT INTO user_has_user(user_a_id, user_b_id, date_time) VALUES('83AC0DF6-7043-DC24-08D9-2549BA3FFC80','11C757E0-845F-3678-C600-21759EE60046','2013-06-22 16:00');
INSERT INTO user_has_user(user_a_id, user_b_id, date_time) VALUES('83AC0DF6-7043-DC24-08D9-2549BA3FFC80','BE1B7CD4-49E7-062B-D692-6D838C72B170','2013-06-12 13:30');
INSERT INTO user_has_user(user_a_id, user_b_id, date_time) VALUES('83AC0DF6-7043-DC24-08D9-2549BA3FFC80','F52F2D7E-8635-A2BF-2348-72409DA2AD09','2013-06-24 16:00');
INSERT INTO user_has_user(user_a_id, user_b_id, date_time) VALUES('83AC0DF6-7043-DC24-08D9-2549BA3FFC80','80B0E4FA-66EB-7592-D6AA-2C80CE69C58F','2013-06-12 20:30');
INSERT INTO user_has_user(user_a_id, user_b_id, date_time) VALUES('83AC0DF6-7043-DC24-08D9-2549BA3FFC80','508A26A4-76D8-8573-974B-041B5094BAF9','2013-06-23 16:00');
INSERT INTO user_has_user(user_a_id, user_b_id, date_time) VALUES('83AC0DF6-7043-DC24-08D9-2549BA3FFC80','88B0A16F-DEC6-BFF4-78A8-FF56836D1AF2','2013-06-11 20:30');
INSERT INTO user_has_user(user_a_id, user_b_id, date_time) VALUES('83AC0DF6-7043-DC24-08D9-2549BA3FFC80','897B13DE-96AE-45DD-7563-57DECFBA9BDC','2013-06-18 20:30');
INSERT INTO user_has_user(user_a_id, user_b_id, date_time) VALUES('AF21F654-CE8E-19F6-69DF-71FFCE2B40D2','AC286A49-F1CE-0EA1-FFA1-D29104B0457C','2013-06-16 20:30');
INSERT INTO user_has_user(user_a_id, user_b_id, date_time) VALUES('AF21F654-CE8E-19F6-69DF-71FFCE2B40D2','508A26A4-76D8-8573-974B-041B5094BAF9','2013-06-19 16:00');
INSERT INTO user_has_user(user_a_id, user_b_id, date_time) VALUES('AF21F654-CE8E-19F6-69DF-71FFCE2B40D2','2B95C505-9087-0C20-6859-3A76C14B83D4','2013-06-12 16:00');
INSERT INTO user_has_user(user_a_id, user_b_id, date_time) VALUES('AF21F654-CE8E-19F6-69DF-71FFCE2B40D2','07714E18-8BFC-B7F4-E6AE-CD87616372D2','2013-06-14 13:30');
INSERT INTO user_has_user(user_a_id, user_b_id, date_time) VALUES('AF21F654-CE8E-19F6-69DF-71FFCE2B40D2','E094682D-6CE2-D50F-8B71-30643E4C5275','2013-06-19 20:30');
INSERT INTO user_has_user(user_a_id, user_b_id, date_time) VALUES('AF21F654-CE8E-19F6-69DF-71FFCE2B40D2','2C0D1805-A61C-53C8-B1A5-0198EAE187A4','2013-06-13 20:30');
INSERT INTO user_has_user(user_a_id, user_b_id, date_time) VALUES('AF21F654-CE8E-19F6-69DF-71FFCE2B40D2','D9BE7807-3C3C-A634-81BD-F64065FB680D','2013-06-12 16:00');
INSERT INTO user_has_user(user_a_id, user_b_id, date_time) VALUES('AF21F654-CE8E-19F6-69DF-71FFCE2B40D2','FB44BD4D-B0BA-D45A-C7FA-DA1B2C644789','2013-06-24 20:30');
INSERT INTO user_has_user(user_a_id, user_b_id, date_time) VALUES('AF21F654-CE8E-19F6-69DF-71FFCE2B40D2','71DA7647-499A-64E8-1727-41D4BDB5B51A','2013-06-24 20:30');
INSERT INTO user_has_user(user_a_id, user_b_id, date_time) VALUES('AF21F654-CE8E-19F6-69DF-71FFCE2B40D2','2EC328D8-827D-C07D-6776-4FDF19E1FA6F','2013-06-14 16:00');
INSERT INTO user_has_user(user_a_id, user_b_id, date_time) VALUES('AF21F654-CE8E-19F6-69DF-71FFCE2B40D2','A5CFF350-C056-C33F-2C06-C8A4B42A526A','2013-06-23 16:00');
INSERT INTO user_has_user(user_a_id, user_b_id, date_time) VALUES('AF21F654-CE8E-19F6-69DF-71FFCE2B40D2','BFF2FD42-BE75-D679-720A-2AD2326E97CA','2013-06-19 16:00');
INSERT INTO user_has_user(user_a_id, user_b_id, date_time) VALUES('AF21F654-CE8E-19F6-69DF-71FFCE2B40D2','FFCB10C1-731E-5EC7-8ADD-D61E8E3999E2','2013-06-20 20:30');
INSERT INTO user_has_user(user_a_id, user_b_id, date_time) VALUES('AF21F654-CE8E-19F6-69DF-71FFCE2B40D2','2BCE0AB1-A220-CF4F-4472-949DF48022B8','2013-06-23 16:00');
INSERT INTO user_has_user(user_a_id, user_b_id, date_time) VALUES('AF21F654-CE8E-19F6-69DF-71FFCE2B40D2','6EF42EB2-D77E-E4B1-9415-0434D66EE403','2013-06-11 20:30');
INSERT INTO user_has_user(user_a_id, user_b_id, date_time) VALUES('AF21F654-CE8E-19F6-69DF-71FFCE2B40D2','10595462-1F79-2FFA-7305-F57C99F21F8D','2013-06-23 20:30');
INSERT INTO user_has_user(user_a_id, user_b_id, date_time) VALUES('AF21F654-CE8E-19F6-69DF-71FFCE2B40D2','7B39756B-59F8-FA75-7DB0-35F07A3D3A59','2013-06-22 16:00');
INSERT INTO user_has_user(user_a_id, user_b_id, date_time) VALUES('65FFB931-B691-E694-21F9-A354DF676AFD','611E0189-717E-2F4F-D749-A78DEF80D697','2013-06-12 16:00');
INSERT INTO user_has_user(user_a_id, user_b_id, date_time) VALUES('65FFB931-B691-E694-21F9-A354DF676AFD','820D6FB4-E970-9C37-92A1-EF5525BA4C69','2013-06-23 16:00');
INSERT INTO user_has_user(user_a_id, user_b_id, date_time) VALUES('65FFB931-B691-E694-21F9-A354DF676AFD','CCA94C5E-40F3-0BBE-CBA5-ABFD1750B308','2013-06-23 20:30');
INSERT INTO user_has_user(user_a_id, user_b_id, date_time) VALUES('65FFB931-B691-E694-21F9-A354DF676AFD','1EEA3CC3-3944-EBF6-9146-307BD5234012','2013-06-20 20:30');
INSERT INTO user_has_user(user_a_id, user_b_id, date_time) VALUES('65FFB931-B691-E694-21F9-A354DF676AFD','BA6BC6B1-13D9-DFB7-2866-5D75C9F7A370','2013-06-22 20:30');
INSERT INTO user_has_user(user_a_id, user_b_id, date_time) VALUES('65FFB931-B691-E694-21F9-A354DF676AFD','F52F2D7E-8635-A2BF-2348-72409DA2AD09','2013-06-24 20:30');
INSERT INTO user_has_user(user_a_id, user_b_id, date_time) VALUES('65FFB931-B691-E694-21F9-A354DF676AFD','54529E47-F0C4-7B85-7C1D-D517D006D641','2013-06-18 16:00');
INSERT INTO user_has_user(user_a_id, user_b_id, date_time) VALUES('65FFB931-B691-E694-21F9-A354DF676AFD','BFF2FD42-BE75-D679-720A-2AD2326E97CA','2013-06-18 16:00');
INSERT INTO user_has_user(user_a_id, user_b_id, date_time) VALUES('65FFB931-B691-E694-21F9-A354DF676AFD','F671E5BB-2685-6A1E-0002-A5E0F757BF62','2013-06-22 16:00');
INSERT INTO user_has_user(user_a_id, user_b_id, date_time) VALUES('65FFB931-B691-E694-21F9-A354DF676AFD','938E929F-8FAC-7104-1007-7291FDCF2BCE','2013-06-17 13:30');
INSERT INTO user_has_user(user_a_id, user_b_id, date_time) VALUES('65FFB931-B691-E694-21F9-A354DF676AFD','34AEFF3D-16C0-D4E3-A39B-5AD720B35481','2013-06-18 20:30');
INSERT INTO user_has_user(user_a_id, user_b_id, date_time) VALUES('65FFB931-B691-E694-21F9-A354DF676AFD','424554F5-8AA4-7689-F987-A2F4448628AE','2013-06-23 20:30');
INSERT INTO user_has_user(user_a_id, user_b_id, date_time) VALUES('65FFB931-B691-E694-21F9-A354DF676AFD','05BD296C-D0C4-F0D4-8681-680817F77C85','2013-06-23 20:30');
INSERT INTO user_has_user(user_a_id, user_b_id, date_time) VALUES('65FFB931-B691-E694-21F9-A354DF676AFD','1EB01F12-5098-4837-8EB8-B55452C6184E','2013-06-14 13:30');
INSERT INTO user_has_user(user_a_id, user_b_id, date_time) VALUES('65FFB931-B691-E694-21F9-A354DF676AFD','548C7906-444A-5389-873B-5E3C97F1F47D','2013-06-12 13:30');
INSERT INTO user_has_user(user_a_id, user_b_id, date_time) VALUES('AFB755FC-10DB-15EB-EC9D-B4484CAD62F7','2C0D1805-A61C-53C8-B1A5-0198EAE187A4','2013-06-16 20:30');
INSERT INTO user_has_user(user_a_id, user_b_id, date_time) VALUES('AFB755FC-10DB-15EB-EC9D-B4484CAD62F7','F52F2D7E-8635-A2BF-2348-72409DA2AD09','2013-06-11 20:30');
INSERT INTO user_has_user(user_a_id, user_b_id, date_time) VALUES('AFB755FC-10DB-15EB-EC9D-B4484CAD62F7','07714E18-8BFC-B7F4-E6AE-CD87616372D2','2013-06-13 20:30');
INSERT INTO user_has_user(user_a_id, user_b_id, date_time) VALUES('AFB755FC-10DB-15EB-EC9D-B4484CAD62F7','7D87FCF1-8A5D-F63C-6E0E-8064CBB22C3E','2013-06-24 16:00');
INSERT INTO user_has_user(user_a_id, user_b_id, date_time) VALUES('AFB755FC-10DB-15EB-EC9D-B4484CAD62F7','AC286A49-F1CE-0EA1-FFA1-D29104B0457C','2013-06-13 13:30');
INSERT INTO user_has_user(user_a_id, user_b_id, date_time) VALUES('AFB755FC-10DB-15EB-EC9D-B4484CAD62F7','D139564C-7CCC-71D9-4F4A-12F9757CC493','2013-06-19 16:00');
INSERT INTO user_has_user(user_a_id, user_b_id, date_time) VALUES('AFB755FC-10DB-15EB-EC9D-B4484CAD62F7','D1EEB861-148A-397D-5CFD-913DCB347117','2013-06-19 20:30');
INSERT INTO user_has_user(user_a_id, user_b_id, date_time) VALUES('AFB755FC-10DB-15EB-EC9D-B4484CAD62F7','6DFF963B-C24A-7BDD-891D-3CAEC7DC0EE5','2013-06-13 20:30');
INSERT INTO user_has_user(user_a_id, user_b_id, date_time) VALUES('AFB755FC-10DB-15EB-EC9D-B4484CAD62F7','AF21F654-CE8E-19F6-69DF-71FFCE2B40D2','2013-06-24 16:00');
INSERT INTO user_has_user(user_a_id, user_b_id, date_time) VALUES('AFB755FC-10DB-15EB-EC9D-B4484CAD62F7','583D79DE-154B-AEF2-2782-C0454FA06904','2013-06-17 13:30');
INSERT INTO user_has_user(user_a_id, user_b_id, date_time) VALUES('AFB755FC-10DB-15EB-EC9D-B4484CAD62F7','AEEE80F3-E057-25DB-1EFB-F54D729B610B','2013-06-17 13:30');
INSERT INTO user_has_user(user_a_id, user_b_id, date_time) VALUES('AFB755FC-10DB-15EB-EC9D-B4484CAD62F7','585C0703-BBFC-FCD7-97C9-03846622DC1D','2013-06-14 20:30');
INSERT INTO user_has_user(user_a_id, user_b_id, date_time) VALUES('AFB755FC-10DB-15EB-EC9D-B4484CAD62F7','5957EE61-E70A-68CE-6010-D9406192051D','2013-06-12 20:30');
INSERT INTO user_has_user(user_a_id, user_b_id, date_time) VALUES('AFB755FC-10DB-15EB-EC9D-B4484CAD62F7','FF8868A9-8291-5903-761A-5C7938E6487F','2013-06-23 20:30');
INSERT INTO user_has_user(user_a_id, user_b_id, date_time) VALUES('486AFE8A-3EA9-CE18-CF21-5360FBFBB4BD','7D43380E-E23D-30BB-542A-F3F6C64055C7','2013-06-13 16:00');
INSERT INTO user_has_user(user_a_id, user_b_id, date_time) VALUES('486AFE8A-3EA9-CE18-CF21-5360FBFBB4BD','116487B3-E1F3-187E-2607-F2B59F0530EB','2013-06-13 20:30');
INSERT INTO user_has_user(user_a_id, user_b_id, date_time) VALUES('486AFE8A-3EA9-CE18-CF21-5360FBFBB4BD','83AC0DF6-7043-DC24-08D9-2549BA3FFC80','2013-06-23 16:00');
INSERT INTO user_has_user(user_a_id, user_b_id, date_time) VALUES('486AFE8A-3EA9-CE18-CF21-5360FBFBB4BD','E703600E-348B-215B-1B10-45D888DA7A4B','2013-06-22 16:00');
INSERT INTO user_has_user(user_a_id, user_b_id, date_time) VALUES('486AFE8A-3EA9-CE18-CF21-5360FBFBB4BD','1110B745-985F-B124-CB2E-71B6912E07BB','2013-06-24 16:00');
INSERT INTO user_has_user(user_a_id, user_b_id, date_time) VALUES('486AFE8A-3EA9-CE18-CF21-5360FBFBB4BD','611E0189-717E-2F4F-D749-A78DEF80D697','2013-06-18 13:30');
INSERT INTO user_has_user(user_a_id, user_b_id, date_time) VALUES('486AFE8A-3EA9-CE18-CF21-5360FBFBB4BD','F291386A-0EFD-6E79-EE78-2630C70D8271','2013-06-23 16:00');
INSERT INTO user_has_user(user_a_id, user_b_id, date_time) VALUES('486AFE8A-3EA9-CE18-CF21-5360FBFBB4BD','424554F5-8AA4-7689-F987-A2F4448628AE','2013-06-19 13:30');

SET SQL_MODE=@OLD_SQL_MODE;
SET FOREIGN_KEY_CHECKS=@OLD_FOREIGN_KEY_CHECKS;
SET UNIQUE_CHECKS=@OLD_UNIQUE_CHECKS;

